sensor_id,datetime_from,datetime_to,timestamp_rollup,value,metric_name,units
26098,2022-12-31T23:00:00Z,2023-01-01T23:00:00Z,daily,18.5,pm10,µg/m³
26098,2023-01-01T23:00:00Z,2023-01-02T23:00:00Z,daily,27.6,pm10,µg/m³
26098,2023-01-02T23:00:00Z,2023-01-03T23:00:00Z,daily,20.8,pm10,µg/m³
26098,2023-01-03T23:00:00Z,2023-01-04T23:00:00Z,daily,28.9,pm10,µg/m³
26098,2023-01-04T23:00:00Z,2023-01-05T23:00:00Z,daily,8.26,pm10,µg/m³
26098,2023-01-05T23:00:00Z,2023-01-06T23:00:00Z,daily,17.5,pm10,µg/m³
26098,2023-01-06T23:00:00Z,2023-01-07T23:00:00Z,daily,31.3,pm10,µg/m³
26098,2023-01-07T23:00:00Z,2023-01-08T23:00:00Z,daily,30.4,pm10,µg/m³
26098,2023-01-08T23:00:00Z,2023-01-09T23:00:00Z,daily,35.5,pm10,µg/m³
26098,2023-01-09T23:00:00Z,2023-01-10T23:00:00Z,daily,39.5,pm10,µg/m³
26098,2023-01-10T23:00:00Z,2023-01-11T23:00:00Z,daily,26.6,pm10,µg/m³
26098,2023-01-15T23:00:00Z,2023-01-16T23:00:00Z,daily,24.4,pm10,µg/m³
26098,2023-01-16T23:00:00Z,2023-01-17T23:00:00Z,daily,26.9,pm10,µg/m³
26098,2023-01-17T23:00:00Z,2023-01-18T23:00:00Z,daily,28.0,pm10,µg/m³
26098,2023-01-18T23:00:00Z,2023-01-19T23:00:00Z,daily,33.4,pm10,µg/m³
26098,2023-01-19T23:00:00Z,2023-01-20T23:00:00Z,daily,25.9,pm10,µg/m³
26098,2023-01-20T23:00:00Z,2023-01-21T23:00:00Z,daily,14.1,pm10,µg/m³
26098,2023-01-21T23:00:00Z,2023-01-22T23:00:00Z,daily,24.2,pm10,µg/m³
26098,2023-01-22T23:00:00Z,2023-01-23T23:00:00Z,daily,32.8,pm10,µg/m³
26098,2023-01-23T23:00:00Z,2023-01-24T23:00:00Z,daily,40.9,pm10,µg/m³
26098,2023-01-24T23:00:00Z,2023-01-25T23:00:00Z,daily,38.2,pm10,µg/m³
26098,2023-01-25T23:00:00Z,2023-01-26T23:00:00Z,daily,39.5,pm10,µg/m³
26098,2023-01-26T23:00:00Z,2023-01-27T23:00:00Z,daily,43.9,pm10,µg/m³
26098,2023-01-27T23:00:00Z,2023-01-28T23:00:00Z,daily,22.0,pm10,µg/m³
26098,2023-01-28T23:00:00Z,2023-01-29T23:00:00Z,daily,25.8,pm10,µg/m³
26098,2023-01-29T23:00:00Z,2023-01-30T23:00:00Z,daily,22.0,pm10,µg/m³
26098,2023-01-30T23:00:00Z,2023-01-31T23:00:00Z,daily,15.4,pm10,µg/m³
26098,2023-01-31T23:00:00Z,2023-02-01T23:00:00Z,daily,10.7,pm10,µg/m³
26098,2023-02-01T23:00:00Z,2023-02-02T23:00:00Z,daily,13.1,pm10,µg/m³
26098,2023-02-13T23:00:00Z,2023-02-14T23:00:00Z,daily,27.7,pm10,µg/m³
26098,2023-02-14T23:00:00Z,2023-02-15T23:00:00Z,daily,33.1,pm10,µg/m³
26098,2023-03-18T23:00:00Z,2023-03-19T23:00:00Z,daily,40.8,pm10,µg/m³
26098,2023-03-19T23:00:00Z,2023-03-20T23:00:00Z,daily,65.6,pm10,µg/m³
26098,2023-03-20T23:00:00Z,2023-03-21T23:00:00Z,daily,23.5,pm10,µg/m³
26098,2023-03-21T23:00:00Z,2023-03-22T23:00:00Z,daily,32.3,pm10,µg/m³
26098,2023-03-23T23:00:00Z,2023-03-24T23:00:00Z,daily,20.3,pm10,µg/m³
26098,2023-03-24T23:00:00Z,2023-03-26T22:00:00Z,daily,15.3,pm10,µg/m³
26098,2023-03-25T23:00:00Z,2023-03-26T22:00:00Z,daily,12.2,pm10,µg/m³
26098,2023-03-26T22:00:00Z,2023-03-27T22:00:00Z,daily,19.7,pm10,µg/m³
26098,2023-03-27T22:00:00Z,2023-03-28T22:00:00Z,daily,18.1,pm10,µg/m³
26098,2023-03-28T22:00:00Z,2023-03-29T22:00:00Z,daily,19.3,pm10,µg/m³
26098,2023-03-29T22:00:00Z,2023-03-30T22:00:00Z,daily,35.6,pm10,µg/m³
26098,2023-03-30T22:00:00Z,2023-03-31T22:00:00Z,daily,18.9,pm10,µg/m³
26098,2023-03-31T22:00:00Z,2023-04-01T22:00:00Z,daily,15.4,pm10,µg/m³
26098,2023-04-01T22:00:00Z,2023-04-02T22:00:00Z,daily,12.0,pm10,µg/m³
26098,2023-04-02T22:00:00Z,2023-04-03T22:00:00Z,daily,7.01,pm10,µg/m³
26098,2023-04-03T22:00:00Z,2023-04-04T22:00:00Z,daily,16.0,pm10,µg/m³
26098,2023-04-04T22:00:00Z,2023-04-05T22:00:00Z,daily,31.4,pm10,µg/m³
26098,2023-04-05T22:00:00Z,2023-04-06T22:00:00Z,daily,18.1,pm10,µg/m³
26098,2023-04-06T22:00:00Z,2023-04-07T22:00:00Z,daily,24.6,pm10,µg/m³
26098,2023-04-07T22:00:00Z,2023-04-08T22:00:00Z,daily,19.1,pm10,µg/m³
26098,2023-04-08T22:00:00Z,2023-04-09T22:00:00Z,daily,20.7,pm10,µg/m³
26098,2023-04-09T22:00:00Z,2023-04-10T22:00:00Z,daily,25.5,pm10,µg/m³
26098,2023-04-10T22:00:00Z,2023-04-11T22:00:00Z,daily,28.7,pm10,µg/m³
26098,2023-04-11T22:00:00Z,2023-04-12T22:00:00Z,daily,30.7,pm10,µg/m³
26098,2023-04-12T22:00:00Z,2023-04-13T22:00:00Z,daily,48.8,pm10,µg/m³
26098,2023-04-13T22:00:00Z,2023-04-14T22:00:00Z,daily,31.7,pm10,µg/m³
26098,2023-04-14T22:00:00Z,2023-04-15T22:00:00Z,daily,9.05,pm10,µg/m³
26098,2023-04-15T22:00:00Z,2023-04-16T22:00:00Z,daily,18.4,pm10,µg/m³
26098,2023-04-16T22:00:00Z,2023-04-17T22:00:00Z,daily,22.2,pm10,µg/m³
26098,2023-04-18T22:00:00Z,2023-04-19T22:00:00Z,daily,23.9,pm10,µg/m³
26098,2023-04-19T22:00:00Z,2023-04-20T22:00:00Z,daily,39.3,pm10,µg/m³
26098,2023-04-20T22:00:00Z,2023-04-21T22:00:00Z,daily,31.1,pm10,µg/m³
26098,2023-04-21T22:00:00Z,2023-04-22T22:00:00Z,daily,44.8,pm10,µg/m³
26098,2023-04-22T22:00:00Z,2023-04-23T22:00:00Z,daily,25.5,pm10,µg/m³
26098,2023-04-23T22:00:00Z,2023-04-24T22:00:00Z,daily,47.6,pm10,µg/m³
26098,2023-04-25T22:00:00Z,2023-04-26T22:00:00Z,daily,17.7,pm10,µg/m³
26098,2023-04-26T22:00:00Z,2023-04-27T22:00:00Z,daily,26.2,pm10,µg/m³
26098,2023-04-27T22:00:00Z,2023-04-28T22:00:00Z,daily,35.4,pm10,µg/m³
26098,2023-04-28T22:00:00Z,2023-04-29T22:00:00Z,daily,28.8,pm10,µg/m³
26098,2023-04-29T22:00:00Z,2023-04-30T22:00:00Z,daily,20.3,pm10,µg/m³
26098,2023-04-30T22:00:00Z,2023-05-01T22:00:00Z,daily,16.6,pm10,µg/m³
26098,2023-05-01T22:00:00Z,2023-05-02T22:00:00Z,daily,24.8,pm10,µg/m³
26098,2023-05-02T22:00:00Z,2023-05-03T22:00:00Z,daily,15.7,pm10,µg/m³
26098,2023-05-03T22:00:00Z,2023-05-04T22:00:00Z,daily,27.6,pm10,µg/m³
26098,2023-05-04T22:00:00Z,2023-05-05T22:00:00Z,daily,28.2,pm10,µg/m³
26098,2023-05-05T22:00:00Z,2023-05-06T22:00:00Z,daily,21.3,pm10,µg/m³
26098,2023-05-06T22:00:00Z,2023-05-07T22:00:00Z,daily,10.0,pm10,µg/m³
26098,2023-05-07T22:00:00Z,2023-05-08T22:00:00Z,daily,23.3,pm10,µg/m³
26098,2023-05-09T22:00:00Z,2023-05-10T22:00:00Z,daily,22.3,pm10,µg/m³
26098,2023-05-10T22:00:00Z,2023-05-11T22:00:00Z,daily,23.5,pm10,µg/m³
26098,2023-05-11T22:00:00Z,2023-05-12T22:00:00Z,daily,32.8,pm10,µg/m³
26098,2023-05-12T22:00:00Z,2023-05-13T22:00:00Z,daily,59.9,pm10,µg/m³
26098,2023-05-13T22:00:00Z,2023-05-14T22:00:00Z,daily,57.2,pm10,µg/m³
26098,2023-05-15T22:00:00Z,2023-05-16T22:00:00Z,daily,19.1,pm10,µg/m³
26098,2023-05-16T22:00:00Z,2023-05-17T22:00:00Z,daily,21.5,pm10,µg/m³
26098,2023-05-17T22:00:00Z,2023-05-18T22:00:00Z,daily,11.2,pm10,µg/m³
26098,2023-05-18T22:00:00Z,2023-05-19T22:00:00Z,daily,20.8,pm10,µg/m³
26098,2023-05-19T22:00:00Z,2023-05-20T22:00:00Z,daily,28.2,pm10,µg/m³
26098,2023-05-20T22:00:00Z,2023-05-21T22:00:00Z,daily,22.0,pm10,µg/m³
26098,2023-05-21T22:00:00Z,2023-05-22T22:00:00Z,daily,29.3,pm10,µg/m³
26098,2023-05-23T22:00:00Z,2023-05-24T22:00:00Z,daily,44.1,pm10,µg/m³
26098,2023-05-24T22:00:00Z,2023-05-25T22:00:00Z,daily,42.9,pm10,µg/m³
26098,2023-05-25T22:00:00Z,2023-05-26T22:00:00Z,daily,26.8,pm10,µg/m³
26098,2023-05-27T22:00:00Z,2023-05-28T22:00:00Z,daily,21.8,pm10,µg/m³
26098,2023-05-28T22:00:00Z,2023-05-29T22:00:00Z,daily,30.4,pm10,µg/m³
26098,2023-05-29T22:00:00Z,2023-05-30T22:00:00Z,daily,19.7,pm10,µg/m³
26098,2023-05-30T22:00:00Z,2023-05-31T22:00:00Z,daily,24.5,pm10,µg/m³
26098,2023-05-31T22:00:00Z,2023-06-01T22:00:00Z,daily,32.5,pm10,µg/m³
26098,2023-06-01T22:00:00Z,2023-06-02T22:00:00Z,daily,23.4,pm10,µg/m³
26098,2023-06-02T22:00:00Z,2023-06-03T22:00:00Z,daily,13.0,pm10,µg/m³
26098,2023-06-03T22:00:00Z,2023-06-04T22:00:00Z,daily,15.1,pm10,µg/m³
26098,2023-06-04T22:00:00Z,2023-06-05T22:00:00Z,daily,23.3,pm10,µg/m³
26098,2023-06-06T22:00:00Z,2023-06-07T22:00:00Z,daily,35.7,pm10,µg/m³
26098,2023-06-07T22:00:00Z,2023-06-08T22:00:00Z,daily,27.4,pm10,µg/m³
26098,2023-06-08T22:00:00Z,2023-06-09T22:00:00Z,daily,33.9,pm10,µg/m³
26098,2023-06-09T22:00:00Z,2023-06-10T22:00:00Z,daily,33.5,pm10,µg/m³
26098,2023-06-10T22:00:00Z,2023-06-11T22:00:00Z,daily,26.3,pm10,µg/m³
26098,2023-06-11T22:00:00Z,2023-06-12T22:00:00Z,daily,25.7,pm10,µg/m³
26098,2023-06-12T22:00:00Z,2023-06-13T22:00:00Z,daily,13.3,pm10,µg/m³
26098,2023-06-13T22:00:00Z,2023-06-14T22:00:00Z,daily,24.2,pm10,µg/m³
26098,2023-06-15T22:00:00Z,2023-06-16T22:00:00Z,daily,37.0,pm10,µg/m³
26098,2023-06-17T22:00:00Z,2023-06-18T22:00:00Z,daily,26.4,pm10,µg/m³
26098,2023-06-18T22:00:00Z,2023-06-19T22:00:00Z,daily,23.1,pm10,µg/m³
26098,2023-06-19T22:00:00Z,2023-06-20T22:00:00Z,daily,38.9,pm10,µg/m³
26098,2023-06-20T22:00:00Z,2023-06-21T22:00:00Z,daily,32.1,pm10,µg/m³
26098,2023-06-21T22:00:00Z,2023-06-22T22:00:00Z,daily,31.4,pm10,µg/m³
26098,2023-06-28T22:00:00Z,2023-06-29T22:00:00Z,daily,24.2,pm10,µg/m³
26098,2023-06-29T22:00:00Z,2023-06-30T22:00:00Z,daily,20.2,pm10,µg/m³
26098,2023-06-30T22:00:00Z,2023-07-01T22:00:00Z,daily,21.7,pm10,µg/m³
26098,2023-07-01T22:00:00Z,2023-07-02T22:00:00Z,daily,26.4,pm10,µg/m³
26098,2023-07-02T22:00:00Z,2023-07-03T22:00:00Z,daily,27.5,pm10,µg/m³
26098,2023-07-03T22:00:00Z,2023-07-04T22:00:00Z,daily,33.0,pm10,µg/m³
26098,2023-07-05T22:00:00Z,2023-07-06T22:00:00Z,daily,26.4,pm10,µg/m³
26098,2023-07-06T22:00:00Z,2023-07-07T22:00:00Z,daily,28.6,pm10,µg/m³
26098,2023-07-07T22:00:00Z,2023-07-08T22:00:00Z,daily,22.5,pm10,µg/m³
26098,2023-07-08T22:00:00Z,2023-07-09T22:00:00Z,daily,14.0,pm10,µg/m³
26098,2023-07-09T22:00:00Z,2023-07-10T22:00:00Z,daily,20.5,pm10,µg/m³
26098,2023-07-10T22:00:00Z,2023-07-11T22:00:00Z,daily,14.7,pm10,µg/m³
26098,2023-07-12T22:00:00Z,2023-07-13T22:00:00Z,daily,27.1,pm10,µg/m³
26098,2023-07-16T22:00:00Z,2023-07-17T22:00:00Z,daily,18.5,pm10,µg/m³
26098,2023-07-17T22:00:00Z,2023-07-18T22:00:00Z,daily,13.5,pm10,µg/m³
26098,2023-07-18T22:00:00Z,2023-07-19T22:00:00Z,daily,15.8,pm10,µg/m³
26098,2023-07-19T22:00:00Z,2023-07-20T22:00:00Z,daily,13.4,pm10,µg/m³
26098,2023-07-20T22:00:00Z,2023-07-21T22:00:00Z,daily,16.0,pm10,µg/m³
26098,2023-07-21T22:00:00Z,2023-07-22T22:00:00Z,daily,19.7,pm10,µg/m³
26098,2023-07-22T22:00:00Z,2023-07-23T22:00:00Z,daily,21.2,pm10,µg/m³
26098,2023-07-23T22:00:00Z,2023-07-24T22:00:00Z,daily,20.2,pm10,µg/m³
26098,2023-07-24T22:00:00Z,2023-07-25T22:00:00Z,daily,20.0,pm10,µg/m³
26098,2023-07-25T22:00:00Z,2023-07-26T22:00:00Z,daily,18.7,pm10,µg/m³
26098,2023-07-26T22:00:00Z,2023-07-27T22:00:00Z,daily,10.9,pm10,µg/m³
26098,2023-07-27T22:00:00Z,2023-07-28T22:00:00Z,daily,15.1,pm10,µg/m³
26098,2023-07-28T22:00:00Z,2023-07-29T22:00:00Z,daily,15.7,pm10,µg/m³
26098,2023-07-29T22:00:00Z,2023-07-30T22:00:00Z,daily,13.9,pm10,µg/m³
26098,2023-07-30T22:00:00Z,2023-07-31T22:00:00Z,daily,13.5,pm10,µg/m³
26098,2023-07-31T22:00:00Z,2023-08-01T22:00:00Z,daily,15.7,pm10,µg/m³
26098,2023-08-01T22:00:00Z,2023-08-02T22:00:00Z,daily,13.8,pm10,µg/m³
26098,2023-08-02T22:00:00Z,2023-08-03T22:00:00Z,daily,11.1,pm10,µg/m³
26098,2023-08-03T22:00:00Z,2023-08-04T22:00:00Z,daily,11.2,pm10,µg/m³
26098,2023-08-04T22:00:00Z,2023-08-05T22:00:00Z,daily,20.1,pm10,µg/m³
26098,2023-08-05T22:00:00Z,2023-08-06T22:00:00Z,daily,19.0,pm10,µg/m³
26098,2023-08-06T22:00:00Z,2023-08-07T22:00:00Z,daily,9.22,pm10,µg/m³
26098,2023-08-07T22:00:00Z,2023-08-08T22:00:00Z,daily,12.2,pm10,µg/m³
26098,2023-08-08T22:00:00Z,2023-08-09T22:00:00Z,daily,11.2,pm10,µg/m³
26098,2023-08-09T22:00:00Z,2023-08-10T22:00:00Z,daily,23.8,pm10,µg/m³
26098,2023-08-10T22:00:00Z,2023-08-11T22:00:00Z,daily,20.0,pm10,µg/m³
26098,2023-08-11T22:00:00Z,2023-08-12T22:00:00Z,daily,21.5,pm10,µg/m³
26098,2023-08-12T22:00:00Z,2023-08-13T22:00:00Z,daily,22.5,pm10,µg/m³
26098,2023-08-13T22:00:00Z,2023-08-14T22:00:00Z,daily,33.3,pm10,µg/m³
26098,2023-08-14T22:00:00Z,2023-08-15T22:00:00Z,daily,22.6,pm10,µg/m³
26098,2023-08-15T22:00:00Z,2023-08-16T22:00:00Z,daily,38.8,pm10,µg/m³
26098,2023-08-16T22:00:00Z,2023-08-17T22:00:00Z,daily,33.5,pm10,µg/m³
26098,2023-08-17T22:00:00Z,2023-08-18T22:00:00Z,daily,20.9,pm10,µg/m³
26098,2023-08-23T22:00:00Z,2023-08-24T22:00:00Z,daily,23.7,pm10,µg/m³
26098,2023-08-24T22:00:00Z,2023-08-25T22:00:00Z,daily,35.2,pm10,µg/m³
26098,2023-08-25T22:00:00Z,2023-08-26T22:00:00Z,daily,19.2,pm10,µg/m³
26098,2023-08-26T22:00:00Z,2023-08-27T22:00:00Z,daily,21.2,pm10,µg/m³
26098,2023-08-27T22:00:00Z,2023-08-28T22:00:00Z,daily,18.6,pm10,µg/m³
26098,2023-08-28T22:00:00Z,2023-08-29T22:00:00Z,daily,22.6,pm10,µg/m³
26098,2023-08-29T22:00:00Z,2023-08-30T22:00:00Z,daily,25.3,pm10,µg/m³
26098,2023-08-30T22:00:00Z,2023-08-31T22:00:00Z,daily,12.8,pm10,µg/m³
26098,2023-08-31T22:00:00Z,2023-09-01T22:00:00Z,daily,13.9,pm10,µg/m³
26098,2023-09-01T22:00:00Z,2023-09-02T22:00:00Z,daily,20.9,pm10,µg/m³
26098,2023-09-02T22:00:00Z,2023-09-03T22:00:00Z,daily,18.0,pm10,µg/m³
26098,2023-09-03T22:00:00Z,2023-09-04T22:00:00Z,daily,19.5,pm10,µg/m³
26098,2023-09-04T22:00:00Z,2023-09-05T22:00:00Z,daily,23.3,pm10,µg/m³
26098,2023-09-05T22:00:00Z,2023-09-06T22:00:00Z,daily,30.5,pm10,µg/m³
26098,2023-09-06T22:00:00Z,2023-09-07T22:00:00Z,daily,37.1,pm10,µg/m³
26098,2023-09-07T22:00:00Z,2023-09-08T22:00:00Z,daily,36.4,pm10,µg/m³
26098,2023-09-08T22:00:00Z,2023-09-09T22:00:00Z,daily,50.1,pm10,µg/m³
26098,2023-09-09T22:00:00Z,2023-09-10T22:00:00Z,daily,45.0,pm10,µg/m³
26098,2023-09-10T22:00:00Z,2023-09-11T22:00:00Z,daily,44.1,pm10,µg/m³
26098,2023-09-11T22:00:00Z,2023-09-12T22:00:00Z,daily,54.0,pm10,µg/m³
26098,2023-09-12T22:00:00Z,2023-09-13T22:00:00Z,daily,55.4,pm10,µg/m³
26098,2023-09-13T22:00:00Z,2023-09-14T22:00:00Z,daily,18.6,pm10,µg/m³
26098,2023-09-14T22:00:00Z,2023-09-15T22:00:00Z,daily,14.8,pm10,µg/m³
26098,2023-09-15T22:00:00Z,2023-09-16T22:00:00Z,daily,19.5,pm10,µg/m³
26098,2023-09-16T22:00:00Z,2023-09-17T22:00:00Z,daily,27.8,pm10,µg/m³
26098,2023-09-17T22:00:00Z,2023-09-18T22:00:00Z,daily,24.2,pm10,µg/m³
26098,2023-09-18T22:00:00Z,2023-09-19T22:00:00Z,daily,24.8,pm10,µg/m³
26098,2023-09-19T22:00:00Z,2023-09-20T22:00:00Z,daily,20.3,pm10,µg/m³
26098,2023-09-20T22:00:00Z,2023-09-21T22:00:00Z,daily,20.9,pm10,µg/m³
26098,2023-09-21T22:00:00Z,2023-09-22T22:00:00Z,daily,23.7,pm10,µg/m³
26098,2023-09-22T22:00:00Z,2023-09-23T22:00:00Z,daily,18.5,pm10,µg/m³
26098,2023-09-23T22:00:00Z,2023-09-24T22:00:00Z,daily,11.3,pm10,µg/m³
26098,2023-09-24T22:00:00Z,2023-09-25T22:00:00Z,daily,13.3,pm10,µg/m³
26098,2023-09-25T22:00:00Z,2023-09-26T22:00:00Z,daily,34.3,pm10,µg/m³
26098,2023-09-26T22:00:00Z,2023-09-27T22:00:00Z,daily,50.3,pm10,µg/m³
26098,2023-09-27T22:00:00Z,2023-09-28T22:00:00Z,daily,48.4,pm10,µg/m³
26098,2023-09-28T22:00:00Z,2023-09-29T22:00:00Z,daily,46.5,pm10,µg/m³
26098,2023-09-29T22:00:00Z,2023-09-30T22:00:00Z,daily,24.3,pm10,µg/m³
26098,2023-09-30T22:00:00Z,2023-10-01T22:00:00Z,daily,15.0,pm10,µg/m³
26098,2023-10-01T22:00:00Z,2023-10-02T22:00:00Z,daily,22.6,pm10,µg/m³
26098,2023-10-02T22:00:00Z,2023-10-03T22:00:00Z,daily,23.6,pm10,µg/m³
26098,2023-10-03T22:00:00Z,2023-10-04T22:00:00Z,daily,12.5,pm10,µg/m³
26098,2023-10-04T22:00:00Z,2023-10-05T22:00:00Z,daily,15.7,pm10,µg/m³
26098,2023-10-05T22:00:00Z,2023-10-06T22:00:00Z,daily,16.6,pm10,µg/m³
26098,2023-10-06T22:00:00Z,2023-10-07T22:00:00Z,daily,10.8,pm10,µg/m³
26098,2023-10-07T22:00:00Z,2023-10-08T22:00:00Z,daily,11.6,pm10,µg/m³
26098,2023-10-08T22:00:00Z,2023-10-09T22:00:00Z,daily,18.5,pm10,µg/m³
26098,2023-10-09T22:00:00Z,2023-10-10T22:00:00Z,daily,30.9,pm10,µg/m³
26098,2023-10-10T22:00:00Z,2023-10-11T22:00:00Z,daily,32.4,pm10,µg/m³
26098,2023-10-11T22:00:00Z,2023-10-12T22:00:00Z,daily,21.5,pm10,µg/m³
26098,2023-10-12T22:00:00Z,2023-10-13T22:00:00Z,daily,26.8,pm10,µg/m³
26098,2023-10-13T22:00:00Z,2023-10-14T22:00:00Z,daily,27.4,pm10,µg/m³
26098,2023-10-14T22:00:00Z,2023-10-15T22:00:00Z,daily,10.0,pm10,µg/m³
26098,2023-10-15T22:00:00Z,2023-10-16T22:00:00Z,daily,8.76,pm10,µg/m³
26098,2023-10-26T22:00:00Z,2023-10-27T22:00:00Z,daily,18.4,pm10,µg/m³
26098,2023-10-28T22:00:00Z,2023-10-29T23:00:00Z,daily,25.1,pm10,µg/m³
26098,2023-10-29T23:00:00Z,2023-10-30T23:00:00Z,daily,21.7,pm10,µg/m³
26098,2023-10-30T23:00:00Z,2023-10-31T23:00:00Z,daily,22.2,pm10,µg/m³
26098,2023-10-31T23:00:00Z,2023-11-01T23:00:00Z,daily,6.96,pm10,µg/m³
26098,2023-11-01T23:00:00Z,2023-11-02T23:00:00Z,daily,23.1,pm10,µg/m³
26098,2023-11-02T23:00:00Z,2023-11-03T23:00:00Z,daily,12.0,pm10,µg/m³
26098,2023-11-03T23:00:00Z,2023-11-04T23:00:00Z,daily,9.68,pm10,µg/m³
26098,2023-11-04T23:00:00Z,2023-11-05T23:00:00Z,daily,22.1,pm10,µg/m³
26098,2023-11-05T23:00:00Z,2023-11-06T23:00:00Z,daily,8.95,pm10,µg/m³
26098,2023-11-06T23:00:00Z,2023-11-07T23:00:00Z,daily,15.3,pm10,µg/m³
26098,2023-11-07T23:00:00Z,2023-11-08T23:00:00Z,daily,24.0,pm10,µg/m³
26098,2023-11-08T23:00:00Z,2023-11-09T23:00:00Z,daily,22.7,pm10,µg/m³
26098,2023-11-09T23:00:00Z,2023-11-10T23:00:00Z,daily,20.2,pm10,µg/m³
26098,2023-11-10T23:00:00Z,2023-11-11T23:00:00Z,daily,35.1,pm10,µg/m³
26098,2023-11-11T23:00:00Z,2023-11-12T23:00:00Z,daily,30.2,pm10,µg/m³
26098,2023-11-12T23:00:00Z,2023-11-13T23:00:00Z,daily,25.4,pm10,µg/m³
26098,2023-11-13T23:00:00Z,2023-11-14T23:00:00Z,daily,18.9,pm10,µg/m³
26098,2023-11-14T23:00:00Z,2023-11-15T23:00:00Z,daily,12.7,pm10,µg/m³
26098,2023-11-15T23:00:00Z,2023-11-16T23:00:00Z,daily,28.6,pm10,µg/m³
26098,2023-11-16T23:00:00Z,2023-11-17T23:00:00Z,daily,21.0,pm10,µg/m³
26098,2023-11-17T23:00:00Z,2023-11-18T23:00:00Z,daily,16.9,pm10,µg/m³
26098,2023-11-18T23:00:00Z,2023-11-19T23:00:00Z,daily,25.8,pm10,µg/m³
26098,2023-11-19T23:00:00Z,2023-11-20T23:00:00Z,daily,17.9,pm10,µg/m³
26098,2023-11-20T23:00:00Z,2023-11-21T23:00:00Z,daily,27.2,pm10,µg/m³
26098,2023-11-21T23:00:00Z,2023-11-22T23:00:00Z,daily,23.5,pm10,µg/m³
26098,2023-11-22T23:00:00Z,2023-11-23T23:00:00Z,daily,16.3,pm10,µg/m³
26098,2023-11-23T23:00:00Z,2023-11-24T23:00:00Z,daily,8.4,pm10,µg/m³
26098,2023-11-24T23:00:00Z,2023-11-25T23:00:00Z,daily,7.93,pm10,µg/m³
26098,2023-11-25T23:00:00Z,2023-11-26T23:00:00Z,daily,11.0,pm10,µg/m³
26098,2023-11-26T23:00:00Z,2023-11-27T23:00:00Z,daily,26.7,pm10,µg/m³
26098,2023-11-27T23:00:00Z,2023-11-28T23:00:00Z,daily,42.5,pm10,µg/m³
26098,2023-11-28T23:00:00Z,2023-11-29T23:00:00Z,daily,31.6,pm10,µg/m³
26098,2023-11-29T23:00:00Z,2023-11-30T23:00:00Z,daily,47.8,pm10,µg/m³
26098,2023-11-30T23:00:00Z,2023-12-01T23:00:00Z,daily,57.1,pm10,µg/m³
26098,2023-12-01T23:00:00Z,2023-12-02T23:00:00Z,daily,51.2,pm10,µg/m³
26098,2023-12-02T23:00:00Z,2023-12-03T23:00:00Z,daily,27.9,pm10,µg/m³
26098,2023-12-03T23:00:00Z,2023-12-04T23:00:00Z,daily,33.9,pm10,µg/m³
26098,2023-12-04T23:00:00Z,2023-12-05T23:00:00Z,daily,53.5,pm10,µg/m³
26098,2023-12-05T23:00:00Z,2023-12-06T23:00:00Z,daily,39.7,pm10,µg/m³
26098,2023-12-06T23:00:00Z,2023-12-07T23:00:00Z,daily,35.1,pm10,µg/m³
26098,2023-12-07T23:00:00Z,2023-12-08T23:00:00Z,daily,36.6,pm10,µg/m³
26098,2023-12-08T23:00:00Z,2023-12-09T23:00:00Z,daily,47.9,pm10,µg/m³
26098,2023-12-09T23:00:00Z,2023-12-10T23:00:00Z,daily,43.0,pm10,µg/m³
26098,2023-12-10T23:00:00Z,2023-12-11T23:00:00Z,daily,28.0,pm10,µg/m³
26098,2023-12-11T23:00:00Z,2023-12-12T23:00:00Z,daily,29.2,pm10,µg/m³
26098,2023-12-13T23:00:00Z,2023-12-14T23:00:00Z,daily,24.1,pm10,µg/m³
26098,2023-12-14T23:00:00Z,2023-12-15T23:00:00Z,daily,24.2,pm10,µg/m³
26098,2023-12-15T23:00:00Z,2023-12-16T23:00:00Z,daily,24.1,pm10,µg/m³
26098,2023-12-16T23:00:00Z,2023-12-17T23:00:00Z,daily,23.8,pm10,µg/m³
26098,2023-12-17T23:00:00Z,2023-12-18T23:00:00Z,daily,21.7,pm10,µg/m³
26098,2023-12-18T23:00:00Z,2023-12-19T23:00:00Z,daily,18.5,pm10,µg/m³
26098,2023-12-19T23:00:00Z,2023-12-20T23:00:00Z,daily,14.5,pm10,µg/m³
26098,2023-12-20T23:00:00Z,2023-12-21T23:00:00Z,daily,9.02,pm10,µg/m³
26098,2023-12-21T23:00:00Z,2023-12-22T23:00:00Z,daily,6.85,pm10,µg/m³
26098,2023-12-23T23:00:00Z,2023-12-24T23:00:00Z,daily,6.9,pm10,µg/m³
26098,2023-12-24T23:00:00Z,2023-12-25T23:00:00Z,daily,4.88,pm10,µg/m³
26098,2023-12-25T23:00:00Z,2023-12-26T23:00:00Z,daily,6.5,pm10,µg/m³
26098,2023-12-26T23:00:00Z,2023-12-27T23:00:00Z,daily,16.4,pm10,µg/m³
26098,2023-12-27T23:00:00Z,2023-12-28T23:00:00Z,daily,20.5,pm10,µg/m³
26098,2023-12-28T23:00:00Z,2023-12-29T23:00:00Z,daily,16.6,pm10,µg/m³
26098,2023-12-29T23:00:00Z,2023-12-30T23:00:00Z,daily,6.18,pm10,µg/m³
26099,2022-12-31T23:00:00Z,2023-01-01T23:00:00Z,daily,13.9,pm25,µg/m³
26099,2023-01-01T23:00:00Z,2023-01-02T23:00:00Z,daily,22.0,pm25,µg/m³
26099,2023-01-02T23:00:00Z,2023-01-03T23:00:00Z,daily,12.5,pm25,µg/m³
26099,2023-01-03T23:00:00Z,2023-01-04T23:00:00Z,daily,24.8,pm25,µg/m³
26099,2023-01-04T23:00:00Z,2023-01-05T23:00:00Z,daily,6.71,pm25,µg/m³
26099,2023-01-05T23:00:00Z,2023-01-06T23:00:00Z,daily,16.7,pm25,µg/m³
26099,2023-01-06T23:00:00Z,2023-01-07T23:00:00Z,daily,28.2,pm25,µg/m³
26099,2023-01-07T23:00:00Z,2023-01-08T23:00:00Z,daily,28.8,pm25,µg/m³
26099,2023-01-08T23:00:00Z,2023-01-09T23:00:00Z,daily,33.0,pm25,µg/m³
26099,2023-01-09T23:00:00Z,2023-01-10T23:00:00Z,daily,34.6,pm25,µg/m³
26099,2023-01-10T23:00:00Z,2023-01-11T23:00:00Z,daily,22.9,pm25,µg/m³
26099,2023-01-15T23:00:00Z,2023-01-16T23:00:00Z,daily,23.5,pm25,µg/m³
26099,2023-01-16T23:00:00Z,2023-01-17T23:00:00Z,daily,24.3,pm25,µg/m³
26099,2023-01-17T23:00:00Z,2023-01-18T23:00:00Z,daily,26.8,pm25,µg/m³
26099,2023-01-18T23:00:00Z,2023-01-19T23:00:00Z,daily,31.4,pm25,µg/m³
26099,2023-01-19T23:00:00Z,2023-01-20T23:00:00Z,daily,24.7,pm25,µg/m³
26099,2023-01-20T23:00:00Z,2023-01-21T23:00:00Z,daily,13.6,pm25,µg/m³
26099,2023-01-21T23:00:00Z,2023-01-22T23:00:00Z,daily,23.5,pm25,µg/m³
26099,2023-01-22T23:00:00Z,2023-01-23T23:00:00Z,daily,30.4,pm25,µg/m³
26099,2023-01-23T23:00:00Z,2023-01-24T23:00:00Z,daily,37.4,pm25,µg/m³
26099,2023-01-24T23:00:00Z,2023-01-25T23:00:00Z,daily,33.9,pm25,µg/m³
26099,2023-01-25T23:00:00Z,2023-01-26T23:00:00Z,daily,35.1,pm25,µg/m³
26099,2023-01-26T23:00:00Z,2023-01-27T23:00:00Z,daily,38.6,pm25,µg/m³
26099,2023-01-27T23:00:00Z,2023-01-28T23:00:00Z,daily,21.2,pm25,µg/m³
26099,2023-01-28T23:00:00Z,2023-01-29T23:00:00Z,daily,24.7,pm25,µg/m³
26099,2023-01-29T23:00:00Z,2023-01-30T23:00:00Z,daily,20.8,pm25,µg/m³
26099,2023-01-30T23:00:00Z,2023-01-31T23:00:00Z,daily,12.6,pm25,µg/m³
26099,2023-01-31T23:00:00Z,2023-02-01T23:00:00Z,daily,9.49,pm25,µg/m³
26099,2023-02-01T23:00:00Z,2023-02-02T23:00:00Z,daily,12.6,pm25,µg/m³
26099,2023-02-13T23:00:00Z,2023-02-14T23:00:00Z,daily,25.4,pm25,µg/m³
26099,2023-02-14T23:00:00Z,2023-02-15T23:00:00Z,daily,30.5,pm25,µg/m³
26099,2023-03-18T23:00:00Z,2023-03-19T23:00:00Z,daily,31.2,pm25,µg/m³
26099,2023-03-19T23:00:00Z,2023-03-20T23:00:00Z,daily,51.2,pm25,µg/m³
26099,2023-03-20T23:00:00Z,2023-03-21T23:00:00Z,daily,19.7,pm25,µg/m³
26099,2023-03-21T23:00:00Z,2023-03-22T23:00:00Z,daily,27.6,pm25,µg/m³
26099,2023-03-23T23:00:00Z,2023-03-24T23:00:00Z,daily,16.1,pm25,µg/m³
26099,2023-03-24T23:00:00Z,2023-03-26T22:00:00Z,daily,13.6,pm25,µg/m³
26099,2023-03-25T23:00:00Z,2023-03-26T22:00:00Z,daily,11.2,pm25,µg/m³
26099,2023-03-26T22:00:00Z,2023-03-27T22:00:00Z,daily,13.8,pm25,µg/m³
26099,2023-03-27T22:00:00Z,2023-03-28T22:00:00Z,daily,14.8,pm25,µg/m³
26099,2023-03-28T22:00:00Z,2023-03-29T22:00:00Z,daily,13.7,pm25,µg/m³
26099,2023-03-29T22:00:00Z,2023-03-30T22:00:00Z,daily,25.9,pm25,µg/m³
26099,2023-03-30T22:00:00Z,2023-03-31T22:00:00Z,daily,16.6,pm25,µg/m³
26099,2023-03-31T22:00:00Z,2023-04-01T22:00:00Z,daily,14.3,pm25,µg/m³
26099,2023-04-01T22:00:00Z,2023-04-02T22:00:00Z,daily,11.4,pm25,µg/m³
26099,2023-04-02T22:00:00Z,2023-04-03T22:00:00Z,daily,5.39,pm25,µg/m³
26099,2023-04-03T22:00:00Z,2023-04-04T22:00:00Z,daily,10.3,pm25,µg/m³
26099,2023-04-04T22:00:00Z,2023-04-05T22:00:00Z,daily,23.0,pm25,µg/m³
26099,2023-04-05T22:00:00Z,2023-04-06T22:00:00Z,daily,17.2,pm25,µg/m³
26099,2023-04-06T22:00:00Z,2023-04-07T22:00:00Z,daily,21.9,pm25,µg/m³
26099,2023-04-07T22:00:00Z,2023-04-08T22:00:00Z,daily,17.2,pm25,µg/m³
26099,2023-04-08T22:00:00Z,2023-04-09T22:00:00Z,daily,18.6,pm25,µg/m³
26099,2023-04-09T22:00:00Z,2023-04-10T22:00:00Z,daily,22.0,pm25,µg/m³
26099,2023-04-10T22:00:00Z,2023-04-11T22:00:00Z,daily,23.1,pm25,µg/m³
26099,2023-04-11T22:00:00Z,2023-04-12T22:00:00Z,daily,24.3,pm25,µg/m³
26099,2023-04-12T22:00:00Z,2023-04-13T22:00:00Z,daily,38.0,pm25,µg/m³
26099,2023-04-13T22:00:00Z,2023-04-14T22:00:00Z,daily,21.9,pm25,µg/m³
26099,2023-04-14T22:00:00Z,2023-04-15T22:00:00Z,daily,8.2,pm25,µg/m³
26099,2023-04-15T22:00:00Z,2023-04-16T22:00:00Z,daily,16.7,pm25,µg/m³
26099,2023-04-16T22:00:00Z,2023-04-17T22:00:00Z,daily,18.1,pm25,µg/m³
26099,2023-04-18T22:00:00Z,2023-04-19T22:00:00Z,daily,19.7,pm25,µg/m³
26099,2023-04-19T22:00:00Z,2023-04-20T22:00:00Z,daily,22.1,pm25,µg/m³
26099,2023-04-20T22:00:00Z,2023-04-21T22:00:00Z,daily,17.0,pm25,µg/m³
26099,2023-04-21T22:00:00Z,2023-04-22T22:00:00Z,daily,28.8,pm25,µg/m³
26099,2023-04-22T22:00:00Z,2023-04-23T22:00:00Z,daily,17.5,pm25,µg/m³
26099,2023-04-23T22:00:00Z,2023-04-24T22:00:00Z,daily,22.4,pm25,µg/m³
26099,2023-04-25T22:00:00Z,2023-04-26T22:00:00Z,daily,10.3,pm25,µg/m³
26099,2023-04-26T22:00:00Z,2023-04-27T22:00:00Z,daily,19.3,pm25,µg/m³
26099,2023-04-27T22:00:00Z,2023-04-28T22:00:00Z,daily,24.9,pm25,µg/m³
26099,2023-04-28T22:00:00Z,2023-04-29T22:00:00Z,daily,19.8,pm25,µg/m³
26099,2023-04-29T22:00:00Z,2023-04-30T22:00:00Z,daily,14.0,pm25,µg/m³
26099,2023-04-30T22:00:00Z,2023-05-01T22:00:00Z,daily,10.7,pm25,µg/m³
26099,2023-05-01T22:00:00Z,2023-05-02T22:00:00Z,daily,16.2,pm25,µg/m³
26099,2023-05-02T22:00:00Z,2023-05-03T22:00:00Z,daily,9.06,pm25,µg/m³
26099,2023-05-03T22:00:00Z,2023-05-04T22:00:00Z,daily,15.6,pm25,µg/m³
26099,2023-05-04T22:00:00Z,2023-05-05T22:00:00Z,daily,13.9,pm25,µg/m³
26099,2023-05-05T22:00:00Z,2023-05-06T22:00:00Z,daily,10.8,pm25,µg/m³
26099,2023-05-06T22:00:00Z,2023-05-07T22:00:00Z,daily,6.86,pm25,µg/m³
26099,2023-05-07T22:00:00Z,2023-05-08T22:00:00Z,daily,18.7,pm25,µg/m³
26099,2023-05-09T22:00:00Z,2023-05-10T22:00:00Z,daily,10.6,pm25,µg/m³
26099,2023-05-10T22:00:00Z,2023-05-11T22:00:00Z,daily,9.74,pm25,µg/m³
26099,2023-05-11T22:00:00Z,2023-05-12T22:00:00Z,daily,12.6,pm25,µg/m³
26099,2023-05-12T22:00:00Z,2023-05-13T22:00:00Z,daily,43.4,pm25,µg/m³
26099,2023-05-13T22:00:00Z,2023-05-14T22:00:00Z,daily,46.9,pm25,µg/m³
26099,2023-05-15T22:00:00Z,2023-05-16T22:00:00Z,daily,12.7,pm25,µg/m³
26099,2023-05-16T22:00:00Z,2023-05-17T22:00:00Z,daily,17.2,pm25,µg/m³
26099,2023-05-17T22:00:00Z,2023-05-18T22:00:00Z,daily,5.91,pm25,µg/m³
26099,2023-05-18T22:00:00Z,2023-05-19T22:00:00Z,daily,14.8,pm25,µg/m³
26099,2023-05-19T22:00:00Z,2023-05-20T22:00:00Z,daily,14.3,pm25,µg/m³
26099,2023-05-20T22:00:00Z,2023-05-21T22:00:00Z,daily,10.8,pm25,µg/m³
26099,2023-05-21T22:00:00Z,2023-05-22T22:00:00Z,daily,13.7,pm25,µg/m³
26099,2023-05-23T22:00:00Z,2023-05-24T22:00:00Z,daily,23.1,pm25,µg/m³
26099,2023-05-24T22:00:00Z,2023-05-25T22:00:00Z,daily,31.2,pm25,µg/m³
26099,2023-05-25T22:00:00Z,2023-05-26T22:00:00Z,daily,13.4,pm25,µg/m³
26099,2023-05-27T22:00:00Z,2023-05-28T22:00:00Z,daily,8.14,pm25,µg/m³
26099,2023-05-28T22:00:00Z,2023-05-29T22:00:00Z,daily,11.7,pm25,µg/m³
26099,2023-05-29T22:00:00Z,2023-05-30T22:00:00Z,daily,6.57,pm25,µg/m³
26099,2023-05-30T22:00:00Z,2023-05-31T22:00:00Z,daily,6.65,pm25,µg/m³
26099,2023-05-31T22:00:00Z,2023-06-01T22:00:00Z,daily,10.2,pm25,µg/m³
26099,2023-06-01T22:00:00Z,2023-06-02T22:00:00Z,daily,14.0,pm25,µg/m³
26099,2023-06-02T22:00:00Z,2023-06-03T22:00:00Z,daily,4.3,pm25,µg/m³
26099,2023-06-03T22:00:00Z,2023-06-04T22:00:00Z,daily,6.11,pm25,µg/m³
26099,2023-06-04T22:00:00Z,2023-06-05T22:00:00Z,daily,8.29,pm25,µg/m³
26099,2023-06-06T22:00:00Z,2023-06-07T22:00:00Z,daily,14.7,pm25,µg/m³
26099,2023-06-07T22:00:00Z,2023-06-08T22:00:00Z,daily,17.5,pm25,µg/m³
26099,2023-06-08T22:00:00Z,2023-06-09T22:00:00Z,daily,19.0,pm25,µg/m³
26099,2023-06-09T22:00:00Z,2023-06-10T22:00:00Z,daily,15.8,pm25,µg/m³
26099,2023-06-10T22:00:00Z,2023-06-11T22:00:00Z,daily,9.84,pm25,µg/m³
26099,2023-06-11T22:00:00Z,2023-06-12T22:00:00Z,daily,7.28,pm25,µg/m³
26099,2023-06-12T22:00:00Z,2023-06-13T22:00:00Z,daily,11.1,pm25,µg/m³
26099,2023-06-13T22:00:00Z,2023-06-14T22:00:00Z,daily,14.6,pm25,µg/m³
26099,2023-06-15T22:00:00Z,2023-06-16T22:00:00Z,daily,29.5,pm25,µg/m³
26099,2023-06-17T22:00:00Z,2023-06-18T22:00:00Z,daily,22.8,pm25,µg/m³
26099,2023-06-18T22:00:00Z,2023-06-19T22:00:00Z,daily,16.4,pm25,µg/m³
26099,2023-06-19T22:00:00Z,2023-06-20T22:00:00Z,daily,19.6,pm25,µg/m³
26099,2023-06-20T22:00:00Z,2023-06-21T22:00:00Z,daily,23.1,pm25,µg/m³
26099,2023-06-21T22:00:00Z,2023-06-22T22:00:00Z,daily,18.5,pm25,µg/m³
26099,2023-06-28T22:00:00Z,2023-06-29T22:00:00Z,daily,9.84,pm25,µg/m³
26099,2023-06-29T22:00:00Z,2023-06-30T22:00:00Z,daily,11.3,pm25,µg/m³
26099,2023-06-30T22:00:00Z,2023-07-01T22:00:00Z,daily,15.7,pm25,µg/m³
26099,2023-07-01T22:00:00Z,2023-07-02T22:00:00Z,daily,12.9,pm25,µg/m³
26099,2023-07-02T22:00:00Z,2023-07-03T22:00:00Z,daily,13.9,pm25,µg/m³
26099,2023-07-03T22:00:00Z,2023-07-04T22:00:00Z,daily,18.7,pm25,µg/m³
26099,2023-07-05T22:00:00Z,2023-07-06T22:00:00Z,daily,11.8,pm25,µg/m³
26099,2023-07-06T22:00:00Z,2023-07-07T22:00:00Z,daily,17.6,pm25,µg/m³
26099,2023-07-07T22:00:00Z,2023-07-08T22:00:00Z,daily,12.3,pm25,µg/m³
26099,2023-07-08T22:00:00Z,2023-07-09T22:00:00Z,daily,8.47,pm25,µg/m³
26099,2023-07-09T22:00:00Z,2023-07-10T22:00:00Z,daily,8.57,pm25,µg/m³
26099,2023-07-10T22:00:00Z,2023-07-11T22:00:00Z,daily,7.13,pm25,µg/m³
26099,2023-07-12T22:00:00Z,2023-07-13T22:00:00Z,daily,15.1,pm25,µg/m³
26099,2023-07-16T22:00:00Z,2023-07-17T22:00:00Z,daily,13.5,pm25,µg/m³
26099,2023-07-17T22:00:00Z,2023-07-18T22:00:00Z,daily,7.75,pm25,µg/m³
26099,2023-07-18T22:00:00Z,2023-07-19T22:00:00Z,daily,7.24,pm25,µg/m³
26099,2023-07-19T22:00:00Z,2023-07-20T22:00:00Z,daily,9.96,pm25,µg/m³
26099,2023-07-20T22:00:00Z,2023-07-21T22:00:00Z,daily,9.75,pm25,µg/m³
26099,2023-07-21T22:00:00Z,2023-07-22T22:00:00Z,daily,13.4,pm25,µg/m³
26099,2023-07-22T22:00:00Z,2023-07-23T22:00:00Z,daily,11.4,pm25,µg/m³
26099,2023-07-23T22:00:00Z,2023-07-24T22:00:00Z,daily,9.54,pm25,µg/m³
26099,2023-07-24T22:00:00Z,2023-07-25T22:00:00Z,daily,9.94,pm25,µg/m³
26099,2023-07-25T22:00:00Z,2023-07-26T22:00:00Z,daily,10.7,pm25,µg/m³
26099,2023-07-26T22:00:00Z,2023-07-27T22:00:00Z,daily,7.11,pm25,µg/m³
26099,2023-07-27T22:00:00Z,2023-07-28T22:00:00Z,daily,10.4,pm25,µg/m³
26099,2023-07-28T22:00:00Z,2023-07-29T22:00:00Z,daily,11.0,pm25,µg/m³
26099,2023-07-29T22:00:00Z,2023-07-30T22:00:00Z,daily,9.08,pm25,µg/m³
26099,2023-07-30T22:00:00Z,2023-07-31T22:00:00Z,daily,7.55,pm25,µg/m³
26099,2023-07-31T22:00:00Z,2023-08-01T22:00:00Z,daily,8.61,pm25,µg/m³
26099,2023-08-01T22:00:00Z,2023-08-02T22:00:00Z,daily,7.81,pm25,µg/m³
26099,2023-08-02T22:00:00Z,2023-08-03T22:00:00Z,daily,6.21,pm25,µg/m³
26099,2023-08-03T22:00:00Z,2023-08-04T22:00:00Z,daily,4.02,pm25,µg/m³
26099,2023-08-04T22:00:00Z,2023-08-05T22:00:00Z,daily,13.9,pm25,µg/m³
26099,2023-08-05T22:00:00Z,2023-08-06T22:00:00Z,daily,12.8,pm25,µg/m³
26099,2023-08-06T22:00:00Z,2023-08-07T22:00:00Z,daily,4.86,pm25,µg/m³
26099,2023-08-07T22:00:00Z,2023-08-08T22:00:00Z,daily,6.14,pm25,µg/m³
26099,2023-08-08T22:00:00Z,2023-08-09T22:00:00Z,daily,7.66,pm25,µg/m³
26099,2023-08-09T22:00:00Z,2023-08-10T22:00:00Z,daily,15.5,pm25,µg/m³
26099,2023-08-10T22:00:00Z,2023-08-11T22:00:00Z,daily,11.2,pm25,µg/m³
26099,2023-08-11T22:00:00Z,2023-08-12T22:00:00Z,daily,11.3,pm25,µg/m³
26099,2023-08-12T22:00:00Z,2023-08-13T22:00:00Z,daily,13.5,pm25,µg/m³
26099,2023-08-13T22:00:00Z,2023-08-14T22:00:00Z,daily,19.6,pm25,µg/m³
26099,2023-08-14T22:00:00Z,2023-08-15T22:00:00Z,daily,13.5,pm25,µg/m³
26099,2023-08-15T22:00:00Z,2023-08-16T22:00:00Z,daily,18.2,pm25,µg/m³
26099,2023-08-16T22:00:00Z,2023-08-17T22:00:00Z,daily,17.0,pm25,µg/m³
26099,2023-08-17T22:00:00Z,2023-08-18T22:00:00Z,daily,14.6,pm25,µg/m³
26099,2023-08-23T22:00:00Z,2023-08-24T22:00:00Z,daily,14.4,pm25,µg/m³
26099,2023-08-24T22:00:00Z,2023-08-25T22:00:00Z,daily,22.2,pm25,µg/m³
26099,2023-08-25T22:00:00Z,2023-08-26T22:00:00Z,daily,14.0,pm25,µg/m³
26099,2023-08-26T22:00:00Z,2023-08-27T22:00:00Z,daily,16.8,pm25,µg/m³
26099,2023-08-27T22:00:00Z,2023-08-28T22:00:00Z,daily,13.6,pm25,µg/m³
26099,2023-08-28T22:00:00Z,2023-08-29T22:00:00Z,daily,14.7,pm25,µg/m³
26099,2023-08-29T22:00:00Z,2023-08-30T22:00:00Z,daily,20.3,pm25,µg/m³
26099,2023-08-30T22:00:00Z,2023-08-31T22:00:00Z,daily,9.72,pm25,µg/m³
26099,2023-08-31T22:00:00Z,2023-09-01T22:00:00Z,daily,8.63,pm25,µg/m³
26099,2023-09-01T22:00:00Z,2023-09-02T22:00:00Z,daily,14.9,pm25,µg/m³
26099,2023-09-02T22:00:00Z,2023-09-03T22:00:00Z,daily,13.6,pm25,µg/m³
26099,2023-09-03T22:00:00Z,2023-09-04T22:00:00Z,daily,12.2,pm25,µg/m³
26099,2023-09-04T22:00:00Z,2023-09-05T22:00:00Z,daily,13.4,pm25,µg/m³
26099,2023-09-05T22:00:00Z,2023-09-06T22:00:00Z,daily,15.5,pm25,µg/m³
26099,2023-09-06T22:00:00Z,2023-09-07T22:00:00Z,daily,21.3,pm25,µg/m³
26099,2023-09-07T22:00:00Z,2023-09-08T22:00:00Z,daily,22.4,pm25,µg/m³
26099,2023-09-08T22:00:00Z,2023-09-09T22:00:00Z,daily,31.1,pm25,µg/m³
26099,2023-09-09T22:00:00Z,2023-09-10T22:00:00Z,daily,26.0,pm25,µg/m³
26099,2023-09-10T22:00:00Z,2023-09-11T22:00:00Z,daily,25.9,pm25,µg/m³
26099,2023-09-11T22:00:00Z,2023-09-12T22:00:00Z,daily,32.7,pm25,µg/m³
26099,2023-09-12T22:00:00Z,2023-09-13T22:00:00Z,daily,31.2,pm25,µg/m³
26099,2023-09-13T22:00:00Z,2023-09-14T22:00:00Z,daily,11.6,pm25,µg/m³
26099,2023-09-14T22:00:00Z,2023-09-15T22:00:00Z,daily,6.11,pm25,µg/m³
26099,2023-09-15T22:00:00Z,2023-09-16T22:00:00Z,daily,9.12,pm25,µg/m³
26099,2023-09-16T22:00:00Z,2023-09-17T22:00:00Z,daily,14.6,pm25,µg/m³
26099,2023-09-17T22:00:00Z,2023-09-18T22:00:00Z,daily,15.5,pm25,µg/m³
26099,2023-09-18T22:00:00Z,2023-09-19T22:00:00Z,daily,18.6,pm25,µg/m³
26099,2023-09-19T22:00:00Z,2023-09-20T22:00:00Z,daily,12.9,pm25,µg/m³
26099,2023-09-20T22:00:00Z,2023-09-21T22:00:00Z,daily,12.9,pm25,µg/m³
26099,2023-09-21T22:00:00Z,2023-09-22T22:00:00Z,daily,13.5,pm25,µg/m³
26099,2023-09-22T22:00:00Z,2023-09-23T22:00:00Z,daily,14.8,pm25,µg/m³
26099,2023-09-23T22:00:00Z,2023-09-24T22:00:00Z,daily,8.31,pm25,µg/m³
26099,2023-09-24T22:00:00Z,2023-09-25T22:00:00Z,daily,7.7,pm25,µg/m³
26099,2023-09-25T22:00:00Z,2023-09-26T22:00:00Z,daily,23.9,pm25,µg/m³
26099,2023-09-26T22:00:00Z,2023-09-27T22:00:00Z,daily,27.8,pm25,µg/m³
26099,2023-09-27T22:00:00Z,2023-09-28T22:00:00Z,daily,27.2,pm25,µg/m³
26099,2023-09-28T22:00:00Z,2023-09-29T22:00:00Z,daily,26.2,pm25,µg/m³
26099,2023-09-29T22:00:00Z,2023-09-30T22:00:00Z,daily,15.0,pm25,µg/m³
26099,2023-09-30T22:00:00Z,2023-10-01T22:00:00Z,daily,9.48,pm25,µg/m³
26099,2023-10-01T22:00:00Z,2023-10-02T22:00:00Z,daily,13.6,pm25,µg/m³
26099,2023-10-02T22:00:00Z,2023-10-03T22:00:00Z,daily,13.4,pm25,µg/m³
26099,2023-10-03T22:00:00Z,2023-10-04T22:00:00Z,daily,7.87,pm25,µg/m³
26099,2023-10-04T22:00:00Z,2023-10-05T22:00:00Z,daily,11.1,pm25,µg/m³
26099,2023-10-05T22:00:00Z,2023-10-06T22:00:00Z,daily,13.4,pm25,µg/m³
26099,2023-10-06T22:00:00Z,2023-10-07T22:00:00Z,daily,7.89,pm25,µg/m³
26099,2023-10-07T22:00:00Z,2023-10-08T22:00:00Z,daily,5.96,pm25,µg/m³
26099,2023-10-08T22:00:00Z,2023-10-09T22:00:00Z,daily,14.0,pm25,µg/m³
26099,2023-10-09T22:00:00Z,2023-10-10T22:00:00Z,daily,27.5,pm25,µg/m³
26099,2023-10-10T22:00:00Z,2023-10-11T22:00:00Z,daily,28.8,pm25,µg/m³
26099,2023-10-11T22:00:00Z,2023-10-12T22:00:00Z,daily,12.7,pm25,µg/m³
26099,2023-10-12T22:00:00Z,2023-10-13T22:00:00Z,daily,20.5,pm25,µg/m³
26099,2023-10-13T22:00:00Z,2023-10-14T22:00:00Z,daily,15.2,pm25,µg/m³
26099,2023-10-14T22:00:00Z,2023-10-15T22:00:00Z,daily,7.52,pm25,µg/m³
26099,2023-10-15T22:00:00Z,2023-10-16T22:00:00Z,daily,5.67,pm25,µg/m³
26099,2023-10-26T22:00:00Z,2023-10-27T22:00:00Z,daily,14.7,pm25,µg/m³
26099,2023-10-28T22:00:00Z,2023-10-29T23:00:00Z,daily,20.5,pm25,µg/m³
26099,2023-10-29T23:00:00Z,2023-10-30T23:00:00Z,daily,16.2,pm25,µg/m³
26099,2023-10-30T23:00:00Z,2023-10-31T23:00:00Z,daily,17.1,pm25,µg/m³
26099,2023-10-31T23:00:00Z,2023-11-01T23:00:00Z,daily,5.3,pm25,µg/m³
26099,2023-11-01T23:00:00Z,2023-11-02T23:00:00Z,daily,20.0,pm25,µg/m³
26099,2023-11-02T23:00:00Z,2023-11-03T23:00:00Z,daily,7.76,pm25,µg/m³
26099,2023-11-03T23:00:00Z,2023-11-04T23:00:00Z,daily,8.45,pm25,µg/m³
26099,2023-11-04T23:00:00Z,2023-11-05T23:00:00Z,daily,20.4,pm25,µg/m³
26099,2023-11-05T23:00:00Z,2023-11-06T23:00:00Z,daily,5.85,pm25,µg/m³
26099,2023-11-06T23:00:00Z,2023-11-07T23:00:00Z,daily,11.9,pm25,µg/m³
26099,2023-11-07T23:00:00Z,2023-11-08T23:00:00Z,daily,20.6,pm25,µg/m³
26099,2023-11-08T23:00:00Z,2023-11-09T23:00:00Z,daily,20.3,pm25,µg/m³
26099,2023-11-09T23:00:00Z,2023-11-10T23:00:00Z,daily,15.4,pm25,µg/m³
26099,2023-11-10T23:00:00Z,2023-11-11T23:00:00Z,daily,31.5,pm25,µg/m³
26099,2023-11-11T23:00:00Z,2023-11-12T23:00:00Z,daily,28.2,pm25,µg/m³
26099,2023-11-12T23:00:00Z,2023-11-13T23:00:00Z,daily,23.4,pm25,µg/m³
26099,2023-11-13T23:00:00Z,2023-11-14T23:00:00Z,daily,16.7,pm25,µg/m³
26099,2023-11-14T23:00:00Z,2023-11-15T23:00:00Z,daily,10.9,pm25,µg/m³
26099,2023-11-15T23:00:00Z,2023-11-16T23:00:00Z,daily,25.4,pm25,µg/m³
26099,2023-11-16T23:00:00Z,2023-11-17T23:00:00Z,daily,19.6,pm25,µg/m³
26099,2023-11-17T23:00:00Z,2023-11-18T23:00:00Z,daily,16.2,pm25,µg/m³
26099,2023-11-18T23:00:00Z,2023-11-19T23:00:00Z,daily,24.7,pm25,µg/m³
26099,2023-11-19T23:00:00Z,2023-11-20T23:00:00Z,daily,17.3,pm25,µg/m³
26099,2023-11-20T23:00:00Z,2023-11-21T23:00:00Z,daily,25.9,pm25,µg/m³
26099,2023-11-21T23:00:00Z,2023-11-22T23:00:00Z,daily,19.8,pm25,µg/m³
26099,2023-11-22T23:00:00Z,2023-11-23T23:00:00Z,daily,15.5,pm25,µg/m³
26099,2023-11-23T23:00:00Z,2023-11-24T23:00:00Z,daily,5.58,pm25,µg/m³
26099,2023-11-24T23:00:00Z,2023-11-25T23:00:00Z,daily,7.55,pm25,µg/m³
26099,2023-11-25T23:00:00Z,2023-11-26T23:00:00Z,daily,10.5,pm25,µg/m³
26099,2023-11-26T23:00:00Z,2023-11-27T23:00:00Z,daily,24.9,pm25,µg/m³
26099,2023-11-27T23:00:00Z,2023-11-28T23:00:00Z,daily,40.1,pm25,µg/m³
26099,2023-11-28T23:00:00Z,2023-11-29T23:00:00Z,daily,29.9,pm25,µg/m³
26099,2023-11-29T23:00:00Z,2023-11-30T23:00:00Z,daily,45.0,pm25,µg/m³
26099,2023-11-30T23:00:00Z,2023-12-01T23:00:00Z,daily,50.3,pm25,µg/m³
26099,2023-12-01T23:00:00Z,2023-12-02T23:00:00Z,daily,47.5,pm25,µg/m³
26099,2023-12-02T23:00:00Z,2023-12-03T23:00:00Z,daily,26.8,pm25,µg/m³
26099,2023-12-03T23:00:00Z,2023-12-04T23:00:00Z,daily,32.2,pm25,µg/m³
26099,2023-12-04T23:00:00Z,2023-12-05T23:00:00Z,daily,50.6,pm25,µg/m³
26099,2023-12-05T23:00:00Z,2023-12-06T23:00:00Z,daily,37.0,pm25,µg/m³
26099,2023-12-06T23:00:00Z,2023-12-07T23:00:00Z,daily,32.6,pm25,µg/m³
26099,2023-12-07T23:00:00Z,2023-12-08T23:00:00Z,daily,34.9,pm25,µg/m³
26099,2023-12-08T23:00:00Z,2023-12-09T23:00:00Z,daily,45.6,pm25,µg/m³
26099,2023-12-09T23:00:00Z,2023-12-10T23:00:00Z,daily,41.7,pm25,µg/m³
26099,2023-12-10T23:00:00Z,2023-12-11T23:00:00Z,daily,26.8,pm25,µg/m³
26099,2023-12-11T23:00:00Z,2023-12-12T23:00:00Z,daily,26.3,pm25,µg/m³
26099,2023-12-13T23:00:00Z,2023-12-14T23:00:00Z,daily,22.1,pm25,µg/m³
26099,2023-12-14T23:00:00Z,2023-12-15T23:00:00Z,daily,23.1,pm25,µg/m³
26099,2023-12-15T23:00:00Z,2023-12-16T23:00:00Z,daily,22.7,pm25,µg/m³
26099,2023-12-16T23:00:00Z,2023-12-17T23:00:00Z,daily,22.3,pm25,µg/m³
26099,2023-12-17T23:00:00Z,2023-12-18T23:00:00Z,daily,20.7,pm25,µg/m³
26099,2023-12-18T23:00:00Z,2023-12-19T23:00:00Z,daily,17.0,pm25,µg/m³
26099,2023-12-19T23:00:00Z,2023-12-20T23:00:00Z,daily,13.9,pm25,µg/m³
26099,2023-12-20T23:00:00Z,2023-12-21T23:00:00Z,daily,8.54,pm25,µg/m³
26099,2023-12-21T23:00:00Z,2023-12-22T23:00:00Z,daily,5.44,pm25,µg/m³
26099,2023-12-23T23:00:00Z,2023-12-24T23:00:00Z,daily,6.42,pm25,µg/m³
26099,2023-12-24T23:00:00Z,2023-12-25T23:00:00Z,daily,3.86,pm25,µg/m³
26099,2023-12-25T23:00:00Z,2023-12-26T23:00:00Z,daily,5.9,pm25,µg/m³
26099,2023-12-26T23:00:00Z,2023-12-27T23:00:00Z,daily,14.5,pm25,µg/m³
26099,2023-12-27T23:00:00Z,2023-12-28T23:00:00Z,daily,18.9,pm25,µg/m³
26099,2023-12-28T23:00:00Z,2023-12-29T23:00:00Z,daily,15.5,pm25,µg/m³
26099,2023-12-29T23:00:00Z,2023-12-30T23:00:00Z,daily,5.67,pm25,µg/m³
35053,2022-12-31T23:00:00Z,2023-01-01T23:00:00Z,daily,45.6,o3,µg/m³
35053,2023-01-01T23:00:00Z,2023-01-02T23:00:00Z,daily,27.0,o3,µg/m³
35053,2023-01-02T23:00:00Z,2023-01-03T23:00:00Z,daily,46.1,o3,µg/m³
35053,2023-01-03T23:00:00Z,2023-01-04T23:00:00Z,daily,35.1,o3,µg/m³
35053,2023-01-04T23:00:00Z,2023-01-05T23:00:00Z,daily,46.7,o3,µg/m³
35053,2023-01-05T23:00:00Z,2023-01-06T23:00:00Z,daily,50.4,o3,µg/m³
35053,2023-01-06T23:00:00Z,2023-01-07T23:00:00Z,daily,23.6,o3,µg/m³
35053,2023-01-07T23:00:00Z,2023-01-08T23:00:00Z,daily,34.5,o3,µg/m³
35053,2023-01-08T23:00:00Z,2023-01-09T23:00:00Z,daily,19.2,o3,µg/m³
35053,2023-01-09T23:00:00Z,2023-01-10T23:00:00Z,daily,14.2,o3,µg/m³
35053,2023-01-10T23:00:00Z,2023-01-11T23:00:00Z,daily,32.4,o3,µg/m³
35053,2023-01-15T23:00:00Z,2023-01-16T23:00:00Z,daily,39.4,o3,µg/m³
35053,2023-01-16T23:00:00Z,2023-01-17T23:00:00Z,daily,27.9,o3,µg/m³
35053,2023-01-17T23:00:00Z,2023-01-18T23:00:00Z,daily,23.7,o3,µg/m³
35053,2023-01-18T23:00:00Z,2023-01-19T23:00:00Z,daily,22.6,o3,µg/m³
35053,2023-01-19T23:00:00Z,2023-01-20T23:00:00Z,daily,30.4,o3,µg/m³
35053,2023-01-20T23:00:00Z,2023-01-21T23:00:00Z,daily,34.4,o3,µg/m³
35053,2023-01-21T23:00:00Z,2023-01-22T23:00:00Z,daily,28.1,o3,µg/m³
35053,2023-01-22T23:00:00Z,2023-01-23T23:00:00Z,daily,10.7,o3,µg/m³
35053,2023-01-23T23:00:00Z,2023-01-24T23:00:00Z,daily,7.36,o3,µg/m³
35053,2023-01-24T23:00:00Z,2023-01-25T23:00:00Z,daily,41.8,o3,µg/m³
35053,2023-01-25T23:00:00Z,2023-01-26T23:00:00Z,daily,35.7,o3,µg/m³
35053,2023-01-26T23:00:00Z,2023-01-27T23:00:00Z,daily,24.2,o3,µg/m³
35053,2023-01-27T23:00:00Z,2023-01-28T23:00:00Z,daily,25.2,o3,µg/m³
35053,2023-01-28T23:00:00Z,2023-01-29T23:00:00Z,daily,50.0,o3,µg/m³
35053,2023-01-29T23:00:00Z,2023-01-30T23:00:00Z,daily,45.4,o3,µg/m³
35053,2023-01-30T23:00:00Z,2023-01-31T23:00:00Z,daily,52.8,o3,µg/m³
35053,2023-01-31T23:00:00Z,2023-02-01T23:00:00Z,daily,58.4,o3,µg/m³
35053,2023-02-01T23:00:00Z,2023-02-02T23:00:00Z,daily,56.6,o3,µg/m³
35053,2023-02-13T23:00:00Z,2023-02-14T23:00:00Z,daily,47.5,o3,µg/m³
35053,2023-02-14T23:00:00Z,2023-02-15T23:00:00Z,daily,46.3,o3,µg/m³
35053,2023-02-15T23:00:00Z,2023-02-16T23:00:00Z,daily,24.4,o3,µg/m³
35053,2023-03-18T23:00:00Z,2023-03-19T23:00:00Z,daily,49.2,o3,µg/m³
35053,2023-03-19T23:00:00Z,2023-03-20T23:00:00Z,daily,34.4,o3,µg/m³
35053,2023-03-20T23:00:00Z,2023-03-21T23:00:00Z,daily,28.8,o3,µg/m³
35053,2023-03-21T23:00:00Z,2023-03-22T23:00:00Z,daily,35.4,o3,µg/m³
35053,2023-03-22T23:00:00Z,2023-03-23T23:00:00Z,daily,45.7,o3,µg/m³
35053,2023-03-23T23:00:00Z,2023-03-24T23:00:00Z,daily,53.7,o3,µg/m³
35053,2023-03-24T23:00:00Z,2023-03-26T22:00:00Z,daily,57.5,o3,µg/m³
35053,2023-03-25T23:00:00Z,2023-03-26T22:00:00Z,daily,60.3,o3,µg/m³
35053,2023-03-26T22:00:00Z,2023-03-27T22:00:00Z,daily,49.8,o3,µg/m³
35053,2023-03-27T22:00:00Z,2023-03-28T22:00:00Z,daily,51.8,o3,µg/m³
35053,2023-03-28T22:00:00Z,2023-03-29T22:00:00Z,daily,59.0,o3,µg/m³
35053,2023-03-29T22:00:00Z,2023-03-30T22:00:00Z,daily,53.4,o3,µg/m³
35053,2023-03-30T22:00:00Z,2023-03-31T22:00:00Z,daily,60.8,o3,µg/m³
35053,2023-03-31T22:00:00Z,2023-04-01T22:00:00Z,daily,52.2,o3,µg/m³
35053,2023-04-01T22:00:00Z,2023-04-02T22:00:00Z,daily,52.9,o3,µg/m³
35053,2023-04-02T22:00:00Z,2023-04-03T22:00:00Z,daily,75.9,o3,µg/m³
35053,2023-04-03T22:00:00Z,2023-04-04T22:00:00Z,daily,65.8,o3,µg/m³
35053,2023-04-04T22:00:00Z,2023-04-05T22:00:00Z,daily,38.3,o3,µg/m³
35053,2023-04-05T22:00:00Z,2023-04-06T22:00:00Z,daily,44.9,o3,µg/m³
35053,2023-04-06T22:00:00Z,2023-04-07T22:00:00Z,daily,32.5,o3,µg/m³
35053,2023-04-07T22:00:00Z,2023-04-08T22:00:00Z,daily,65.1,o3,µg/m³
35053,2023-04-08T22:00:00Z,2023-04-09T22:00:00Z,daily,62.8,o3,µg/m³
35053,2023-04-09T22:00:00Z,2023-04-10T22:00:00Z,daily,58.3,o3,µg/m³
35053,2023-04-10T22:00:00Z,2023-04-11T22:00:00Z,daily,58.7,o3,µg/m³
35053,2023-04-11T22:00:00Z,2023-04-12T22:00:00Z,daily,56.8,o3,µg/m³
35053,2023-04-12T22:00:00Z,2023-04-13T22:00:00Z,daily,5.98,o3,µg/m³
35053,2023-04-13T22:00:00Z,2023-04-14T22:00:00Z,daily,41.0,o3,µg/m³
35053,2023-04-14T22:00:00Z,2023-04-15T22:00:00Z,daily,58.5,o3,µg/m³
35053,2023-04-15T22:00:00Z,2023-04-16T22:00:00Z,daily,57.6,o3,µg/m³
35053,2023-04-16T22:00:00Z,2023-04-17T22:00:00Z,daily,44.6,o3,µg/m³
35053,2023-04-17T22:00:00Z,2023-04-18T22:00:00Z,daily,49.7,o3,µg/m³
35053,2023-04-18T22:00:00Z,2023-04-19T22:00:00Z,daily,52.3,o3,µg/m³
35053,2023-04-19T22:00:00Z,2023-04-20T22:00:00Z,daily,91.4,o3,µg/m³
35053,2023-04-20T22:00:00Z,2023-04-21T22:00:00Z,daily,62.5,o3,µg/m³
35053,2023-04-21T22:00:00Z,2023-04-22T22:00:00Z,daily,11.9,o3,µg/m³
35053,2023-04-22T22:00:00Z,2023-04-23T22:00:00Z,daily,63.8,o3,µg/m³
35053,2023-04-23T22:00:00Z,2023-04-24T22:00:00Z,daily,61.5,o3,µg/m³
35053,2023-04-25T22:00:00Z,2023-04-26T22:00:00Z,daily,48.2,o3,µg/m³
35053,2023-04-26T22:00:00Z,2023-04-27T22:00:00Z,daily,31.1,o3,µg/m³
35053,2023-04-27T22:00:00Z,2023-04-28T22:00:00Z,daily,56.0,o3,µg/m³
35053,2023-04-28T22:00:00Z,2023-04-29T22:00:00Z,daily,64.1,o3,µg/m³
35053,2023-04-29T22:00:00Z,2023-04-30T22:00:00Z,daily,54.9,o3,µg/m³
35053,2023-04-30T22:00:00Z,2023-05-01T22:00:00Z,daily,58.8,o3,µg/m³
35053,2023-05-01T22:00:00Z,2023-05-02T22:00:00Z,daily,56.6,o3,µg/m³
35053,2023-05-02T22:00:00Z,2023-05-03T22:00:00Z,daily,45.3,o3,µg/m³
35053,2023-05-03T22:00:00Z,2023-05-04T22:00:00Z,daily,22.2,o3,µg/m³
35053,2023-05-04T22:00:00Z,2023-05-05T22:00:00Z,daily,62.3,o3,µg/m³
35053,2023-05-05T22:00:00Z,2023-05-06T22:00:00Z,daily,48.5,o3,µg/m³
35053,2023-05-06T22:00:00Z,2023-05-07T22:00:00Z,daily,54.2,o3,µg/m³
35053,2023-05-07T22:00:00Z,2023-05-08T22:00:00Z,daily,9.11,o3,µg/m³
35053,2023-05-09T22:00:00Z,2023-05-10T22:00:00Z,daily,56.4,o3,µg/m³
35053,2023-05-10T22:00:00Z,2023-05-11T22:00:00Z,daily,58.1,o3,µg/m³
35053,2023-05-11T22:00:00Z,2023-05-12T22:00:00Z,daily,51.6,o3,µg/m³
35053,2023-05-12T22:00:00Z,2023-05-13T22:00:00Z,daily,22.5,o3,µg/m³
35053,2023-05-13T22:00:00Z,2023-05-14T22:00:00Z,daily,2.3,o3,µg/m³
35053,2023-05-15T22:00:00Z,2023-05-16T22:00:00Z,daily,44.8,o3,µg/m³
35053,2023-05-16T22:00:00Z,2023-05-17T22:00:00Z,daily,12.5,o3,µg/m³
35053,2023-05-17T22:00:00Z,2023-05-18T22:00:00Z,daily,35.5,o3,µg/m³
35053,2023-05-18T22:00:00Z,2023-05-19T22:00:00Z,daily,34.3,o3,µg/m³
35053,2023-05-19T22:00:00Z,2023-05-20T22:00:00Z,daily,59.8,o3,µg/m³
35053,2023-05-20T22:00:00Z,2023-05-21T22:00:00Z,daily,71.3,o3,µg/m³
35053,2023-05-21T22:00:00Z,2023-05-22T22:00:00Z,daily,52.8,o3,µg/m³
35053,2023-05-22T22:00:00Z,2023-05-23T22:00:00Z,daily,5.9,o3,µg/m³
35053,2023-05-23T22:00:00Z,2023-05-24T22:00:00Z,daily,29.1,o3,µg/m³
35053,2023-05-24T22:00:00Z,2023-05-25T22:00:00Z,daily,14.2,o3,µg/m³
35053,2023-05-25T22:00:00Z,2023-05-26T22:00:00Z,daily,63.4,o3,µg/m³
35053,2023-05-27T22:00:00Z,2023-05-28T22:00:00Z,daily,65.1,o3,µg/m³
35053,2023-05-28T22:00:00Z,2023-05-29T22:00:00Z,daily,24.9,o3,µg/m³
35053,2023-05-29T22:00:00Z,2023-05-30T22:00:00Z,daily,86.9,o3,µg/m³
35053,2023-05-30T22:00:00Z,2023-05-31T22:00:00Z,daily,84.9,o3,µg/m³
35053,2023-05-31T22:00:00Z,2023-06-01T22:00:00Z,daily,86.1,o3,µg/m³
35053,2023-06-01T22:00:00Z,2023-06-02T22:00:00Z,daily,70.5,o3,µg/m³
35053,2023-06-02T22:00:00Z,2023-06-03T22:00:00Z,daily,66.2,o3,µg/m³
35053,2023-06-03T22:00:00Z,2023-06-04T22:00:00Z,daily,65.5,o3,µg/m³
35053,2023-06-04T22:00:00Z,2023-06-05T22:00:00Z,daily,68.3,o3,µg/m³
35053,2023-06-05T22:00:00Z,2023-06-06T22:00:00Z,daily,12.2,o3,µg/m³
35053,2023-06-06T22:00:00Z,2023-06-07T22:00:00Z,daily,72.9,o3,µg/m³
35053,2023-06-07T22:00:00Z,2023-06-08T22:00:00Z,daily,77.5,o3,µg/m³
35053,2023-06-08T22:00:00Z,2023-06-09T22:00:00Z,daily,76.6,o3,µg/m³
35053,2023-06-09T22:00:00Z,2023-06-10T22:00:00Z,daily,86.3,o3,µg/m³
35053,2023-06-10T22:00:00Z,2023-06-11T22:00:00Z,daily,76.8,o3,µg/m³
35053,2023-06-11T22:00:00Z,2023-06-12T22:00:00Z,daily,79.2,o3,µg/m³
35053,2023-06-12T22:00:00Z,2023-06-13T22:00:00Z,daily,44.5,o3,µg/m³
35053,2023-06-13T22:00:00Z,2023-06-14T22:00:00Z,daily,51.8,o3,µg/m³
35053,2023-06-14T22:00:00Z,2023-06-15T22:00:00Z,daily,15.1,o3,µg/m³
35053,2023-06-15T22:00:00Z,2023-06-16T22:00:00Z,daily,20.5,o3,µg/m³
35053,2023-06-16T22:00:00Z,2023-06-17T22:00:00Z,daily,99.2,o3,µg/m³
35053,2023-06-17T22:00:00Z,2023-06-18T22:00:00Z,daily,58.8,o3,µg/m³
35053,2023-06-18T22:00:00Z,2023-06-19T22:00:00Z,daily,81.4,o3,µg/m³
35053,2023-06-19T22:00:00Z,2023-06-20T22:00:00Z,daily,120.0,o3,µg/m³
35053,2023-06-20T22:00:00Z,2023-06-21T22:00:00Z,daily,84.9,o3,µg/m³
35053,2023-06-21T22:00:00Z,2023-06-22T22:00:00Z,daily,72.4,o3,µg/m³
35053,2023-06-23T22:00:00Z,2023-06-24T22:00:00Z,daily,75.5,o3,µg/m³
35053,2023-06-24T22:00:00Z,2023-06-25T22:00:00Z,daily,26.9,o3,µg/m³
35053,2023-06-25T22:00:00Z,2023-06-26T22:00:00Z,daily,68.0,o3,µg/m³
35053,2023-06-26T22:00:00Z,2023-06-27T22:00:00Z,daily,67.2,o3,µg/m³
35053,2023-06-27T22:00:00Z,2023-06-28T22:00:00Z,daily,46.4,o3,µg/m³
35053,2023-06-28T22:00:00Z,2023-06-29T22:00:00Z,daily,93.5,o3,µg/m³
35053,2023-06-29T22:00:00Z,2023-06-30T22:00:00Z,daily,83.7,o3,µg/m³
35053,2023-06-30T22:00:00Z,2023-07-01T22:00:00Z,daily,73.6,o3,µg/m³
35053,2023-07-01T22:00:00Z,2023-07-02T22:00:00Z,daily,70.2,o3,µg/m³
35053,2023-07-02T22:00:00Z,2023-07-03T22:00:00Z,daily,84.1,o3,µg/m³
35053,2023-07-03T22:00:00Z,2023-07-04T22:00:00Z,daily,95.2,o3,µg/m³
35053,2023-07-04T22:00:00Z,2023-07-05T22:00:00Z,daily,8.0,o3,µg/m³
35053,2023-07-05T22:00:00Z,2023-07-06T22:00:00Z,daily,68.9,o3,µg/m³
35053,2023-07-06T22:00:00Z,2023-07-07T22:00:00Z,daily,21.5,o3,µg/m³
35053,2023-07-07T22:00:00Z,2023-07-08T22:00:00Z,daily,75.1,o3,µg/m³
35053,2023-07-08T22:00:00Z,2023-07-09T22:00:00Z,daily,80.9,o3,µg/m³
35053,2023-07-09T22:00:00Z,2023-07-10T22:00:00Z,daily,61.8,o3,µg/m³
35053,2023-07-10T22:00:00Z,2023-07-11T22:00:00Z,daily,87.7,o3,µg/m³
35053,2023-07-11T22:00:00Z,2023-07-12T22:00:00Z,daily,95.3,o3,µg/m³
35053,2023-07-12T22:00:00Z,2023-07-13T22:00:00Z,daily,70.3,o3,µg/m³
35053,2023-07-16T22:00:00Z,2023-07-17T22:00:00Z,daily,84.6,o3,µg/m³
35053,2023-07-17T22:00:00Z,2023-07-18T22:00:00Z,daily,62.7,o3,µg/m³
35053,2023-07-18T22:00:00Z,2023-07-19T22:00:00Z,daily,64.2,o3,µg/m³
35053,2023-07-19T22:00:00Z,2023-07-20T22:00:00Z,daily,61.2,o3,µg/m³
35053,2023-07-20T22:00:00Z,2023-07-21T22:00:00Z,daily,36.7,o3,µg/m³
35053,2023-07-21T22:00:00Z,2023-07-22T22:00:00Z,daily,68.7,o3,µg/m³
35053,2023-07-22T22:00:00Z,2023-07-23T22:00:00Z,daily,68.2,o3,µg/m³
35053,2023-07-23T22:00:00Z,2023-07-24T22:00:00Z,daily,77.8,o3,µg/m³
35053,2023-07-24T22:00:00Z,2023-07-25T22:00:00Z,daily,82.3,o3,µg/m³
35053,2023-07-25T22:00:00Z,2023-07-26T22:00:00Z,daily,53.8,o3,µg/m³
35053,2023-07-26T22:00:00Z,2023-07-27T22:00:00Z,daily,46.3,o3,µg/m³
35053,2023-07-27T22:00:00Z,2023-07-28T22:00:00Z,daily,38.8,o3,µg/m³
35053,2023-07-28T22:00:00Z,2023-07-29T22:00:00Z,daily,54.3,o3,µg/m³
35053,2023-07-29T22:00:00Z,2023-07-30T22:00:00Z,daily,63.6,o3,µg/m³
35053,2023-07-30T22:00:00Z,2023-07-31T22:00:00Z,daily,58.4,o3,µg/m³
35053,2023-07-31T22:00:00Z,2023-08-01T22:00:00Z,daily,60.1,o3,µg/m³
35053,2023-08-01T22:00:00Z,2023-08-02T22:00:00Z,daily,61.7,o3,µg/m³
35053,2023-08-02T22:00:00Z,2023-08-03T22:00:00Z,daily,60.4,o3,µg/m³
35053,2023-08-03T22:00:00Z,2023-08-04T22:00:00Z,daily,59.4,o3,µg/m³
35053,2023-08-04T22:00:00Z,2023-08-05T22:00:00Z,daily,35.1,o3,µg/m³
35053,2023-08-05T22:00:00Z,2023-08-06T22:00:00Z,daily,49.1,o3,µg/m³
35053,2023-08-06T22:00:00Z,2023-08-07T22:00:00Z,daily,73.5,o3,µg/m³
35053,2023-08-07T22:00:00Z,2023-08-08T22:00:00Z,daily,63.6,o3,µg/m³
35053,2023-08-08T22:00:00Z,2023-08-09T22:00:00Z,daily,55.7,o3,µg/m³
35053,2023-08-09T22:00:00Z,2023-08-10T22:00:00Z,daily,43.7,o3,µg/m³
35053,2023-08-10T22:00:00Z,2023-08-11T22:00:00Z,daily,52.0,o3,µg/m³
35053,2023-08-11T22:00:00Z,2023-08-12T22:00:00Z,daily,67.5,o3,µg/m³
35053,2023-08-12T22:00:00Z,2023-08-13T22:00:00Z,daily,72.6,o3,µg/m³
35053,2023-08-13T22:00:00Z,2023-08-14T22:00:00Z,daily,41.4,o3,µg/m³
35053,2023-08-14T22:00:00Z,2023-08-15T22:00:00Z,daily,78.5,o3,µg/m³
35053,2023-08-15T22:00:00Z,2023-08-16T22:00:00Z,daily,87.1,o3,µg/m³
35053,2023-08-16T22:00:00Z,2023-08-17T22:00:00Z,daily,73.9,o3,µg/m³
35053,2023-08-17T22:00:00Z,2023-08-18T22:00:00Z,daily,67.9,o3,µg/m³
35053,2023-08-23T22:00:00Z,2023-08-24T22:00:00Z,daily,33.5,o3,µg/m³
35053,2023-08-24T22:00:00Z,2023-08-25T22:00:00Z,daily,36.5,o3,µg/m³
35053,2023-08-25T22:00:00Z,2023-08-26T22:00:00Z,daily,65.9,o3,µg/m³
35053,2023-08-26T22:00:00Z,2023-08-27T22:00:00Z,daily,28.9,o3,µg/m³
35053,2023-08-27T22:00:00Z,2023-08-28T22:00:00Z,daily,42.8,o3,µg/m³
35053,2023-08-28T22:00:00Z,2023-08-29T22:00:00Z,daily,47.9,o3,µg/m³
35053,2023-08-29T22:00:00Z,2023-08-30T22:00:00Z,daily,26.0,o3,µg/m³
35053,2023-08-30T22:00:00Z,2023-08-31T22:00:00Z,daily,44.5,o3,µg/m³
35053,2023-08-31T22:00:00Z,2023-09-01T22:00:00Z,daily,46.0,o3,µg/m³
35053,2023-09-01T22:00:00Z,2023-09-02T22:00:00Z,daily,33.5,o3,µg/m³
35053,2023-09-02T22:00:00Z,2023-09-03T22:00:00Z,daily,50.4,o3,µg/m³
35053,2023-09-03T22:00:00Z,2023-09-04T22:00:00Z,daily,53.8,o3,µg/m³
35053,2023-09-04T22:00:00Z,2023-09-05T22:00:00Z,daily,44.9,o3,µg/m³
35053,2023-09-05T22:00:00Z,2023-09-06T22:00:00Z,daily,44.2,o3,µg/m³
35053,2023-09-06T22:00:00Z,2023-09-07T22:00:00Z,daily,30.4,o3,µg/m³
35053,2023-09-07T22:00:00Z,2023-09-08T22:00:00Z,daily,52.6,o3,µg/m³
35053,2023-09-08T22:00:00Z,2023-09-09T22:00:00Z,daily,48.7,o3,µg/m³
35053,2023-09-09T22:00:00Z,2023-09-10T22:00:00Z,daily,70.7,o3,µg/m³
35053,2023-09-10T22:00:00Z,2023-09-11T22:00:00Z,daily,57.8,o3,µg/m³
35053,2023-09-11T22:00:00Z,2023-09-12T22:00:00Z,daily,54.0,o3,µg/m³
35053,2023-09-12T22:00:00Z,2023-09-13T22:00:00Z,daily,69.1,o3,µg/m³
35053,2023-09-13T22:00:00Z,2023-09-14T22:00:00Z,daily,55.9,o3,µg/m³
35053,2023-09-14T22:00:00Z,2023-09-15T22:00:00Z,daily,50.3,o3,µg/m³
35053,2023-09-15T22:00:00Z,2023-09-16T22:00:00Z,daily,56.4,o3,µg/m³
35053,2023-09-16T22:00:00Z,2023-09-17T22:00:00Z,daily,53.3,o3,µg/m³
35053,2023-09-17T22:00:00Z,2023-09-18T22:00:00Z,daily,45.6,o3,µg/m³
35053,2023-09-18T22:00:00Z,2023-09-19T22:00:00Z,daily,37.1,o3,µg/m³
35053,2023-09-19T22:00:00Z,2023-09-20T22:00:00Z,daily,30.9,o3,µg/m³
35053,2023-09-20T22:00:00Z,2023-09-21T22:00:00Z,daily,33.9,o3,µg/m³
35053,2023-09-21T22:00:00Z,2023-09-22T22:00:00Z,daily,58.9,o3,µg/m³
35053,2023-09-22T22:00:00Z,2023-09-23T22:00:00Z,daily,34.1,o3,µg/m³
35053,2023-09-23T22:00:00Z,2023-09-24T22:00:00Z,daily,35.5,o3,µg/m³
35053,2023-09-24T22:00:00Z,2023-09-25T22:00:00Z,daily,45.3,o3,µg/m³
35053,2023-09-25T22:00:00Z,2023-09-26T22:00:00Z,daily,28.1,o3,µg/m³
35053,2023-09-26T22:00:00Z,2023-09-27T22:00:00Z,daily,43.0,o3,µg/m³
35053,2023-09-27T22:00:00Z,2023-09-28T22:00:00Z,daily,47.6,o3,µg/m³
35053,2023-09-28T22:00:00Z,2023-09-29T22:00:00Z,daily,55.0,o3,µg/m³
35053,2023-09-29T22:00:00Z,2023-09-30T22:00:00Z,daily,50.4,o3,µg/m³
35053,2023-09-30T22:00:00Z,2023-10-01T22:00:00Z,daily,42.5,o3,µg/m³
35053,2023-10-01T22:00:00Z,2023-10-02T22:00:00Z,daily,31.2,o3,µg/m³
35053,2023-10-02T22:00:00Z,2023-10-03T22:00:00Z,daily,56.8,o3,µg/m³
35053,2023-10-03T22:00:00Z,2023-10-04T22:00:00Z,daily,52.9,o3,µg/m³
35053,2023-10-04T22:00:00Z,2023-10-05T22:00:00Z,daily,44.0,o3,µg/m³
35053,2023-10-05T22:00:00Z,2023-10-06T22:00:00Z,daily,38.7,o3,µg/m³
35053,2023-10-06T22:00:00Z,2023-10-07T22:00:00Z,daily,53.8,o3,µg/m³
35053,2023-10-07T22:00:00Z,2023-10-08T22:00:00Z,daily,50.5,o3,µg/m³
35053,2023-10-08T22:00:00Z,2023-10-09T22:00:00Z,daily,14.6,o3,µg/m³
35053,2023-10-09T22:00:00Z,2023-10-10T22:00:00Z,daily,29.0,o3,µg/m³
35053,2023-10-10T22:00:00Z,2023-10-11T22:00:00Z,daily,28.0,o3,µg/m³
35053,2023-10-11T22:00:00Z,2023-10-12T22:00:00Z,daily,42.7,o3,µg/m³
35053,2023-10-12T22:00:00Z,2023-10-13T22:00:00Z,daily,24.4,o3,µg/m³
35053,2023-10-13T22:00:00Z,2023-10-14T22:00:00Z,daily,54.3,o3,µg/m³
35053,2023-10-14T22:00:00Z,2023-10-15T22:00:00Z,daily,47.9,o3,µg/m³
35053,2023-10-15T22:00:00Z,2023-10-16T22:00:00Z,daily,45.7,o3,µg/m³
35053,2023-10-25T22:00:00Z,2023-10-26T22:00:00Z,daily,14.1,o3,µg/m³
35053,2023-10-26T22:00:00Z,2023-10-27T22:00:00Z,daily,9.48,o3,µg/m³
35053,2023-10-27T22:00:00Z,2023-10-28T22:00:00Z,daily,9.51,o3,µg/m³
35053,2023-10-28T22:00:00Z,2023-10-29T23:00:00Z,daily,16.7,o3,µg/m³
35053,2023-10-29T23:00:00Z,2023-10-30T23:00:00Z,daily,28.0,o3,µg/m³
35053,2023-10-30T23:00:00Z,2023-10-31T23:00:00Z,daily,34.0,o3,µg/m³
35053,2023-10-31T23:00:00Z,2023-11-01T23:00:00Z,daily,47.9,o3,µg/m³
35053,2023-11-01T23:00:00Z,2023-11-02T23:00:00Z,daily,17.8,o3,µg/m³
35053,2023-11-02T23:00:00Z,2023-11-03T23:00:00Z,daily,56.6,o3,µg/m³
35053,2023-11-03T23:00:00Z,2023-11-04T23:00:00Z,daily,43.9,o3,µg/m³
35053,2023-11-04T23:00:00Z,2023-11-05T23:00:00Z,daily,26.5,o3,µg/m³
35053,2023-11-05T23:00:00Z,2023-11-06T23:00:00Z,daily,49.8,o3,µg/m³
35053,2023-11-06T23:00:00Z,2023-11-07T23:00:00Z,daily,30.0,o3,µg/m³
35053,2023-11-07T23:00:00Z,2023-11-08T23:00:00Z,daily,21.1,o3,µg/m³
35053,2023-11-08T23:00:00Z,2023-11-09T23:00:00Z,daily,16.3,o3,µg/m³
35053,2023-11-09T23:00:00Z,2023-11-10T23:00:00Z,daily,39.7,o3,µg/m³
35053,2023-11-10T23:00:00Z,2023-11-11T23:00:00Z,daily,21.1,o3,µg/m³
35053,2023-11-11T23:00:00Z,2023-11-12T23:00:00Z,daily,30.8,o3,µg/m³
35053,2023-11-12T23:00:00Z,2023-11-13T23:00:00Z,daily,31.3,o3,µg/m³
35053,2023-11-13T23:00:00Z,2023-11-14T23:00:00Z,daily,37.5,o3,µg/m³
35053,2023-11-14T23:00:00Z,2023-11-15T23:00:00Z,daily,37.0,o3,µg/m³
35053,2023-11-15T23:00:00Z,2023-11-16T23:00:00Z,daily,16.8,o3,µg/m³
35053,2023-11-16T23:00:00Z,2023-11-17T23:00:00Z,daily,22.3,o3,µg/m³
35053,2023-11-17T23:00:00Z,2023-11-18T23:00:00Z,daily,10.9,o3,µg/m³
35053,2023-11-18T23:00:00Z,2023-11-19T23:00:00Z,daily,14.1,o3,µg/m³
35053,2023-11-19T23:00:00Z,2023-11-20T23:00:00Z,daily,14.1,o3,µg/m³
35053,2023-11-20T23:00:00Z,2023-11-21T23:00:00Z,daily,25.4,o3,µg/m³
35053,2023-11-21T23:00:00Z,2023-11-22T23:00:00Z,daily,37.0,o3,µg/m³
35053,2023-11-22T23:00:00Z,2023-11-23T23:00:00Z,daily,39.8,o3,µg/m³
35053,2023-11-23T23:00:00Z,2023-11-24T23:00:00Z,daily,66.7,o3,µg/m³
35053,2023-11-24T23:00:00Z,2023-11-25T23:00:00Z,daily,43.3,o3,µg/m³
35053,2023-11-25T23:00:00Z,2023-11-26T23:00:00Z,daily,54.9,o3,µg/m³
35053,2023-11-26T23:00:00Z,2023-11-27T23:00:00Z,daily,31.5,o3,µg/m³
35053,2023-11-27T23:00:00Z,2023-11-28T23:00:00Z,daily,16.2,o3,µg/m³
35053,2023-11-28T23:00:00Z,2023-11-29T23:00:00Z,daily,27.7,o3,µg/m³
35053,2023-11-29T23:00:00Z,2023-11-30T23:00:00Z,daily,12.8,o3,µg/m³
35053,2023-11-30T23:00:00Z,2023-12-01T23:00:00Z,daily,6.1,o3,µg/m³
35053,2023-12-01T23:00:00Z,2023-12-02T23:00:00Z,daily,5.64,o3,µg/m³
35053,2023-12-02T23:00:00Z,2023-12-03T23:00:00Z,daily,22.8,o3,µg/m³
35053,2023-12-03T23:00:00Z,2023-12-04T23:00:00Z,daily,20.0,o3,µg/m³
35053,2023-12-04T23:00:00Z,2023-12-05T23:00:00Z,daily,15.5,o3,µg/m³
35053,2023-12-05T23:00:00Z,2023-12-06T23:00:00Z,daily,29.3,o3,µg/m³
35053,2023-12-06T23:00:00Z,2023-12-07T23:00:00Z,daily,19.8,o3,µg/m³
35053,2023-12-07T23:00:00Z,2023-12-08T23:00:00Z,daily,30.6,o3,µg/m³
35053,2023-12-08T23:00:00Z,2023-12-09T23:00:00Z,daily,25.1,o3,µg/m³
35053,2023-12-09T23:00:00Z,2023-12-10T23:00:00Z,daily,29.6,o3,µg/m³
35053,2023-12-10T23:00:00Z,2023-12-11T23:00:00Z,daily,33.3,o3,µg/m³
35053,2023-12-11T23:00:00Z,2023-12-12T23:00:00Z,daily,14.9,o3,µg/m³
35053,2023-12-13T23:00:00Z,2023-12-14T23:00:00Z,daily,14.4,o3,µg/m³
35053,2023-12-14T23:00:00Z,2023-12-15T23:00:00Z,daily,22.0,o3,µg/m³
35053,2023-12-15T23:00:00Z,2023-12-16T23:00:00Z,daily,26.5,o3,µg/m³
35053,2023-12-16T23:00:00Z,2023-12-17T23:00:00Z,daily,41.6,o3,µg/m³
35053,2023-12-17T23:00:00Z,2023-12-18T23:00:00Z,daily,37.0,o3,µg/m³
35053,2023-12-18T23:00:00Z,2023-12-19T23:00:00Z,daily,29.6,o3,µg/m³
35053,2023-12-19T23:00:00Z,2023-12-20T23:00:00Z,daily,25.2,o3,µg/m³
35053,2023-12-20T23:00:00Z,2023-12-21T23:00:00Z,daily,43.8,o3,µg/m³
35053,2023-12-21T23:00:00Z,2023-12-22T23:00:00Z,daily,69.8,o3,µg/m³
35053,2023-12-22T23:00:00Z,2023-12-23T23:00:00Z,daily,70.0,o3,µg/m³
35053,2023-12-23T23:00:00Z,2023-12-24T23:00:00Z,daily,57.3,o3,µg/m³
35053,2023-12-24T23:00:00Z,2023-12-25T23:00:00Z,daily,68.6,o3,µg/m³
35053,2023-12-25T23:00:00Z,2023-12-26T23:00:00Z,daily,57.9,o3,µg/m³
35053,2023-12-26T23:00:00Z,2023-12-27T23:00:00Z,daily,48.2,o3,µg/m³
35053,2023-12-27T23:00:00Z,2023-12-28T23:00:00Z,daily,37.4,o3,µg/m³
35053,2023-12-28T23:00:00Z,2023-12-29T23:00:00Z,daily,34.9,o3,µg/m³
35054,2022-12-31T23:00:00Z,2023-01-01T23:00:00Z,daily,12.3,pm10,µg/m³
35054,2023-01-01T23:00:00Z,2023-01-02T23:00:00Z,daily,19.8,pm10,µg/m³
35054,2023-01-02T23:00:00Z,2023-01-03T23:00:00Z,daily,11.2,pm10,µg/m³
35054,2023-01-03T23:00:00Z,2023-01-04T23:00:00Z,daily,17.5,pm10,µg/m³
35054,2023-01-04T23:00:00Z,2023-01-05T23:00:00Z,daily,3.08,pm10,µg/m³
35054,2023-01-05T23:00:00Z,2023-01-06T23:00:00Z,daily,11.2,pm10,µg/m³
35054,2023-01-06T23:00:00Z,2023-01-07T23:00:00Z,daily,24.6,pm10,µg/m³
35054,2023-01-07T23:00:00Z,2023-01-08T23:00:00Z,daily,20.7,pm10,µg/m³
35054,2023-01-08T23:00:00Z,2023-01-09T23:00:00Z,daily,23.1,pm10,µg/m³
35054,2023-01-09T23:00:00Z,2023-01-10T23:00:00Z,daily,28.1,pm10,µg/m³
35054,2023-01-10T23:00:00Z,2023-01-11T23:00:00Z,daily,22.9,pm10,µg/m³
35054,2023-01-15T23:00:00Z,2023-01-16T23:00:00Z,daily,15.9,pm10,µg/m³
35054,2023-01-16T23:00:00Z,2023-01-17T23:00:00Z,daily,17.3,pm10,µg/m³
35054,2023-01-17T23:00:00Z,2023-01-18T23:00:00Z,daily,17.3,pm10,µg/m³
35054,2023-01-18T23:00:00Z,2023-01-19T23:00:00Z,daily,18.4,pm10,µg/m³
35054,2023-01-19T23:00:00Z,2023-01-20T23:00:00Z,daily,16.6,pm10,µg/m³
35054,2023-01-20T23:00:00Z,2023-01-21T23:00:00Z,daily,9.62,pm10,µg/m³
35054,2023-01-21T23:00:00Z,2023-01-22T23:00:00Z,daily,17.7,pm10,µg/m³
35054,2023-01-22T23:00:00Z,2023-01-23T23:00:00Z,daily,23.5,pm10,µg/m³
35054,2023-01-23T23:00:00Z,2023-01-24T23:00:00Z,daily,27.5,pm10,µg/m³
35054,2023-01-24T23:00:00Z,2023-01-25T23:00:00Z,daily,23.0,pm10,µg/m³
35054,2023-01-25T23:00:00Z,2023-01-26T23:00:00Z,daily,25.4,pm10,µg/m³
35054,2023-01-26T23:00:00Z,2023-01-27T23:00:00Z,daily,32.6,pm10,µg/m³
35054,2023-01-27T23:00:00Z,2023-01-28T23:00:00Z,daily,14.6,pm10,µg/m³
35054,2023-01-28T23:00:00Z,2023-01-29T23:00:00Z,daily,15.3,pm10,µg/m³
35054,2023-01-29T23:00:00Z,2023-01-30T23:00:00Z,daily,13.3,pm10,µg/m³
35054,2023-01-30T23:00:00Z,2023-01-31T23:00:00Z,daily,9.08,pm10,µg/m³
35054,2023-01-31T23:00:00Z,2023-02-01T23:00:00Z,daily,6.1,pm10,µg/m³
35054,2023-02-01T23:00:00Z,2023-02-02T23:00:00Z,daily,7.1,pm10,µg/m³
35054,2023-02-13T23:00:00Z,2023-02-14T23:00:00Z,daily,22.3,pm10,µg/m³
35054,2023-02-14T23:00:00Z,2023-02-15T23:00:00Z,daily,27.2,pm10,µg/m³
35054,2023-02-15T23:00:00Z,2023-02-16T23:00:00Z,daily,49.7,pm10,µg/m³
35054,2023-03-18T23:00:00Z,2023-03-19T23:00:00Z,daily,29.3,pm10,µg/m³
35054,2023-03-19T23:00:00Z,2023-03-20T23:00:00Z,daily,50.5,pm10,µg/m³
35054,2023-03-20T23:00:00Z,2023-03-21T23:00:00Z,daily,19.0,pm10,µg/m³
35054,2023-03-21T23:00:00Z,2023-03-22T23:00:00Z,daily,28.9,pm10,µg/m³
35054,2023-03-22T23:00:00Z,2023-03-23T23:00:00Z,daily,34.3,pm10,µg/m³
35054,2023-03-23T23:00:00Z,2023-03-24T23:00:00Z,daily,15.9,pm10,µg/m³
35054,2023-03-24T23:00:00Z,2023-03-26T22:00:00Z,daily,11.9,pm10,µg/m³
35054,2023-03-25T23:00:00Z,2023-03-26T22:00:00Z,daily,9.2,pm10,µg/m³
35054,2023-03-26T22:00:00Z,2023-03-27T22:00:00Z,daily,13.0,pm10,µg/m³
35054,2023-03-27T22:00:00Z,2023-03-28T22:00:00Z,daily,12.8,pm10,µg/m³
35054,2023-03-28T22:00:00Z,2023-03-29T22:00:00Z,daily,14.6,pm10,µg/m³
35054,2023-03-29T22:00:00Z,2023-03-30T22:00:00Z,daily,24.6,pm10,µg/m³
35054,2023-03-30T22:00:00Z,2023-03-31T22:00:00Z,daily,14.4,pm10,µg/m³
35054,2023-03-31T22:00:00Z,2023-04-01T22:00:00Z,daily,13.0,pm10,µg/m³
35054,2023-04-01T22:00:00Z,2023-04-02T22:00:00Z,daily,8.37,pm10,µg/m³
35054,2023-04-02T22:00:00Z,2023-04-03T22:00:00Z,daily,5.24,pm10,µg/m³
35054,2023-04-03T22:00:00Z,2023-04-04T22:00:00Z,daily,10.0,pm10,µg/m³
35054,2023-04-04T22:00:00Z,2023-04-05T22:00:00Z,daily,29.1,pm10,µg/m³
35054,2023-04-05T22:00:00Z,2023-04-06T22:00:00Z,daily,11.2,pm10,µg/m³
35054,2023-04-06T22:00:00Z,2023-04-07T22:00:00Z,daily,18.9,pm10,µg/m³
35054,2023-04-07T22:00:00Z,2023-04-08T22:00:00Z,daily,12.9,pm10,µg/m³
35054,2023-04-08T22:00:00Z,2023-04-09T22:00:00Z,daily,14.4,pm10,µg/m³
35054,2023-04-09T22:00:00Z,2023-04-10T22:00:00Z,daily,17.4,pm10,µg/m³
35054,2023-04-10T22:00:00Z,2023-04-11T22:00:00Z,daily,21.6,pm10,µg/m³
35054,2023-04-11T22:00:00Z,2023-04-12T22:00:00Z,daily,24.7,pm10,µg/m³
35054,2023-04-12T22:00:00Z,2023-04-13T22:00:00Z,daily,36.3,pm10,µg/m³
35054,2023-04-13T22:00:00Z,2023-04-14T22:00:00Z,daily,19.2,pm10,µg/m³
35054,2023-04-14T22:00:00Z,2023-04-15T22:00:00Z,daily,6.85,pm10,µg/m³
35054,2023-04-15T22:00:00Z,2023-04-16T22:00:00Z,daily,12.8,pm10,µg/m³
35054,2023-04-16T22:00:00Z,2023-04-17T22:00:00Z,daily,17.1,pm10,µg/m³
35054,2023-04-17T22:00:00Z,2023-04-18T22:00:00Z,daily,15.2,pm10,µg/m³
35054,2023-04-18T22:00:00Z,2023-04-19T22:00:00Z,daily,13.1,pm10,µg/m³
35054,2023-04-19T22:00:00Z,2023-04-20T22:00:00Z,daily,31.5,pm10,µg/m³
35054,2023-04-20T22:00:00Z,2023-04-21T22:00:00Z,daily,24.2,pm10,µg/m³
35054,2023-04-21T22:00:00Z,2023-04-22T22:00:00Z,daily,44.4,pm10,µg/m³
35054,2023-04-22T22:00:00Z,2023-04-23T22:00:00Z,daily,21.8,pm10,µg/m³
35054,2023-04-23T22:00:00Z,2023-04-24T22:00:00Z,daily,27.8,pm10,µg/m³
35054,2023-04-25T22:00:00Z,2023-04-26T22:00:00Z,daily,13.8,pm10,µg/m³
35054,2023-04-26T22:00:00Z,2023-04-27T22:00:00Z,daily,23.0,pm10,µg/m³
35054,2023-04-27T22:00:00Z,2023-04-28T22:00:00Z,daily,26.5,pm10,µg/m³
35054,2023-04-28T22:00:00Z,2023-04-29T22:00:00Z,daily,22.8,pm10,µg/m³
35054,2023-04-29T22:00:00Z,2023-04-30T22:00:00Z,daily,16.2,pm10,µg/m³
35054,2023-04-30T22:00:00Z,2023-05-01T22:00:00Z,daily,13.7,pm10,µg/m³
35054,2023-05-01T22:00:00Z,2023-05-02T22:00:00Z,daily,20.1,pm10,µg/m³
35054,2023-05-02T22:00:00Z,2023-05-03T22:00:00Z,daily,8.87,pm10,µg/m³
35054,2023-05-03T22:00:00Z,2023-05-04T22:00:00Z,daily,20.2,pm10,µg/m³
35054,2023-05-04T22:00:00Z,2023-05-05T22:00:00Z,daily,18.1,pm10,µg/m³
35054,2023-05-05T22:00:00Z,2023-05-06T22:00:00Z,daily,14.3,pm10,µg/m³
35054,2023-05-06T22:00:00Z,2023-05-07T22:00:00Z,daily,7.78,pm10,µg/m³
35054,2023-05-07T22:00:00Z,2023-05-08T22:00:00Z,daily,18.0,pm10,µg/m³
35054,2023-05-09T22:00:00Z,2023-05-10T22:00:00Z,daily,18.9,pm10,µg/m³
35054,2023-05-10T22:00:00Z,2023-05-11T22:00:00Z,daily,17.9,pm10,µg/m³
35054,2023-05-11T22:00:00Z,2023-05-12T22:00:00Z,daily,22.9,pm10,µg/m³
35054,2023-05-12T22:00:00Z,2023-05-13T22:00:00Z,daily,30.8,pm10,µg/m³
35054,2023-05-13T22:00:00Z,2023-05-14T22:00:00Z,daily,33.0,pm10,µg/m³
35054,2023-05-15T22:00:00Z,2023-05-16T22:00:00Z,daily,14.4,pm10,µg/m³
35054,2023-05-16T22:00:00Z,2023-05-17T22:00:00Z,daily,18.5,pm10,µg/m³
35054,2023-05-17T22:00:00Z,2023-05-18T22:00:00Z,daily,8.98,pm10,µg/m³
35054,2023-05-18T22:00:00Z,2023-05-19T22:00:00Z,daily,12.7,pm10,µg/m³
35054,2023-05-19T22:00:00Z,2023-05-20T22:00:00Z,daily,22.0,pm10,µg/m³
35054,2023-05-20T22:00:00Z,2023-05-21T22:00:00Z,daily,15.9,pm10,µg/m³
35054,2023-05-21T22:00:00Z,2023-05-22T22:00:00Z,daily,17.7,pm10,µg/m³
35054,2023-05-22T22:00:00Z,2023-05-23T22:00:00Z,daily,23.2,pm10,µg/m³
35054,2023-05-23T22:00:00Z,2023-05-24T22:00:00Z,daily,31.5,pm10,µg/m³
35054,2023-05-24T22:00:00Z,2023-05-25T22:00:00Z,daily,35.2,pm10,µg/m³
35054,2023-05-25T22:00:00Z,2023-05-26T22:00:00Z,daily,23.0,pm10,µg/m³
35054,2023-05-27T22:00:00Z,2023-05-28T22:00:00Z,daily,16.1,pm10,µg/m³
35054,2023-05-28T22:00:00Z,2023-05-29T22:00:00Z,daily,21.6,pm10,µg/m³
35054,2023-05-29T22:00:00Z,2023-05-30T22:00:00Z,daily,20.3,pm10,µg/m³
35054,2023-05-30T22:00:00Z,2023-05-31T22:00:00Z,daily,20.2,pm10,µg/m³
35054,2023-05-31T22:00:00Z,2023-06-01T22:00:00Z,daily,23.0,pm10,µg/m³
35054,2023-06-01T22:00:00Z,2023-06-02T22:00:00Z,daily,20.1,pm10,µg/m³
35054,2023-06-02T22:00:00Z,2023-06-03T22:00:00Z,daily,9.93,pm10,µg/m³
35054,2023-06-03T22:00:00Z,2023-06-04T22:00:00Z,daily,11.0,pm10,µg/m³
35054,2023-06-04T22:00:00Z,2023-06-05T22:00:00Z,daily,15.1,pm10,µg/m³
35054,2023-06-05T22:00:00Z,2023-06-06T22:00:00Z,daily,19.2,pm10,µg/m³
35054,2023-06-06T22:00:00Z,2023-06-07T22:00:00Z,daily,26.6,pm10,µg/m³
35054,2023-06-07T22:00:00Z,2023-06-08T22:00:00Z,daily,18.5,pm10,µg/m³
35054,2023-06-08T22:00:00Z,2023-06-09T22:00:00Z,daily,20.8,pm10,µg/m³
35054,2023-06-09T22:00:00Z,2023-06-10T22:00:00Z,daily,22.5,pm10,µg/m³
35054,2023-06-10T22:00:00Z,2023-06-11T22:00:00Z,daily,19.1,pm10,µg/m³
35054,2023-06-11T22:00:00Z,2023-06-12T22:00:00Z,daily,18.8,pm10,µg/m³
35054,2023-06-12T22:00:00Z,2023-06-13T22:00:00Z,daily,12.0,pm10,µg/m³
35054,2023-06-13T22:00:00Z,2023-06-14T22:00:00Z,daily,18.8,pm10,µg/m³
35054,2023-06-14T22:00:00Z,2023-06-15T22:00:00Z,daily,21.8,pm10,µg/m³
35054,2023-06-15T22:00:00Z,2023-06-16T22:00:00Z,daily,26.3,pm10,µg/m³
35054,2023-06-16T22:00:00Z,2023-06-17T22:00:00Z,daily,17.0,pm10,µg/m³
35054,2023-06-17T22:00:00Z,2023-06-18T22:00:00Z,daily,23.8,pm10,µg/m³
35054,2023-06-18T22:00:00Z,2023-06-19T22:00:00Z,daily,15.9,pm10,µg/m³
35054,2023-06-19T22:00:00Z,2023-06-20T22:00:00Z,daily,21.0,pm10,µg/m³
35054,2023-06-20T22:00:00Z,2023-06-21T22:00:00Z,daily,25.9,pm10,µg/m³
35054,2023-06-21T22:00:00Z,2023-06-22T22:00:00Z,daily,26.2,pm10,µg/m³
35054,2023-06-23T22:00:00Z,2023-06-24T22:00:00Z,daily,14.6,pm10,µg/m³
35054,2023-06-24T22:00:00Z,2023-06-25T22:00:00Z,daily,21.4,pm10,µg/m³
35054,2023-06-25T22:00:00Z,2023-06-26T22:00:00Z,daily,16.7,pm10,µg/m³
35054,2023-06-26T22:00:00Z,2023-06-27T22:00:00Z,daily,16.5,pm10,µg/m³
35054,2023-06-27T22:00:00Z,2023-06-28T22:00:00Z,daily,9.18,pm10,µg/m³
35054,2023-06-28T22:00:00Z,2023-06-29T22:00:00Z,daily,15.2,pm10,µg/m³
35054,2023-06-29T22:00:00Z,2023-06-30T22:00:00Z,daily,15.4,pm10,µg/m³
35054,2023-06-30T22:00:00Z,2023-07-01T22:00:00Z,daily,18.1,pm10,µg/m³
35054,2023-07-01T22:00:00Z,2023-07-02T22:00:00Z,daily,20.2,pm10,µg/m³
35054,2023-07-02T22:00:00Z,2023-07-03T22:00:00Z,daily,21.8,pm10,µg/m³
35054,2023-07-03T22:00:00Z,2023-07-04T22:00:00Z,daily,24.8,pm10,µg/m³
35054,2023-07-04T22:00:00Z,2023-07-05T22:00:00Z,daily,39.4,pm10,µg/m³
35054,2023-07-05T22:00:00Z,2023-07-06T22:00:00Z,daily,19.8,pm10,µg/m³
35054,2023-07-06T22:00:00Z,2023-07-07T22:00:00Z,daily,22.1,pm10,µg/m³
35054,2023-07-07T22:00:00Z,2023-07-08T22:00:00Z,daily,17.6,pm10,µg/m³
35054,2023-07-08T22:00:00Z,2023-07-09T22:00:00Z,daily,11.2,pm10,µg/m³
35054,2023-07-09T22:00:00Z,2023-07-10T22:00:00Z,daily,15.8,pm10,µg/m³
35054,2023-07-10T22:00:00Z,2023-07-11T22:00:00Z,daily,10.5,pm10,µg/m³
35054,2023-07-11T22:00:00Z,2023-07-12T22:00:00Z,daily,15.1,pm10,µg/m³
35054,2023-07-12T22:00:00Z,2023-07-13T22:00:00Z,daily,17.8,pm10,µg/m³
35054,2023-07-16T22:00:00Z,2023-07-17T22:00:00Z,daily,15.0,pm10,µg/m³
35054,2023-07-17T22:00:00Z,2023-07-18T22:00:00Z,daily,11.6,pm10,µg/m³
35054,2023-07-18T22:00:00Z,2023-07-19T22:00:00Z,daily,13.8,pm10,µg/m³
35054,2023-07-19T22:00:00Z,2023-07-20T22:00:00Z,daily,11.5,pm10,µg/m³
35054,2023-07-20T22:00:00Z,2023-07-21T22:00:00Z,daily,11.8,pm10,µg/m³
35054,2023-07-21T22:00:00Z,2023-07-22T22:00:00Z,daily,15.2,pm10,µg/m³
35054,2023-07-22T22:00:00Z,2023-07-23T22:00:00Z,daily,14.4,pm10,µg/m³
35054,2023-07-23T22:00:00Z,2023-07-24T22:00:00Z,daily,15.8,pm10,µg/m³
35054,2023-07-24T22:00:00Z,2023-07-25T22:00:00Z,daily,14.1,pm10,µg/m³
35054,2023-07-25T22:00:00Z,2023-07-26T22:00:00Z,daily,13.1,pm10,µg/m³
35054,2023-07-26T22:00:00Z,2023-07-27T22:00:00Z,daily,10.3,pm10,µg/m³
35054,2023-07-27T22:00:00Z,2023-07-28T22:00:00Z,daily,11.1,pm10,µg/m³
35054,2023-07-28T22:00:00Z,2023-07-29T22:00:00Z,daily,13.4,pm10,µg/m³
35054,2023-07-29T22:00:00Z,2023-07-30T22:00:00Z,daily,9.63,pm10,µg/m³
35054,2023-07-30T22:00:00Z,2023-07-31T22:00:00Z,daily,9.6,pm10,µg/m³
35054,2023-07-31T22:00:00Z,2023-08-01T22:00:00Z,daily,10.4,pm10,µg/m³
35054,2023-08-01T22:00:00Z,2023-08-02T22:00:00Z,daily,9.4,pm10,µg/m³
35054,2023-08-02T22:00:00Z,2023-08-03T22:00:00Z,daily,8.64,pm10,µg/m³
35054,2023-08-03T22:00:00Z,2023-08-04T22:00:00Z,daily,7.9,pm10,µg/m³
35054,2023-08-04T22:00:00Z,2023-08-05T22:00:00Z,daily,14.8,pm10,µg/m³
35054,2023-08-05T22:00:00Z,2023-08-06T22:00:00Z,daily,16.1,pm10,µg/m³
35054,2023-08-06T22:00:00Z,2023-08-07T22:00:00Z,daily,6.54,pm10,µg/m³
35054,2023-08-07T22:00:00Z,2023-08-08T22:00:00Z,daily,8.78,pm10,µg/m³
35054,2023-08-08T22:00:00Z,2023-08-09T22:00:00Z,daily,8.02,pm10,µg/m³
35054,2023-08-09T22:00:00Z,2023-08-10T22:00:00Z,daily,15.5,pm10,µg/m³
35054,2023-08-10T22:00:00Z,2023-08-11T22:00:00Z,daily,13.5,pm10,µg/m³
35054,2023-08-11T22:00:00Z,2023-08-12T22:00:00Z,daily,15.6,pm10,µg/m³
35054,2023-08-12T22:00:00Z,2023-08-13T22:00:00Z,daily,17.7,pm10,µg/m³
35054,2023-08-13T22:00:00Z,2023-08-14T22:00:00Z,daily,18.5,pm10,µg/m³
35054,2023-08-14T22:00:00Z,2023-08-15T22:00:00Z,daily,18.3,pm10,µg/m³
35054,2023-08-15T22:00:00Z,2023-08-16T22:00:00Z,daily,29.4,pm10,µg/m³
35054,2023-08-16T22:00:00Z,2023-08-17T22:00:00Z,daily,23.5,pm10,µg/m³
35054,2023-08-17T22:00:00Z,2023-08-18T22:00:00Z,daily,18.2,pm10,µg/m³
35054,2023-08-23T22:00:00Z,2023-08-24T22:00:00Z,daily,21.6,pm10,µg/m³
35054,2023-08-24T22:00:00Z,2023-08-25T22:00:00Z,daily,27.7,pm10,µg/m³
35054,2023-08-25T22:00:00Z,2023-08-26T22:00:00Z,daily,16.2,pm10,µg/m³
35054,2023-08-26T22:00:00Z,2023-08-27T22:00:00Z,daily,18.0,pm10,µg/m³
35054,2023-08-27T22:00:00Z,2023-08-28T22:00:00Z,daily,13.5,pm10,µg/m³
35054,2023-08-28T22:00:00Z,2023-08-29T22:00:00Z,daily,15.6,pm10,µg/m³
35054,2023-08-29T22:00:00Z,2023-08-30T22:00:00Z,daily,17.8,pm10,µg/m³
35054,2023-08-30T22:00:00Z,2023-08-31T22:00:00Z,daily,10.8,pm10,µg/m³
35054,2023-08-31T22:00:00Z,2023-09-01T22:00:00Z,daily,11.9,pm10,µg/m³
35054,2023-09-01T22:00:00Z,2023-09-02T22:00:00Z,daily,17.0,pm10,µg/m³
35054,2023-09-02T22:00:00Z,2023-09-03T22:00:00Z,daily,15.8,pm10,µg/m³
35054,2023-09-03T22:00:00Z,2023-09-04T22:00:00Z,daily,14.1,pm10,µg/m³
35054,2023-09-04T22:00:00Z,2023-09-05T22:00:00Z,daily,19.0,pm10,µg/m³
35054,2023-09-05T22:00:00Z,2023-09-06T22:00:00Z,daily,21.8,pm10,µg/m³
35054,2023-09-06T22:00:00Z,2023-09-07T22:00:00Z,daily,29.6,pm10,µg/m³
35054,2023-09-07T22:00:00Z,2023-09-08T22:00:00Z,daily,26.4,pm10,µg/m³
35054,2023-09-08T22:00:00Z,2023-09-09T22:00:00Z,daily,39.0,pm10,µg/m³
35054,2023-09-09T22:00:00Z,2023-09-10T22:00:00Z,daily,33.4,pm10,µg/m³
35054,2023-09-10T22:00:00Z,2023-09-11T22:00:00Z,daily,29.6,pm10,µg/m³
35054,2023-09-11T22:00:00Z,2023-09-12T22:00:00Z,daily,35.1,pm10,µg/m³
35054,2023-09-12T22:00:00Z,2023-09-13T22:00:00Z,daily,43.6,pm10,µg/m³
35054,2023-09-17T22:00:00Z,2023-09-18T22:00:00Z,daily,17.7,pm10,µg/m³
35054,2023-09-18T22:00:00Z,2023-09-19T22:00:00Z,daily,15.3,pm10,µg/m³
35054,2023-09-19T22:00:00Z,2023-09-20T22:00:00Z,daily,12.1,pm10,µg/m³
35054,2023-09-21T22:00:00Z,2023-09-22T22:00:00Z,daily,24.4,pm10,µg/m³
35054,2023-09-22T22:00:00Z,2023-09-23T22:00:00Z,daily,18.4,pm10,µg/m³
35054,2023-09-23T22:00:00Z,2023-09-24T22:00:00Z,daily,10.9,pm10,µg/m³
35054,2023-09-24T22:00:00Z,2023-09-25T22:00:00Z,daily,11.3,pm10,µg/m³
35054,2023-09-25T22:00:00Z,2023-09-26T22:00:00Z,daily,26.1,pm10,µg/m³
35054,2023-09-26T22:00:00Z,2023-09-27T22:00:00Z,daily,39.4,pm10,µg/m³
35054,2023-09-27T22:00:00Z,2023-09-28T22:00:00Z,daily,37.2,pm10,µg/m³
35054,2023-09-28T22:00:00Z,2023-09-29T22:00:00Z,daily,35.7,pm10,µg/m³
35054,2023-09-29T22:00:00Z,2023-09-30T22:00:00Z,daily,26.0,pm10,µg/m³
35054,2023-09-30T22:00:00Z,2023-10-01T22:00:00Z,daily,14.8,pm10,µg/m³
35054,2023-10-01T22:00:00Z,2023-10-02T22:00:00Z,daily,21.9,pm10,µg/m³
35054,2023-10-02T22:00:00Z,2023-10-03T22:00:00Z,daily,18.9,pm10,µg/m³
35054,2023-10-03T22:00:00Z,2023-10-04T22:00:00Z,daily,11.0,pm10,µg/m³
35054,2023-10-04T22:00:00Z,2023-10-05T22:00:00Z,daily,14.6,pm10,µg/m³
35054,2023-10-05T22:00:00Z,2023-10-06T22:00:00Z,daily,17.5,pm10,µg/m³
35054,2023-10-06T22:00:00Z,2023-10-07T22:00:00Z,daily,10.4,pm10,µg/m³
35054,2023-10-07T22:00:00Z,2023-10-08T22:00:00Z,daily,9.25,pm10,µg/m³
35054,2023-10-08T22:00:00Z,2023-10-09T22:00:00Z,daily,16.9,pm10,µg/m³
35054,2023-10-09T22:00:00Z,2023-10-10T22:00:00Z,daily,25.4,pm10,µg/m³
35054,2023-10-10T22:00:00Z,2023-10-11T22:00:00Z,daily,26.5,pm10,µg/m³
35054,2023-10-11T22:00:00Z,2023-10-12T22:00:00Z,daily,18.9,pm10,µg/m³
35054,2023-10-12T22:00:00Z,2023-10-13T22:00:00Z,daily,22.7,pm10,µg/m³
35054,2023-10-13T22:00:00Z,2023-10-14T22:00:00Z,daily,22.0,pm10,µg/m³
35054,2023-10-14T22:00:00Z,2023-10-15T22:00:00Z,daily,9.44,pm10,µg/m³
35054,2023-10-15T22:00:00Z,2023-10-16T22:00:00Z,daily,10.1,pm10,µg/m³
35054,2023-10-25T22:00:00Z,2023-10-26T22:00:00Z,daily,15.0,pm10,µg/m³
35054,2023-10-26T22:00:00Z,2023-10-27T22:00:00Z,daily,19.8,pm10,µg/m³
35054,2023-10-27T22:00:00Z,2023-10-28T22:00:00Z,daily,12.8,pm10,µg/m³
35054,2023-10-28T22:00:00Z,2023-10-29T23:00:00Z,daily,26.1,pm10,µg/m³
35054,2023-10-29T23:00:00Z,2023-10-30T23:00:00Z,daily,21.7,pm10,µg/m³
35054,2023-10-30T23:00:00Z,2023-10-31T23:00:00Z,daily,20.4,pm10,µg/m³
35054,2023-10-31T23:00:00Z,2023-11-01T23:00:00Z,daily,7.1,pm10,µg/m³
35054,2023-11-01T23:00:00Z,2023-11-02T23:00:00Z,daily,22.4,pm10,µg/m³
35054,2023-11-02T23:00:00Z,2023-11-03T23:00:00Z,daily,11.2,pm10,µg/m³
35054,2023-11-03T23:00:00Z,2023-11-04T23:00:00Z,daily,10.6,pm10,µg/m³
35054,2023-11-04T23:00:00Z,2023-11-05T23:00:00Z,daily,23.0,pm10,µg/m³
35054,2023-11-05T23:00:00Z,2023-11-06T23:00:00Z,daily,7.27,pm10,µg/m³
35054,2023-11-06T23:00:00Z,2023-11-07T23:00:00Z,daily,16.9,pm10,µg/m³
35054,2023-11-07T23:00:00Z,2023-11-08T23:00:00Z,daily,23.0,pm10,µg/m³
35054,2023-11-08T23:00:00Z,2023-11-09T23:00:00Z,daily,21.9,pm10,µg/m³
35054,2023-11-09T23:00:00Z,2023-11-10T23:00:00Z,daily,19.7,pm10,µg/m³
35054,2023-11-10T23:00:00Z,2023-11-11T23:00:00Z,daily,31.4,pm10,µg/m³
35054,2023-11-11T23:00:00Z,2023-11-12T23:00:00Z,daily,22.9,pm10,µg/m³
35054,2023-11-12T23:00:00Z,2023-11-13T23:00:00Z,daily,19.8,pm10,µg/m³
35054,2023-11-13T23:00:00Z,2023-11-14T23:00:00Z,daily,16.7,pm10,µg/m³
35054,2023-11-14T23:00:00Z,2023-11-15T23:00:00Z,daily,13.7,pm10,µg/m³
35054,2023-11-15T23:00:00Z,2023-11-16T23:00:00Z,daily,31.5,pm10,µg/m³
35054,2023-11-16T23:00:00Z,2023-11-17T23:00:00Z,daily,16.1,pm10,µg/m³
35054,2023-11-17T23:00:00Z,2023-11-18T23:00:00Z,daily,14.0,pm10,µg/m³
35054,2023-11-18T23:00:00Z,2023-11-19T23:00:00Z,daily,21.9,pm10,µg/m³
35054,2023-11-19T23:00:00Z,2023-11-20T23:00:00Z,daily,15.4,pm10,µg/m³
35054,2023-11-20T23:00:00Z,2023-11-21T23:00:00Z,daily,22.6,pm10,µg/m³
35054,2023-11-21T23:00:00Z,2023-11-22T23:00:00Z,daily,17.6,pm10,µg/m³
35054,2023-11-22T23:00:00Z,2023-11-23T23:00:00Z,daily,20.2,pm10,µg/m³
35054,2023-11-23T23:00:00Z,2023-11-24T23:00:00Z,daily,5.73,pm10,µg/m³
35054,2023-11-24T23:00:00Z,2023-11-25T23:00:00Z,daily,8.74,pm10,µg/m³
35054,2023-11-25T23:00:00Z,2023-11-26T23:00:00Z,daily,9.4,pm10,µg/m³
35054,2023-11-26T23:00:00Z,2023-11-27T23:00:00Z,daily,25.4,pm10,µg/m³
35054,2023-11-27T23:00:00Z,2023-11-28T23:00:00Z,daily,37.3,pm10,µg/m³
35054,2023-11-28T23:00:00Z,2023-11-29T23:00:00Z,daily,28.2,pm10,µg/m³
35054,2023-11-29T23:00:00Z,2023-11-30T23:00:00Z,daily,41.7,pm10,µg/m³
35054,2023-11-30T23:00:00Z,2023-12-01T23:00:00Z,daily,50.9,pm10,µg/m³
35054,2023-12-01T23:00:00Z,2023-12-02T23:00:00Z,daily,53.7,pm10,µg/m³
35054,2023-12-02T23:00:00Z,2023-12-03T23:00:00Z,daily,25.2,pm10,µg/m³
35054,2023-12-03T23:00:00Z,2023-12-04T23:00:00Z,daily,26.6,pm10,µg/m³
35054,2023-12-04T23:00:00Z,2023-12-05T23:00:00Z,daily,45.3,pm10,µg/m³
35054,2023-12-05T23:00:00Z,2023-12-06T23:00:00Z,daily,36.9,pm10,µg/m³
35054,2023-12-06T23:00:00Z,2023-12-07T23:00:00Z,daily,30.3,pm10,µg/m³
35054,2023-12-07T23:00:00Z,2023-12-08T23:00:00Z,daily,29.5,pm10,µg/m³
35054,2023-12-08T23:00:00Z,2023-12-09T23:00:00Z,daily,38.9,pm10,µg/m³
35054,2023-12-09T23:00:00Z,2023-12-10T23:00:00Z,daily,32.4,pm10,µg/m³
35054,2023-12-10T23:00:00Z,2023-12-11T23:00:00Z,daily,25.4,pm10,µg/m³
35054,2023-12-11T23:00:00Z,2023-12-12T23:00:00Z,daily,27.1,pm10,µg/m³
35054,2023-12-13T23:00:00Z,2023-12-14T23:00:00Z,daily,24.6,pm10,µg/m³
35054,2023-12-14T23:00:00Z,2023-12-15T23:00:00Z,daily,22.9,pm10,µg/m³
35054,2023-12-15T23:00:00Z,2023-12-16T23:00:00Z,daily,20.9,pm10,µg/m³
35054,2023-12-16T23:00:00Z,2023-12-17T23:00:00Z,daily,21.1,pm10,µg/m³
35054,2023-12-17T23:00:00Z,2023-12-18T23:00:00Z,daily,18.1,pm10,µg/m³
35054,2023-12-18T23:00:00Z,2023-12-19T23:00:00Z,daily,16.9,pm10,µg/m³
35054,2023-12-19T23:00:00Z,2023-12-20T23:00:00Z,daily,10.7,pm10,µg/m³
35054,2023-12-20T23:00:00Z,2023-12-21T23:00:00Z,daily,6.65,pm10,µg/m³
35054,2023-12-21T23:00:00Z,2023-12-22T23:00:00Z,daily,5.9,pm10,µg/m³
35054,2023-12-22T23:00:00Z,2023-12-23T23:00:00Z,daily,6.4,pm10,µg/m³
35054,2023-12-23T23:00:00Z,2023-12-24T23:00:00Z,daily,8.58,pm10,µg/m³
35054,2023-12-24T23:00:00Z,2023-12-25T23:00:00Z,daily,3.36,pm10,µg/m³
35054,2023-12-25T23:00:00Z,2023-12-26T23:00:00Z,daily,5.98,pm10,µg/m³
35054,2023-12-26T23:00:00Z,2023-12-27T23:00:00Z,daily,12.4,pm10,µg/m³
35054,2023-12-27T23:00:00Z,2023-12-28T23:00:00Z,daily,20.7,pm10,µg/m³
35054,2023-12-28T23:00:00Z,2023-12-29T23:00:00Z,daily,16.9,pm10,µg/m³
35055,2022-12-31T23:00:00Z,2023-01-01T23:00:00Z,daily,7.86,pm25,µg/m³
35055,2023-01-01T23:00:00Z,2023-01-02T23:00:00Z,daily,14.4,pm25,µg/m³
35055,2023-01-02T23:00:00Z,2023-01-03T23:00:00Z,daily,8.05,pm25,µg/m³
35055,2023-01-03T23:00:00Z,2023-01-04T23:00:00Z,daily,14.5,pm25,µg/m³
35055,2023-01-04T23:00:00Z,2023-01-05T23:00:00Z,daily,2.93,pm25,µg/m³
35055,2023-01-05T23:00:00Z,2023-01-06T23:00:00Z,daily,10.5,pm25,µg/m³
35055,2023-01-06T23:00:00Z,2023-01-07T23:00:00Z,daily,20.2,pm25,µg/m³
35055,2023-01-07T23:00:00Z,2023-01-08T23:00:00Z,daily,18.5,pm25,µg/m³
35055,2023-01-08T23:00:00Z,2023-01-09T23:00:00Z,daily,20.7,pm25,µg/m³
35055,2023-01-09T23:00:00Z,2023-01-10T23:00:00Z,daily,22.5,pm25,µg/m³
35055,2023-01-10T23:00:00Z,2023-01-11T23:00:00Z,daily,16.7,pm25,µg/m³
35055,2023-01-15T23:00:00Z,2023-01-16T23:00:00Z,daily,14.9,pm25,µg/m³
35055,2023-01-16T23:00:00Z,2023-01-17T23:00:00Z,daily,15.2,pm25,µg/m³
35055,2023-01-17T23:00:00Z,2023-01-18T23:00:00Z,daily,16.0,pm25,µg/m³
35055,2023-01-18T23:00:00Z,2023-01-19T23:00:00Z,daily,16.9,pm25,µg/m³
35055,2023-01-19T23:00:00Z,2023-01-20T23:00:00Z,daily,15.2,pm25,µg/m³
35055,2023-01-20T23:00:00Z,2023-01-21T23:00:00Z,daily,8.8,pm25,µg/m³
35055,2023-01-21T23:00:00Z,2023-01-22T23:00:00Z,daily,16.4,pm25,µg/m³
35055,2023-01-22T23:00:00Z,2023-01-23T23:00:00Z,daily,20.1,pm25,µg/m³
35055,2023-01-23T23:00:00Z,2023-01-24T23:00:00Z,daily,23.2,pm25,µg/m³
35055,2023-01-24T23:00:00Z,2023-01-25T23:00:00Z,daily,19.6,pm25,µg/m³
35055,2023-01-25T23:00:00Z,2023-01-26T23:00:00Z,daily,22.0,pm25,µg/m³
35055,2023-01-26T23:00:00Z,2023-01-27T23:00:00Z,daily,28.1,pm25,µg/m³
35055,2023-01-27T23:00:00Z,2023-01-28T23:00:00Z,daily,13.6,pm25,µg/m³
35055,2023-01-28T23:00:00Z,2023-01-29T23:00:00Z,daily,14.1,pm25,µg/m³
35055,2023-01-29T23:00:00Z,2023-01-30T23:00:00Z,daily,12.2,pm25,µg/m³
35055,2023-01-30T23:00:00Z,2023-01-31T23:00:00Z,daily,7.06,pm25,µg/m³
35055,2023-01-31T23:00:00Z,2023-02-01T23:00:00Z,daily,5.38,pm25,µg/m³
35055,2023-02-01T23:00:00Z,2023-02-02T23:00:00Z,daily,6.9,pm25,µg/m³
35055,2023-02-13T23:00:00Z,2023-02-14T23:00:00Z,daily,17.6,pm25,µg/m³
35055,2023-02-14T23:00:00Z,2023-02-15T23:00:00Z,daily,21.8,pm25,µg/m³
35055,2023-02-15T23:00:00Z,2023-02-16T23:00:00Z,daily,40.5,pm25,µg/m³
35055,2023-03-18T23:00:00Z,2023-03-19T23:00:00Z,daily,19.9,pm25,µg/m³
35055,2023-03-19T23:00:00Z,2023-03-20T23:00:00Z,daily,34.9,pm25,µg/m³
35055,2023-03-20T23:00:00Z,2023-03-21T23:00:00Z,daily,14.1,pm25,µg/m³
35055,2023-03-21T23:00:00Z,2023-03-22T23:00:00Z,daily,22.6,pm25,µg/m³
35055,2023-03-22T23:00:00Z,2023-03-23T23:00:00Z,daily,26.5,pm25,µg/m³
35055,2023-03-23T23:00:00Z,2023-03-24T23:00:00Z,daily,10.8,pm25,µg/m³
35055,2023-03-24T23:00:00Z,2023-03-26T22:00:00Z,daily,8.81,pm25,µg/m³
35055,2023-03-25T23:00:00Z,2023-03-26T22:00:00Z,daily,7.08,pm25,µg/m³
35055,2023-03-26T22:00:00Z,2023-03-27T22:00:00Z,daily,9.27,pm25,µg/m³
35055,2023-03-27T22:00:00Z,2023-03-28T22:00:00Z,daily,9.16,pm25,µg/m³
35055,2023-03-28T22:00:00Z,2023-03-29T22:00:00Z,daily,8.82,pm25,µg/m³
35055,2023-03-29T22:00:00Z,2023-03-30T22:00:00Z,daily,17.1,pm25,µg/m³
35055,2023-03-30T22:00:00Z,2023-03-31T22:00:00Z,daily,10.9,pm25,µg/m³
35055,2023-03-31T22:00:00Z,2023-04-01T22:00:00Z,daily,10.2,pm25,µg/m³
35055,2023-04-01T22:00:00Z,2023-04-02T22:00:00Z,daily,6.75,pm25,µg/m³
35055,2023-04-02T22:00:00Z,2023-04-03T22:00:00Z,daily,3.33,pm25,µg/m³
35055,2023-04-03T22:00:00Z,2023-04-04T22:00:00Z,daily,5.84,pm25,µg/m³
35055,2023-04-04T22:00:00Z,2023-04-05T22:00:00Z,daily,18.4,pm25,µg/m³
35055,2023-04-05T22:00:00Z,2023-04-06T22:00:00Z,daily,9.05,pm25,µg/m³
35055,2023-04-06T22:00:00Z,2023-04-07T22:00:00Z,daily,14.6,pm25,µg/m³
35055,2023-04-07T22:00:00Z,2023-04-08T22:00:00Z,daily,10.5,pm25,µg/m³
35055,2023-04-08T22:00:00Z,2023-04-09T22:00:00Z,daily,11.1,pm25,µg/m³
35055,2023-04-09T22:00:00Z,2023-04-10T22:00:00Z,daily,12.4,pm25,µg/m³
35055,2023-04-10T22:00:00Z,2023-04-11T22:00:00Z,daily,15.3,pm25,µg/m³
35055,2023-04-11T22:00:00Z,2023-04-12T22:00:00Z,daily,16.8,pm25,µg/m³
35055,2023-04-12T22:00:00Z,2023-04-13T22:00:00Z,daily,23.7,pm25,µg/m³
35055,2023-04-13T22:00:00Z,2023-04-14T22:00:00Z,daily,13.4,pm25,µg/m³
35055,2023-04-14T22:00:00Z,2023-04-15T22:00:00Z,daily,5.32,pm25,µg/m³
35055,2023-04-15T22:00:00Z,2023-04-16T22:00:00Z,daily,9.91,pm25,µg/m³
35055,2023-04-16T22:00:00Z,2023-04-17T22:00:00Z,daily,12.2,pm25,µg/m³
35055,2023-04-17T22:00:00Z,2023-04-18T22:00:00Z,daily,11.7,pm25,µg/m³
35055,2023-04-18T22:00:00Z,2023-04-19T22:00:00Z,daily,10.1,pm25,µg/m³
35055,2023-04-19T22:00:00Z,2023-04-20T22:00:00Z,daily,12.2,pm25,µg/m³
35055,2023-04-20T22:00:00Z,2023-04-21T22:00:00Z,daily,10.9,pm25,µg/m³
35055,2023-04-21T22:00:00Z,2023-04-22T22:00:00Z,daily,21.4,pm25,µg/m³
35055,2023-04-22T22:00:00Z,2023-04-23T22:00:00Z,daily,13.5,pm25,µg/m³
35055,2023-04-23T22:00:00Z,2023-04-24T22:00:00Z,daily,13.6,pm25,µg/m³
35055,2023-04-25T22:00:00Z,2023-04-26T22:00:00Z,daily,7.31,pm25,µg/m³
35055,2023-04-26T22:00:00Z,2023-04-27T22:00:00Z,daily,14.1,pm25,µg/m³
35055,2023-04-27T22:00:00Z,2023-04-28T22:00:00Z,daily,15.6,pm25,µg/m³
35055,2023-04-28T22:00:00Z,2023-04-29T22:00:00Z,daily,14.2,pm25,µg/m³
35055,2023-04-29T22:00:00Z,2023-04-30T22:00:00Z,daily,10.5,pm25,µg/m³
35055,2023-04-30T22:00:00Z,2023-05-01T22:00:00Z,daily,7.63,pm25,µg/m³
35055,2023-05-01T22:00:00Z,2023-05-02T22:00:00Z,daily,10.4,pm25,µg/m³
35055,2023-05-02T22:00:00Z,2023-05-03T22:00:00Z,daily,4.93,pm25,µg/m³
35055,2023-05-03T22:00:00Z,2023-05-04T22:00:00Z,daily,11.8,pm25,µg/m³
35055,2023-05-04T22:00:00Z,2023-05-05T22:00:00Z,daily,6.5,pm25,µg/m³
35055,2023-05-05T22:00:00Z,2023-05-06T22:00:00Z,daily,7.25,pm25,µg/m³
35055,2023-05-06T22:00:00Z,2023-05-07T22:00:00Z,daily,4.66,pm25,µg/m³
35055,2023-05-07T22:00:00Z,2023-05-08T22:00:00Z,daily,13.3,pm25,µg/m³
35055,2023-05-09T22:00:00Z,2023-05-10T22:00:00Z,daily,7.3,pm25,µg/m³
35055,2023-05-10T22:00:00Z,2023-05-11T22:00:00Z,daily,6.73,pm25,µg/m³
35055,2023-05-11T22:00:00Z,2023-05-12T22:00:00Z,daily,8.63,pm25,µg/m³
35055,2023-05-12T22:00:00Z,2023-05-13T22:00:00Z,daily,17.1,pm25,µg/m³
35055,2023-05-13T22:00:00Z,2023-05-14T22:00:00Z,daily,21.8,pm25,µg/m³
35055,2023-05-15T22:00:00Z,2023-05-16T22:00:00Z,daily,8.82,pm25,µg/m³
35055,2023-05-16T22:00:00Z,2023-05-17T22:00:00Z,daily,13.2,pm25,µg/m³
35055,2023-05-17T22:00:00Z,2023-05-18T22:00:00Z,daily,4.16,pm25,µg/m³
35055,2023-05-18T22:00:00Z,2023-05-19T22:00:00Z,daily,7.81,pm25,µg/m³
35055,2023-05-19T22:00:00Z,2023-05-20T22:00:00Z,daily,9.44,pm25,µg/m³
35055,2023-05-20T22:00:00Z,2023-05-21T22:00:00Z,daily,6.06,pm25,µg/m³
35055,2023-05-21T22:00:00Z,2023-05-22T22:00:00Z,daily,7.43,pm25,µg/m³
35055,2023-05-22T22:00:00Z,2023-05-23T22:00:00Z,daily,12.1,pm25,µg/m³
35055,2023-05-23T22:00:00Z,2023-05-24T22:00:00Z,daily,13.1,pm25,µg/m³
35055,2023-05-24T22:00:00Z,2023-05-25T22:00:00Z,daily,21.1,pm25,µg/m³
35055,2023-05-25T22:00:00Z,2023-05-26T22:00:00Z,daily,9.4,pm25,µg/m³
35055,2023-05-27T22:00:00Z,2023-05-28T22:00:00Z,daily,4.65,pm25,µg/m³
35055,2023-05-28T22:00:00Z,2023-05-29T22:00:00Z,daily,8.89,pm25,µg/m³
35055,2023-05-29T22:00:00Z,2023-05-30T22:00:00Z,daily,4.61,pm25,µg/m³
35055,2023-05-30T22:00:00Z,2023-05-31T22:00:00Z,daily,4.49,pm25,µg/m³
35055,2023-05-31T22:00:00Z,2023-06-01T22:00:00Z,daily,6.0,pm25,µg/m³
35055,2023-06-01T22:00:00Z,2023-06-02T22:00:00Z,daily,7.88,pm25,µg/m³
35055,2023-06-02T22:00:00Z,2023-06-03T22:00:00Z,daily,2.91,pm25,µg/m³
35055,2023-06-03T22:00:00Z,2023-06-04T22:00:00Z,daily,4.18,pm25,µg/m³
35055,2023-06-04T22:00:00Z,2023-06-05T22:00:00Z,daily,4.61,pm25,µg/m³
35055,2023-06-05T22:00:00Z,2023-06-06T22:00:00Z,daily,8.0,pm25,µg/m³
35055,2023-06-06T22:00:00Z,2023-06-07T22:00:00Z,daily,10.1,pm25,µg/m³
35055,2023-06-07T22:00:00Z,2023-06-08T22:00:00Z,daily,10.6,pm25,µg/m³
35055,2023-06-08T22:00:00Z,2023-06-09T22:00:00Z,daily,11.7,pm25,µg/m³
35055,2023-06-09T22:00:00Z,2023-06-10T22:00:00Z,daily,10.6,pm25,µg/m³
35055,2023-06-10T22:00:00Z,2023-06-11T22:00:00Z,daily,7.15,pm25,µg/m³
35055,2023-06-11T22:00:00Z,2023-06-12T22:00:00Z,daily,4.92,pm25,µg/m³
35055,2023-06-12T22:00:00Z,2023-06-13T22:00:00Z,daily,7.99,pm25,µg/m³
35055,2023-06-13T22:00:00Z,2023-06-14T22:00:00Z,daily,10.1,pm25,µg/m³
35055,2023-06-14T22:00:00Z,2023-06-15T22:00:00Z,daily,13.9,pm25,µg/m³
35055,2023-06-15T22:00:00Z,2023-06-16T22:00:00Z,daily,17.7,pm25,µg/m³
35055,2023-06-16T22:00:00Z,2023-06-17T22:00:00Z,daily,12.0,pm25,µg/m³
35055,2023-06-17T22:00:00Z,2023-06-18T22:00:00Z,daily,17.3,pm25,µg/m³
35055,2023-06-18T22:00:00Z,2023-06-19T22:00:00Z,daily,9.5,pm25,µg/m³
35055,2023-06-19T22:00:00Z,2023-06-20T22:00:00Z,daily,10.2,pm25,µg/m³
35055,2023-06-20T22:00:00Z,2023-06-21T22:00:00Z,daily,16.4,pm25,µg/m³
35055,2023-06-21T22:00:00Z,2023-06-22T22:00:00Z,daily,15.6,pm25,µg/m³
35055,2023-06-23T22:00:00Z,2023-06-24T22:00:00Z,daily,7.05,pm25,µg/m³
35055,2023-06-24T22:00:00Z,2023-06-25T22:00:00Z,daily,13.2,pm25,µg/m³
35055,2023-06-25T22:00:00Z,2023-06-26T22:00:00Z,daily,7.32,pm25,µg/m³
35055,2023-06-26T22:00:00Z,2023-06-27T22:00:00Z,daily,7.79,pm25,µg/m³
35055,2023-06-27T22:00:00Z,2023-06-28T22:00:00Z,daily,5.17,pm25,µg/m³
35055,2023-06-28T22:00:00Z,2023-06-29T22:00:00Z,daily,6.15,pm25,µg/m³
35055,2023-06-29T22:00:00Z,2023-06-30T22:00:00Z,daily,7.68,pm25,µg/m³
35055,2023-06-30T22:00:00Z,2023-07-01T22:00:00Z,daily,12.1,pm25,µg/m³
35055,2023-07-01T22:00:00Z,2023-07-02T22:00:00Z,daily,9.08,pm25,µg/m³
35055,2023-07-02T22:00:00Z,2023-07-03T22:00:00Z,daily,8.97,pm25,µg/m³
35055,2023-07-03T22:00:00Z,2023-07-04T22:00:00Z,daily,10.2,pm25,µg/m³
35055,2023-07-04T22:00:00Z,2023-07-05T22:00:00Z,daily,20.9,pm25,µg/m³
35055,2023-07-05T22:00:00Z,2023-07-06T22:00:00Z,daily,6.77,pm25,µg/m³
35055,2023-07-06T22:00:00Z,2023-07-07T22:00:00Z,daily,9.26,pm25,µg/m³
35055,2023-07-07T22:00:00Z,2023-07-08T22:00:00Z,daily,7.7,pm25,µg/m³
35055,2023-07-08T22:00:00Z,2023-07-09T22:00:00Z,daily,5.67,pm25,µg/m³
35055,2023-07-09T22:00:00Z,2023-07-10T22:00:00Z,daily,5.23,pm25,µg/m³
35055,2023-07-10T22:00:00Z,2023-07-11T22:00:00Z,daily,4.33,pm25,µg/m³
35055,2023-07-11T22:00:00Z,2023-07-12T22:00:00Z,daily,7.23,pm25,µg/m³
35055,2023-07-12T22:00:00Z,2023-07-13T22:00:00Z,daily,10.3,pm25,µg/m³
35055,2023-07-16T22:00:00Z,2023-07-17T22:00:00Z,daily,7.01,pm25,µg/m³
35055,2023-07-17T22:00:00Z,2023-07-18T22:00:00Z,daily,5.71,pm25,µg/m³
35055,2023-07-18T22:00:00Z,2023-07-19T22:00:00Z,daily,4.79,pm25,µg/m³
35055,2023-07-19T22:00:00Z,2023-07-20T22:00:00Z,daily,6.61,pm25,µg/m³
35055,2023-07-20T22:00:00Z,2023-07-21T22:00:00Z,daily,6.74,pm25,µg/m³
35055,2023-07-21T22:00:00Z,2023-07-22T22:00:00Z,daily,9.02,pm25,µg/m³
35055,2023-07-22T22:00:00Z,2023-07-23T22:00:00Z,daily,6.51,pm25,µg/m³
35055,2023-07-23T22:00:00Z,2023-07-24T22:00:00Z,daily,5.64,pm25,µg/m³
35055,2023-07-24T22:00:00Z,2023-07-25T22:00:00Z,daily,6.4,pm25,µg/m³
35055,2023-07-25T22:00:00Z,2023-07-26T22:00:00Z,daily,6.31,pm25,µg/m³
35055,2023-07-26T22:00:00Z,2023-07-27T22:00:00Z,daily,6.09,pm25,µg/m³
35055,2023-07-27T22:00:00Z,2023-07-28T22:00:00Z,daily,6.66,pm25,µg/m³
35055,2023-07-28T22:00:00Z,2023-07-29T22:00:00Z,daily,7.58,pm25,µg/m³
35055,2023-07-29T22:00:00Z,2023-07-30T22:00:00Z,daily,5.48,pm25,µg/m³
35055,2023-07-30T22:00:00Z,2023-07-31T22:00:00Z,daily,5.04,pm25,µg/m³
35055,2023-07-31T22:00:00Z,2023-08-01T22:00:00Z,daily,6.15,pm25,µg/m³
35055,2023-08-01T22:00:00Z,2023-08-02T22:00:00Z,daily,4.67,pm25,µg/m³
35055,2023-08-02T22:00:00Z,2023-08-03T22:00:00Z,daily,4.3,pm25,µg/m³
35055,2023-08-03T22:00:00Z,2023-08-04T22:00:00Z,daily,3.6,pm25,µg/m³
35055,2023-08-04T22:00:00Z,2023-08-05T22:00:00Z,daily,8.9,pm25,µg/m³
35055,2023-08-05T22:00:00Z,2023-08-06T22:00:00Z,daily,8.71,pm25,µg/m³
35055,2023-08-06T22:00:00Z,2023-08-07T22:00:00Z,daily,2.85,pm25,µg/m³
35055,2023-08-07T22:00:00Z,2023-08-08T22:00:00Z,daily,3.86,pm25,µg/m³
35055,2023-08-08T22:00:00Z,2023-08-09T22:00:00Z,daily,4.72,pm25,µg/m³
35055,2023-08-09T22:00:00Z,2023-08-10T22:00:00Z,daily,9.27,pm25,µg/m³
35055,2023-08-10T22:00:00Z,2023-08-11T22:00:00Z,daily,6.92,pm25,µg/m³
35055,2023-08-11T22:00:00Z,2023-08-12T22:00:00Z,daily,7.09,pm25,µg/m³
35055,2023-08-12T22:00:00Z,2023-08-13T22:00:00Z,daily,9.12,pm25,µg/m³
35055,2023-08-13T22:00:00Z,2023-08-14T22:00:00Z,daily,10.9,pm25,µg/m³
35055,2023-08-14T22:00:00Z,2023-08-15T22:00:00Z,daily,9.34,pm25,µg/m³
35055,2023-08-15T22:00:00Z,2023-08-16T22:00:00Z,daily,11.5,pm25,µg/m³
35055,2023-08-16T22:00:00Z,2023-08-17T22:00:00Z,daily,10.7,pm25,µg/m³
35055,2023-08-17T22:00:00Z,2023-08-18T22:00:00Z,daily,9.96,pm25,µg/m³
35055,2023-08-23T22:00:00Z,2023-08-24T22:00:00Z,daily,9.25,pm25,µg/m³
35055,2023-08-24T22:00:00Z,2023-08-25T22:00:00Z,daily,16.4,pm25,µg/m³
35055,2023-08-25T22:00:00Z,2023-08-26T22:00:00Z,daily,9.55,pm25,µg/m³
35055,2023-08-26T22:00:00Z,2023-08-27T22:00:00Z,daily,12.2,pm25,µg/m³
35055,2023-08-27T22:00:00Z,2023-08-28T22:00:00Z,daily,8.66,pm25,µg/m³
35055,2023-08-28T22:00:00Z,2023-08-29T22:00:00Z,daily,9.06,pm25,µg/m³
35055,2023-08-29T22:00:00Z,2023-08-30T22:00:00Z,daily,12.8,pm25,µg/m³
35055,2023-08-30T22:00:00Z,2023-08-31T22:00:00Z,daily,6.76,pm25,µg/m³
35055,2023-08-31T22:00:00Z,2023-09-01T22:00:00Z,daily,6.22,pm25,µg/m³
35055,2023-09-01T22:00:00Z,2023-09-02T22:00:00Z,daily,10.3,pm25,µg/m³
35055,2023-09-02T22:00:00Z,2023-09-03T22:00:00Z,daily,10.1,pm25,µg/m³
35055,2023-09-03T22:00:00Z,2023-09-04T22:00:00Z,daily,6.95,pm25,µg/m³
35055,2023-09-04T22:00:00Z,2023-09-05T22:00:00Z,daily,8.29,pm25,µg/m³
35055,2023-09-05T22:00:00Z,2023-09-06T22:00:00Z,daily,10.8,pm25,µg/m³
35055,2023-09-06T22:00:00Z,2023-09-07T22:00:00Z,daily,13.8,pm25,µg/m³
35055,2023-09-07T22:00:00Z,2023-09-08T22:00:00Z,daily,13.4,pm25,µg/m³
35055,2023-09-08T22:00:00Z,2023-09-09T22:00:00Z,daily,20.8,pm25,µg/m³
35055,2023-09-09T22:00:00Z,2023-09-10T22:00:00Z,daily,16.4,pm25,µg/m³
35055,2023-09-10T22:00:00Z,2023-09-11T22:00:00Z,daily,14.6,pm25,µg/m³
35055,2023-09-11T22:00:00Z,2023-09-12T22:00:00Z,daily,19.9,pm25,µg/m³
35055,2023-09-12T22:00:00Z,2023-09-13T22:00:00Z,daily,30.5,pm25,µg/m³
35055,2023-09-17T22:00:00Z,2023-09-18T22:00:00Z,daily,9.14,pm25,µg/m³
35055,2023-09-18T22:00:00Z,2023-09-19T22:00:00Z,daily,10.1,pm25,µg/m³
35055,2023-09-19T22:00:00Z,2023-09-20T22:00:00Z,daily,7.72,pm25,µg/m³
35055,2023-09-21T22:00:00Z,2023-09-22T22:00:00Z,daily,13.3,pm25,µg/m³
35055,2023-09-22T22:00:00Z,2023-09-23T22:00:00Z,daily,12.9,pm25,µg/m³
35055,2023-09-23T22:00:00Z,2023-09-24T22:00:00Z,daily,7.23,pm25,µg/m³
35055,2023-09-24T22:00:00Z,2023-09-25T22:00:00Z,daily,6.04,pm25,µg/m³
35055,2023-09-25T22:00:00Z,2023-09-26T22:00:00Z,daily,16.5,pm25,µg/m³
35055,2023-09-26T22:00:00Z,2023-09-27T22:00:00Z,daily,21.7,pm25,µg/m³
35055,2023-09-27T22:00:00Z,2023-09-28T22:00:00Z,daily,20.2,pm25,µg/m³
35055,2023-09-28T22:00:00Z,2023-09-29T22:00:00Z,daily,19.4,pm25,µg/m³
35055,2023-09-29T22:00:00Z,2023-09-30T22:00:00Z,daily,14.6,pm25,µg/m³
35055,2023-09-30T22:00:00Z,2023-10-01T22:00:00Z,daily,8.38,pm25,µg/m³
35055,2023-10-01T22:00:00Z,2023-10-02T22:00:00Z,daily,11.8,pm25,µg/m³
35055,2023-10-02T22:00:00Z,2023-10-03T22:00:00Z,daily,10.0,pm25,µg/m³
35055,2023-10-03T22:00:00Z,2023-10-04T22:00:00Z,daily,6.42,pm25,µg/m³
35055,2023-10-04T22:00:00Z,2023-10-05T22:00:00Z,daily,9.38,pm25,µg/m³
35055,2023-10-05T22:00:00Z,2023-10-06T22:00:00Z,daily,12.2,pm25,µg/m³
35055,2023-10-06T22:00:00Z,2023-10-07T22:00:00Z,daily,6.61,pm25,µg/m³
35055,2023-10-07T22:00:00Z,2023-10-08T22:00:00Z,daily,4.65,pm25,µg/m³
35055,2023-10-08T22:00:00Z,2023-10-09T22:00:00Z,daily,10.6,pm25,µg/m³
35055,2023-10-09T22:00:00Z,2023-10-10T22:00:00Z,daily,19.7,pm25,µg/m³
35055,2023-10-10T22:00:00Z,2023-10-11T22:00:00Z,daily,19.9,pm25,µg/m³
35055,2023-10-11T22:00:00Z,2023-10-12T22:00:00Z,daily,10.9,pm25,µg/m³
35055,2023-10-12T22:00:00Z,2023-10-13T22:00:00Z,daily,15.1,pm25,µg/m³
35055,2023-10-13T22:00:00Z,2023-10-14T22:00:00Z,daily,11.8,pm25,µg/m³
35055,2023-10-14T22:00:00Z,2023-10-15T22:00:00Z,daily,6.05,pm25,µg/m³
35055,2023-10-15T22:00:00Z,2023-10-16T22:00:00Z,daily,5.8,pm25,µg/m³
35055,2023-10-25T22:00:00Z,2023-10-26T22:00:00Z,daily,11.0,pm25,µg/m³
35055,2023-10-26T22:00:00Z,2023-10-27T22:00:00Z,daily,13.5,pm25,µg/m³
35055,2023-10-27T22:00:00Z,2023-10-28T22:00:00Z,daily,9.76,pm25,µg/m³
35055,2023-10-28T22:00:00Z,2023-10-29T23:00:00Z,daily,18.4,pm25,µg/m³
35055,2023-10-29T23:00:00Z,2023-10-30T23:00:00Z,daily,14.3,pm25,µg/m³
35055,2023-10-30T23:00:00Z,2023-10-31T23:00:00Z,daily,13.2,pm25,µg/m³
35055,2023-10-31T23:00:00Z,2023-11-01T23:00:00Z,daily,4.4,pm25,µg/m³
35055,2023-11-01T23:00:00Z,2023-11-02T23:00:00Z,daily,17.4,pm25,µg/m³
35055,2023-11-02T23:00:00Z,2023-11-03T23:00:00Z,daily,6.67,pm25,µg/m³
35055,2023-11-03T23:00:00Z,2023-11-04T23:00:00Z,daily,7.94,pm25,µg/m³
35055,2023-11-04T23:00:00Z,2023-11-05T23:00:00Z,daily,18.4,pm25,µg/m³
35055,2023-11-05T23:00:00Z,2023-11-06T23:00:00Z,daily,4.33,pm25,µg/m³
35055,2023-11-06T23:00:00Z,2023-11-07T23:00:00Z,daily,11.6,pm25,µg/m³
35055,2023-11-07T23:00:00Z,2023-11-08T23:00:00Z,daily,16.4,pm25,µg/m³
35055,2023-11-08T23:00:00Z,2023-11-09T23:00:00Z,daily,16.6,pm25,µg/m³
35055,2023-11-09T23:00:00Z,2023-11-10T23:00:00Z,daily,13.4,pm25,µg/m³
35055,2023-11-10T23:00:00Z,2023-11-11T23:00:00Z,daily,24.5,pm25,µg/m³
35055,2023-11-11T23:00:00Z,2023-11-12T23:00:00Z,daily,18.6,pm25,µg/m³
35055,2023-11-12T23:00:00Z,2023-11-13T23:00:00Z,daily,15.5,pm25,µg/m³
35055,2023-11-13T23:00:00Z,2023-11-14T23:00:00Z,daily,12.9,pm25,µg/m³
35055,2023-11-14T23:00:00Z,2023-11-15T23:00:00Z,daily,9.98,pm25,µg/m³
35055,2023-11-15T23:00:00Z,2023-11-16T23:00:00Z,daily,21.0,pm25,µg/m³
35055,2023-11-16T23:00:00Z,2023-11-17T23:00:00Z,daily,13.0,pm25,µg/m³
35055,2023-11-17T23:00:00Z,2023-11-18T23:00:00Z,daily,11.6,pm25,µg/m³
35055,2023-11-18T23:00:00Z,2023-11-19T23:00:00Z,daily,18.5,pm25,µg/m³
35055,2023-11-19T23:00:00Z,2023-11-20T23:00:00Z,daily,13.0,pm25,µg/m³
35055,2023-11-20T23:00:00Z,2023-11-21T23:00:00Z,daily,18.5,pm25,µg/m³
35055,2023-11-21T23:00:00Z,2023-11-22T23:00:00Z,daily,12.9,pm25,µg/m³
35055,2023-11-22T23:00:00Z,2023-11-23T23:00:00Z,daily,16.5,pm25,µg/m³
35055,2023-11-23T23:00:00Z,2023-11-24T23:00:00Z,daily,3.8,pm25,µg/m³
35055,2023-11-24T23:00:00Z,2023-11-25T23:00:00Z,daily,7.18,pm25,µg/m³
35055,2023-11-25T23:00:00Z,2023-11-26T23:00:00Z,daily,7.78,pm25,µg/m³
35055,2023-11-26T23:00:00Z,2023-11-27T23:00:00Z,daily,21.0,pm25,µg/m³
35055,2023-11-27T23:00:00Z,2023-11-28T23:00:00Z,daily,30.8,pm25,µg/m³
35055,2023-11-28T23:00:00Z,2023-11-29T23:00:00Z,daily,23.4,pm25,µg/m³
35055,2023-11-29T23:00:00Z,2023-11-30T23:00:00Z,daily,34.7,pm25,µg/m³
35055,2023-11-30T23:00:00Z,2023-12-01T23:00:00Z,daily,40.3,pm25,µg/m³
35055,2023-12-01T23:00:00Z,2023-12-02T23:00:00Z,daily,44.5,pm25,µg/m³
35055,2023-12-02T23:00:00Z,2023-12-03T23:00:00Z,daily,20.5,pm25,µg/m³
35055,2023-12-03T23:00:00Z,2023-12-04T23:00:00Z,daily,21.8,pm25,µg/m³
35055,2023-12-04T23:00:00Z,2023-12-05T23:00:00Z,daily,38.0,pm25,µg/m³
35055,2023-12-05T23:00:00Z,2023-12-06T23:00:00Z,daily,30.2,pm25,µg/m³
35055,2023-12-06T23:00:00Z,2023-12-07T23:00:00Z,daily,24.9,pm25,µg/m³
35055,2023-12-07T23:00:00Z,2023-12-08T23:00:00Z,daily,24.5,pm25,µg/m³
35055,2023-12-08T23:00:00Z,2023-12-09T23:00:00Z,daily,32.7,pm25,µg/m³
35055,2023-12-09T23:00:00Z,2023-12-10T23:00:00Z,daily,27.5,pm25,µg/m³
35055,2023-12-10T23:00:00Z,2023-12-11T23:00:00Z,daily,21.3,pm25,µg/m³
35055,2023-12-11T23:00:00Z,2023-12-12T23:00:00Z,daily,20.8,pm25,µg/m³
35055,2023-12-13T23:00:00Z,2023-12-14T23:00:00Z,daily,19.6,pm25,µg/m³
35055,2023-12-14T23:00:00Z,2023-12-15T23:00:00Z,daily,19.2,pm25,µg/m³
35055,2023-12-15T23:00:00Z,2023-12-16T23:00:00Z,daily,16.7,pm25,µg/m³
35055,2023-12-16T23:00:00Z,2023-12-17T23:00:00Z,daily,17.3,pm25,µg/m³
35055,2023-12-17T23:00:00Z,2023-12-18T23:00:00Z,daily,15.0,pm25,µg/m³
35055,2023-12-18T23:00:00Z,2023-12-19T23:00:00Z,daily,13.3,pm25,µg/m³
35055,2023-12-19T23:00:00Z,2023-12-20T23:00:00Z,daily,9.03,pm25,µg/m³
35055,2023-12-20T23:00:00Z,2023-12-21T23:00:00Z,daily,5.35,pm25,µg/m³
35055,2023-12-21T23:00:00Z,2023-12-22T23:00:00Z,daily,4.02,pm25,µg/m³
35055,2023-12-22T23:00:00Z,2023-12-23T23:00:00Z,daily,4.3,pm25,µg/m³
35055,2023-12-23T23:00:00Z,2023-12-24T23:00:00Z,daily,6.78,pm25,µg/m³
35055,2023-12-24T23:00:00Z,2023-12-25T23:00:00Z,daily,2.38,pm25,µg/m³
35055,2023-12-25T23:00:00Z,2023-12-26T23:00:00Z,daily,4.55,pm25,µg/m³
35055,2023-12-26T23:00:00Z,2023-12-27T23:00:00Z,daily,9.2,pm25,µg/m³
35055,2023-12-27T23:00:00Z,2023-12-28T23:00:00Z,daily,16.5,pm25,µg/m³
35055,2023-12-28T23:00:00Z,2023-12-29T23:00:00Z,daily,13.7,pm25,µg/m³
35986,2022-12-31T23:00:00Z,2023-01-01T23:00:00Z,daily,6.01,no2,µg/m³
35986,2023-01-01T23:00:00Z,2023-01-02T23:00:00Z,daily,24.6,no2,µg/m³
35986,2023-01-02T23:00:00Z,2023-01-03T23:00:00Z,daily,14.9,no2,µg/m³
35986,2023-01-03T23:00:00Z,2023-01-04T23:00:00Z,daily,26.1,no2,µg/m³
35986,2023-01-04T23:00:00Z,2023-01-05T23:00:00Z,daily,7.35,no2,µg/m³
35986,2023-01-05T23:00:00Z,2023-01-06T23:00:00Z,daily,8.84,no2,µg/m³
35986,2023-01-06T23:00:00Z,2023-01-07T23:00:00Z,daily,24.4,no2,µg/m³
35986,2023-01-07T23:00:00Z,2023-01-08T23:00:00Z,daily,10.9,no2,µg/m³
35986,2023-01-08T23:00:00Z,2023-01-09T23:00:00Z,daily,23.1,no2,µg/m³
35986,2023-01-09T23:00:00Z,2023-01-10T23:00:00Z,daily,21.9,no2,µg/m³
35986,2023-01-10T23:00:00Z,2023-01-11T23:00:00Z,daily,20.4,no2,µg/m³
35986,2023-01-15T23:00:00Z,2023-01-16T23:00:00Z,daily,11.8,no2,µg/m³
35986,2023-01-16T23:00:00Z,2023-01-17T23:00:00Z,daily,29.0,no2,µg/m³
35986,2023-01-17T23:00:00Z,2023-01-18T23:00:00Z,daily,25.9,no2,µg/m³
35986,2023-01-18T23:00:00Z,2023-01-19T23:00:00Z,daily,30.2,no2,µg/m³
35986,2023-01-19T23:00:00Z,2023-01-20T23:00:00Z,daily,19.7,no2,µg/m³
35986,2023-01-20T23:00:00Z,2023-01-21T23:00:00Z,daily,10.5,no2,µg/m³
35986,2023-01-21T23:00:00Z,2023-01-22T23:00:00Z,daily,10.8,no2,µg/m³
35986,2023-01-22T23:00:00Z,2023-01-23T23:00:00Z,daily,18.9,no2,µg/m³
35986,2023-01-23T23:00:00Z,2023-01-24T23:00:00Z,daily,17.3,no2,µg/m³
35986,2023-01-24T23:00:00Z,2023-01-25T23:00:00Z,daily,17.7,no2,µg/m³
35986,2023-01-25T23:00:00Z,2023-01-26T23:00:00Z,daily,26.0,no2,µg/m³
35986,2023-01-26T23:00:00Z,2023-01-27T23:00:00Z,daily,28.3,no2,µg/m³
35986,2023-01-27T23:00:00Z,2023-01-28T23:00:00Z,daily,13.8,no2,µg/m³
35986,2023-01-28T23:00:00Z,2023-01-29T23:00:00Z,daily,8.26,no2,µg/m³
35986,2023-01-29T23:00:00Z,2023-01-30T23:00:00Z,daily,14.8,no2,µg/m³
35986,2023-01-30T23:00:00Z,2023-01-31T23:00:00Z,daily,12.9,no2,µg/m³
35986,2023-01-31T23:00:00Z,2023-02-01T23:00:00Z,daily,9.88,no2,µg/m³
35986,2023-02-01T23:00:00Z,2023-02-02T23:00:00Z,daily,8.4,no2,µg/m³
35986,2023-02-13T23:00:00Z,2023-02-14T23:00:00Z,daily,15.0,no2,µg/m³
35986,2023-02-14T23:00:00Z,2023-02-15T23:00:00Z,daily,23.6,no2,µg/m³
35986,2023-02-15T23:00:00Z,2023-02-16T23:00:00Z,daily,33.9,no2,µg/m³
35986,2023-03-18T23:00:00Z,2023-03-19T23:00:00Z,daily,23.8,no2,µg/m³
35986,2023-03-19T23:00:00Z,2023-03-20T23:00:00Z,daily,28.9,no2,µg/m³
35986,2023-03-20T23:00:00Z,2023-03-21T23:00:00Z,daily,19.8,no2,µg/m³
35986,2023-03-21T23:00:00Z,2023-03-22T23:00:00Z,daily,23.6,no2,µg/m³
35986,2023-03-22T23:00:00Z,2023-03-23T23:00:00Z,daily,19.7,no2,µg/m³
35986,2023-03-23T23:00:00Z,2023-03-24T23:00:00Z,daily,19.3,no2,µg/m³
35986,2023-03-24T23:00:00Z,2023-03-26T22:00:00Z,daily,15.2,no2,µg/m³
35986,2023-03-25T23:00:00Z,2023-03-26T22:00:00Z,daily,15.7,no2,µg/m³
35986,2023-03-26T22:00:00Z,2023-03-27T22:00:00Z,daily,19.0,no2,µg/m³
35986,2023-03-27T22:00:00Z,2023-03-28T22:00:00Z,daily,20.5,no2,µg/m³
35986,2023-03-28T22:00:00Z,2023-03-29T22:00:00Z,daily,22.1,no2,µg/m³
35986,2023-03-29T22:00:00Z,2023-03-30T22:00:00Z,daily,25.5,no2,µg/m³
35986,2023-03-30T22:00:00Z,2023-03-31T22:00:00Z,daily,20.3,no2,µg/m³
35986,2023-03-31T22:00:00Z,2023-04-01T22:00:00Z,daily,16.6,no2,µg/m³
35986,2023-04-01T22:00:00Z,2023-04-02T22:00:00Z,daily,16.0,no2,µg/m³
35986,2023-04-02T22:00:00Z,2023-04-03T22:00:00Z,daily,16.0,no2,µg/m³
35986,2023-04-03T22:00:00Z,2023-04-04T22:00:00Z,daily,19.9,no2,µg/m³
35986,2023-04-04T22:00:00Z,2023-04-05T22:00:00Z,daily,29.7,no2,µg/m³
35986,2023-04-05T22:00:00Z,2023-04-06T22:00:00Z,daily,21.2,no2,µg/m³
35986,2023-04-06T22:00:00Z,2023-04-07T22:00:00Z,daily,22.0,no2,µg/m³
35986,2023-04-07T22:00:00Z,2023-04-08T22:00:00Z,daily,20.8,no2,µg/m³
35986,2023-04-08T22:00:00Z,2023-04-09T22:00:00Z,daily,20.9,no2,µg/m³
35986,2023-04-09T22:00:00Z,2023-04-10T22:00:00Z,daily,23.7,no2,µg/m³
35986,2023-04-10T22:00:00Z,2023-04-11T22:00:00Z,daily,27.0,no2,µg/m³
35986,2023-04-11T22:00:00Z,2023-04-12T22:00:00Z,daily,25.8,no2,µg/m³
35986,2023-04-12T22:00:00Z,2023-04-13T22:00:00Z,daily,33.6,no2,µg/m³
35986,2023-04-13T22:00:00Z,2023-04-14T22:00:00Z,daily,24.7,no2,µg/m³
35986,2023-04-14T22:00:00Z,2023-04-15T22:00:00Z,daily,21.3,no2,µg/m³
35986,2023-04-15T22:00:00Z,2023-04-16T22:00:00Z,daily,19.5,no2,µg/m³
35986,2023-04-16T22:00:00Z,2023-04-17T22:00:00Z,daily,21.8,no2,µg/m³
35986,2023-04-17T22:00:00Z,2023-04-18T22:00:00Z,daily,17.7,no2,µg/m³
35986,2023-04-18T22:00:00Z,2023-04-19T22:00:00Z,daily,23.9,no2,µg/m³
35986,2023-04-19T22:00:00Z,2023-04-20T22:00:00Z,daily,45.9,no2,µg/m³
35986,2023-04-20T22:00:00Z,2023-04-21T22:00:00Z,daily,24.4,no2,µg/m³
35986,2023-04-21T22:00:00Z,2023-04-22T22:00:00Z,daily,41.4,no2,µg/m³
35986,2023-04-22T22:00:00Z,2023-04-23T22:00:00Z,daily,16.5,no2,µg/m³
35986,2023-04-23T22:00:00Z,2023-04-24T22:00:00Z,daily,25.8,no2,µg/m³
35986,2023-04-25T22:00:00Z,2023-04-26T22:00:00Z,daily,15.5,no2,µg/m³
35986,2023-04-26T22:00:00Z,2023-04-27T22:00:00Z,daily,25.4,no2,µg/m³
35986,2023-04-27T22:00:00Z,2023-04-28T22:00:00Z,daily,34.3,no2,µg/m³
35986,2023-04-28T22:00:00Z,2023-04-29T22:00:00Z,daily,16.7,no2,µg/m³
35986,2023-04-29T22:00:00Z,2023-04-30T22:00:00Z,daily,11.7,no2,µg/m³
35986,2023-04-30T22:00:00Z,2023-05-01T22:00:00Z,daily,11.6,no2,µg/m³
35986,2023-05-01T22:00:00Z,2023-05-02T22:00:00Z,daily,12.4,no2,µg/m³
35986,2023-05-02T22:00:00Z,2023-05-03T22:00:00Z,daily,10.3,no2,µg/m³
35986,2023-05-03T22:00:00Z,2023-05-04T22:00:00Z,daily,32.0,no2,µg/m³
35986,2023-05-04T22:00:00Z,2023-05-05T22:00:00Z,daily,19.0,no2,µg/m³
35986,2023-05-05T22:00:00Z,2023-05-06T22:00:00Z,daily,13.2,no2,µg/m³
35986,2023-05-06T22:00:00Z,2023-05-07T22:00:00Z,daily,11.5,no2,µg/m³
35986,2023-05-07T22:00:00Z,2023-05-08T22:00:00Z,daily,27.1,no2,µg/m³
35986,2023-05-09T22:00:00Z,2023-05-10T22:00:00Z,daily,16.4,no2,µg/m³
35986,2023-05-10T22:00:00Z,2023-05-11T22:00:00Z,daily,13.4,no2,µg/m³
35986,2023-05-11T22:00:00Z,2023-05-12T22:00:00Z,daily,20.5,no2,µg/m³
35986,2023-05-12T22:00:00Z,2023-05-13T22:00:00Z,daily,41.3,no2,µg/m³
35986,2023-05-13T22:00:00Z,2023-05-14T22:00:00Z,daily,46.2,no2,µg/m³
35986,2023-05-15T22:00:00Z,2023-05-16T22:00:00Z,daily,21.0,no2,µg/m³
35986,2023-05-16T22:00:00Z,2023-05-17T22:00:00Z,daily,19.3,no2,µg/m³
35986,2023-05-17T22:00:00Z,2023-05-18T22:00:00Z,daily,11.5,no2,µg/m³
35986,2023-05-18T22:00:00Z,2023-05-19T22:00:00Z,daily,17.9,no2,µg/m³
35986,2023-05-19T22:00:00Z,2023-05-20T22:00:00Z,daily,14.4,no2,µg/m³
35986,2023-05-20T22:00:00Z,2023-05-21T22:00:00Z,daily,15.7,no2,µg/m³
35986,2023-05-21T22:00:00Z,2023-05-22T22:00:00Z,daily,27.4,no2,µg/m³
35986,2023-05-22T22:00:00Z,2023-05-23T22:00:00Z,daily,52.6,no2,µg/m³
35986,2023-05-23T22:00:00Z,2023-05-24T22:00:00Z,daily,20.2,no2,µg/m³
35986,2023-05-24T22:00:00Z,2023-05-25T22:00:00Z,daily,15.2,no2,µg/m³
35986,2023-05-25T22:00:00Z,2023-05-26T22:00:00Z,daily,11.1,no2,µg/m³
35986,2023-05-27T22:00:00Z,2023-05-28T22:00:00Z,daily,14.8,no2,µg/m³
35986,2023-05-28T22:00:00Z,2023-05-29T22:00:00Z,daily,37.8,no2,µg/m³
35986,2023-05-29T22:00:00Z,2023-05-30T22:00:00Z,daily,9.04,no2,µg/m³
35986,2023-05-30T22:00:00Z,2023-05-31T22:00:00Z,daily,27.6,no2,µg/m³
35986,2023-05-31T22:00:00Z,2023-06-01T22:00:00Z,daily,18.6,no2,µg/m³
35986,2023-06-01T22:00:00Z,2023-06-02T22:00:00Z,daily,8.17,no2,µg/m³
35986,2023-06-02T22:00:00Z,2023-06-03T22:00:00Z,daily,12.3,no2,µg/m³
35986,2023-06-03T22:00:00Z,2023-06-04T22:00:00Z,daily,19.0,no2,µg/m³
35986,2023-06-04T22:00:00Z,2023-06-05T22:00:00Z,daily,30.6,no2,µg/m³
35986,2023-06-05T22:00:00Z,2023-06-06T22:00:00Z,daily,82.2,no2,µg/m³
35986,2023-06-06T22:00:00Z,2023-06-07T22:00:00Z,daily,20.4,no2,µg/m³
35986,2023-06-07T22:00:00Z,2023-06-08T22:00:00Z,daily,12.2,no2,µg/m³
35986,2023-06-08T22:00:00Z,2023-06-09T22:00:00Z,daily,16.6,no2,µg/m³
35986,2023-06-09T22:00:00Z,2023-06-10T22:00:00Z,daily,9.63,no2,µg/m³
35986,2023-06-10T22:00:00Z,2023-06-11T22:00:00Z,daily,6.37,no2,µg/m³
35986,2023-06-11T22:00:00Z,2023-06-12T22:00:00Z,daily,8.21,no2,µg/m³
35986,2023-06-12T22:00:00Z,2023-06-13T22:00:00Z,daily,15.8,no2,µg/m³
35986,2023-06-13T22:00:00Z,2023-06-14T22:00:00Z,daily,19.0,no2,µg/m³
35986,2023-06-14T22:00:00Z,2023-06-15T22:00:00Z,daily,21.2,no2,µg/m³
35986,2023-06-15T22:00:00Z,2023-06-16T22:00:00Z,daily,45.6,no2,µg/m³
35986,2023-06-16T22:00:00Z,2023-06-17T22:00:00Z,daily,15.0,no2,µg/m³
35986,2023-06-17T22:00:00Z,2023-06-18T22:00:00Z,daily,22.1,no2,µg/m³
35986,2023-06-18T22:00:00Z,2023-06-19T22:00:00Z,daily,25.4,no2,µg/m³
35986,2023-06-19T22:00:00Z,2023-06-20T22:00:00Z,daily,38.8,no2,µg/m³
35986,2023-06-20T22:00:00Z,2023-06-21T22:00:00Z,daily,29.9,no2,µg/m³
35986,2023-06-21T22:00:00Z,2023-06-22T22:00:00Z,daily,18.6,no2,µg/m³
35986,2023-06-23T22:00:00Z,2023-06-24T22:00:00Z,daily,11.0,no2,µg/m³
35986,2023-06-24T22:00:00Z,2023-06-25T22:00:00Z,daily,36.5,no2,µg/m³
35986,2023-06-25T22:00:00Z,2023-06-26T22:00:00Z,daily,28.6,no2,µg/m³
35986,2023-06-26T22:00:00Z,2023-06-27T22:00:00Z,daily,16.5,no2,µg/m³
35986,2023-06-27T22:00:00Z,2023-06-28T22:00:00Z,daily,13.8,no2,µg/m³
35986,2023-06-28T22:00:00Z,2023-06-29T22:00:00Z,daily,11.9,no2,µg/m³
35986,2023-06-29T22:00:00Z,2023-06-30T22:00:00Z,daily,16.9,no2,µg/m³
35986,2023-06-30T22:00:00Z,2023-07-01T22:00:00Z,daily,9.27,no2,µg/m³
35986,2023-07-01T22:00:00Z,2023-07-02T22:00:00Z,daily,9.87,no2,µg/m³
35986,2023-07-02T22:00:00Z,2023-07-03T22:00:00Z,daily,13.3,no2,µg/m³
35986,2023-07-03T22:00:00Z,2023-07-04T22:00:00Z,daily,20.2,no2,µg/m³
35986,2023-07-04T22:00:00Z,2023-07-05T22:00:00Z,daily,59.8,no2,µg/m³
35986,2023-07-05T22:00:00Z,2023-07-06T22:00:00Z,daily,21.2,no2,µg/m³
35986,2023-07-06T22:00:00Z,2023-07-07T22:00:00Z,daily,57.4,no2,µg/m³
35986,2023-07-07T22:00:00Z,2023-07-08T22:00:00Z,daily,28.3,no2,µg/m³
35986,2023-07-08T22:00:00Z,2023-07-09T22:00:00Z,daily,10.9,no2,µg/m³
35986,2023-07-09T22:00:00Z,2023-07-10T22:00:00Z,daily,21.7,no2,µg/m³
35986,2023-07-10T22:00:00Z,2023-07-11T22:00:00Z,daily,18.4,no2,µg/m³
35986,2023-07-11T22:00:00Z,2023-07-12T22:00:00Z,daily,25.6,no2,µg/m³
35986,2023-07-12T22:00:00Z,2023-07-13T22:00:00Z,daily,25.7,no2,µg/m³
35986,2023-07-16T22:00:00Z,2023-07-17T22:00:00Z,daily,16.6,no2,µg/m³
35986,2023-07-17T22:00:00Z,2023-07-18T22:00:00Z,daily,15.3,no2,µg/m³
35986,2023-07-18T22:00:00Z,2023-07-19T22:00:00Z,daily,24.1,no2,µg/m³
35986,2023-07-19T22:00:00Z,2023-07-20T22:00:00Z,daily,17.2,no2,µg/m³
35986,2023-07-20T22:00:00Z,2023-07-21T22:00:00Z,daily,27.2,no2,µg/m³
35986,2023-07-21T22:00:00Z,2023-07-22T22:00:00Z,daily,15.0,no2,µg/m³
35986,2023-07-22T22:00:00Z,2023-07-23T22:00:00Z,daily,22.5,no2,µg/m³
35986,2023-07-23T22:00:00Z,2023-07-24T22:00:00Z,daily,19.1,no2,µg/m³
35986,2023-07-24T22:00:00Z,2023-07-25T22:00:00Z,daily,10.3,no2,µg/m³
35986,2023-07-25T22:00:00Z,2023-07-26T22:00:00Z,daily,15.2,no2,µg/m³
35986,2023-07-26T22:00:00Z,2023-07-27T22:00:00Z,daily,18.4,no2,µg/m³
35986,2023-07-27T22:00:00Z,2023-07-28T22:00:00Z,daily,24.3,no2,µg/m³
35986,2023-07-28T22:00:00Z,2023-07-29T22:00:00Z,daily,11.7,no2,µg/m³
35986,2023-07-29T22:00:00Z,2023-07-30T22:00:00Z,daily,9.17,no2,µg/m³
35986,2023-07-30T22:00:00Z,2023-07-31T22:00:00Z,daily,15.6,no2,µg/m³
35986,2023-07-31T22:00:00Z,2023-08-01T22:00:00Z,daily,13.1,no2,µg/m³
35986,2023-08-01T22:00:00Z,2023-08-02T22:00:00Z,daily,13.2,no2,µg/m³
35986,2023-08-02T22:00:00Z,2023-08-03T22:00:00Z,daily,13.0,no2,µg/m³
35986,2023-08-03T22:00:00Z,2023-08-04T22:00:00Z,daily,14.7,no2,µg/m³
35986,2023-08-04T22:00:00Z,2023-08-05T22:00:00Z,daily,19.6,no2,µg/m³
35986,2023-08-05T22:00:00Z,2023-08-06T22:00:00Z,daily,5.74,no2,µg/m³
35986,2023-08-06T22:00:00Z,2023-08-07T22:00:00Z,daily,9.06,no2,µg/m³
35986,2023-08-07T22:00:00Z,2023-08-08T22:00:00Z,daily,11.3,no2,µg/m³
35986,2023-08-08T22:00:00Z,2023-08-09T22:00:00Z,daily,16.6,no2,µg/m³
35986,2023-08-09T22:00:00Z,2023-08-10T22:00:00Z,daily,33.1,no2,µg/m³
35986,2023-08-10T22:00:00Z,2023-08-11T22:00:00Z,daily,30.6,no2,µg/m³
35986,2023-08-11T22:00:00Z,2023-08-12T22:00:00Z,daily,35.3,no2,µg/m³
35986,2023-08-12T22:00:00Z,2023-08-13T22:00:00Z,daily,17.6,no2,µg/m³
35986,2023-08-13T22:00:00Z,2023-08-14T22:00:00Z,daily,33.0,no2,µg/m³
35986,2023-08-14T22:00:00Z,2023-08-15T22:00:00Z,daily,19.8,no2,µg/m³
35986,2023-08-15T22:00:00Z,2023-08-16T22:00:00Z,daily,25.7,no2,µg/m³
35986,2023-08-16T22:00:00Z,2023-08-17T22:00:00Z,daily,25.9,no2,µg/m³
35986,2023-08-17T22:00:00Z,2023-08-18T22:00:00Z,daily,18.8,no2,µg/m³
35986,2023-08-23T22:00:00Z,2023-08-24T22:00:00Z,daily,59.7,no2,µg/m³
35986,2023-08-24T22:00:00Z,2023-08-25T22:00:00Z,daily,42.8,no2,µg/m³
35986,2023-08-25T22:00:00Z,2023-08-26T22:00:00Z,daily,17.9,no2,µg/m³
35986,2023-08-26T22:00:00Z,2023-08-27T22:00:00Z,daily,21.2,no2,µg/m³
35986,2023-08-27T22:00:00Z,2023-08-28T22:00:00Z,daily,26.6,no2,µg/m³
35986,2023-08-28T22:00:00Z,2023-08-29T22:00:00Z,daily,15.1,no2,µg/m³
35986,2023-08-29T22:00:00Z,2023-08-30T22:00:00Z,daily,16.2,no2,µg/m³
35986,2023-08-30T22:00:00Z,2023-08-31T22:00:00Z,daily,15.2,no2,µg/m³
35986,2023-08-31T22:00:00Z,2023-09-01T22:00:00Z,daily,24.1,no2,µg/m³
35986,2023-09-01T22:00:00Z,2023-09-02T22:00:00Z,daily,32.1,no2,µg/m³
35986,2023-09-02T22:00:00Z,2023-09-03T22:00:00Z,daily,23.3,no2,µg/m³
35986,2023-09-03T22:00:00Z,2023-09-04T22:00:00Z,daily,23.0,no2,µg/m³
35986,2023-09-04T22:00:00Z,2023-09-05T22:00:00Z,daily,37.8,no2,µg/m³
35986,2023-09-05T22:00:00Z,2023-09-06T22:00:00Z,daily,40.6,no2,µg/m³
35986,2023-09-06T22:00:00Z,2023-09-07T22:00:00Z,daily,43.1,no2,µg/m³
35986,2023-09-07T22:00:00Z,2023-09-08T22:00:00Z,daily,34.7,no2,µg/m³
35986,2023-09-08T22:00:00Z,2023-09-09T22:00:00Z,daily,42.4,no2,µg/m³
35986,2023-09-09T22:00:00Z,2023-09-10T22:00:00Z,daily,19.3,no2,µg/m³
35986,2023-09-10T22:00:00Z,2023-09-11T22:00:00Z,daily,37.1,no2,µg/m³
35986,2023-09-11T22:00:00Z,2023-09-12T22:00:00Z,daily,53.3,no2,µg/m³
35986,2023-09-12T22:00:00Z,2023-09-13T22:00:00Z,daily,38.7,no2,µg/m³
35986,2023-09-13T22:00:00Z,2023-09-14T22:00:00Z,daily,12.4,no2,µg/m³
35986,2023-09-14T22:00:00Z,2023-09-15T22:00:00Z,daily,22.2,no2,µg/m³
35986,2023-09-15T22:00:00Z,2023-09-16T22:00:00Z,daily,12.3,no2,µg/m³
35986,2023-09-16T22:00:00Z,2023-09-17T22:00:00Z,daily,17.8,no2,µg/m³
35986,2023-09-17T22:00:00Z,2023-09-18T22:00:00Z,daily,25.0,no2,µg/m³
35986,2023-09-18T22:00:00Z,2023-09-19T22:00:00Z,daily,23.9,no2,µg/m³
35986,2023-09-19T22:00:00Z,2023-09-20T22:00:00Z,daily,39.3,no2,µg/m³
35986,2023-09-20T22:00:00Z,2023-09-21T22:00:00Z,daily,23.9,no2,µg/m³
35986,2023-09-21T22:00:00Z,2023-09-22T22:00:00Z,daily,20.2,no2,µg/m³
35986,2023-09-22T22:00:00Z,2023-09-23T22:00:00Z,daily,14.7,no2,µg/m³
35986,2023-09-23T22:00:00Z,2023-09-24T22:00:00Z,daily,17.3,no2,µg/m³
35986,2023-09-24T22:00:00Z,2023-09-25T22:00:00Z,daily,19.3,no2,µg/m³
35986,2023-09-25T22:00:00Z,2023-09-26T22:00:00Z,daily,26.8,no2,µg/m³
35986,2023-09-26T22:00:00Z,2023-09-27T22:00:00Z,daily,29.8,no2,µg/m³
35986,2023-09-27T22:00:00Z,2023-09-28T22:00:00Z,daily,32.3,no2,µg/m³
35986,2023-09-28T22:00:00Z,2023-09-29T22:00:00Z,daily,28.4,no2,µg/m³
35986,2023-09-29T22:00:00Z,2023-09-30T22:00:00Z,daily,21.9,no2,µg/m³
35986,2023-09-30T22:00:00Z,2023-10-01T22:00:00Z,daily,14.6,no2,µg/m³
35986,2023-10-01T22:00:00Z,2023-10-02T22:00:00Z,daily,30.7,no2,µg/m³
35986,2023-10-02T22:00:00Z,2023-10-03T22:00:00Z,daily,17.8,no2,µg/m³
35986,2023-10-03T22:00:00Z,2023-10-04T22:00:00Z,daily,12.1,no2,µg/m³
35986,2023-10-04T22:00:00Z,2023-10-05T22:00:00Z,daily,15.4,no2,µg/m³
35986,2023-10-05T22:00:00Z,2023-10-06T22:00:00Z,daily,14.9,no2,µg/m³
35986,2023-10-06T22:00:00Z,2023-10-07T22:00:00Z,daily,7.4,no2,µg/m³
35986,2023-10-07T22:00:00Z,2023-10-08T22:00:00Z,daily,5.66,no2,µg/m³
35986,2023-10-08T22:00:00Z,2023-10-09T22:00:00Z,daily,33.4,no2,µg/m³
35986,2023-10-09T22:00:00Z,2023-10-10T22:00:00Z,daily,29.2,no2,µg/m³
35986,2023-10-10T22:00:00Z,2023-10-11T22:00:00Z,daily,18.1,no2,µg/m³
35986,2023-10-11T22:00:00Z,2023-10-12T22:00:00Z,daily,19.3,no2,µg/m³
35986,2023-10-12T22:00:00Z,2023-10-13T22:00:00Z,daily,26.5,no2,µg/m³
35986,2023-10-13T22:00:00Z,2023-10-14T22:00:00Z,daily,10.9,no2,µg/m³
35986,2023-10-14T22:00:00Z,2023-10-15T22:00:00Z,daily,9.95,no2,µg/m³
35986,2023-10-15T22:00:00Z,2023-10-16T22:00:00Z,daily,10.1,no2,µg/m³
35986,2023-10-25T22:00:00Z,2023-10-26T22:00:00Z,daily,14.5,no2,µg/m³
35986,2023-10-26T22:00:00Z,2023-10-27T22:00:00Z,daily,17.3,no2,µg/m³
35986,2023-10-27T22:00:00Z,2023-10-28T22:00:00Z,daily,14.6,no2,µg/m³
35986,2023-10-28T22:00:00Z,2023-10-29T23:00:00Z,daily,15.3,no2,µg/m³
35986,2023-10-29T23:00:00Z,2023-10-30T23:00:00Z,daily,22.9,no2,µg/m³
35986,2023-10-30T23:00:00Z,2023-10-31T23:00:00Z,daily,15.6,no2,µg/m³
35986,2023-10-31T23:00:00Z,2023-11-01T23:00:00Z,daily,8.7,no2,µg/m³
35986,2023-11-01T23:00:00Z,2023-11-02T23:00:00Z,daily,19.3,no2,µg/m³
35986,2023-11-02T23:00:00Z,2023-11-03T23:00:00Z,daily,16.2,no2,µg/m³
35986,2023-11-03T23:00:00Z,2023-11-04T23:00:00Z,daily,12.5,no2,µg/m³
35986,2023-11-04T23:00:00Z,2023-11-05T23:00:00Z,daily,19.5,no2,µg/m³
35986,2023-11-05T23:00:00Z,2023-11-06T23:00:00Z,daily,10.5,no2,µg/m³
35986,2023-11-06T23:00:00Z,2023-11-07T23:00:00Z,daily,25.7,no2,µg/m³
35986,2023-11-07T23:00:00Z,2023-11-08T23:00:00Z,daily,26.7,no2,µg/m³
35986,2023-11-08T23:00:00Z,2023-11-09T23:00:00Z,daily,25.1,no2,µg/m³
35986,2023-11-09T23:00:00Z,2023-11-10T23:00:00Z,daily,33.8,no2,µg/m³
35986,2023-11-10T23:00:00Z,2023-11-11T23:00:00Z,daily,21.0,no2,µg/m³
35986,2023-11-11T23:00:00Z,2023-11-12T23:00:00Z,daily,15.7,no2,µg/m³
35986,2023-11-12T23:00:00Z,2023-11-13T23:00:00Z,daily,21.5,no2,µg/m³
35986,2023-11-13T23:00:00Z,2023-11-14T23:00:00Z,daily,18.6,no2,µg/m³
35986,2023-11-14T23:00:00Z,2023-11-15T23:00:00Z,daily,15.6,no2,µg/m³
35986,2023-11-15T23:00:00Z,2023-11-16T23:00:00Z,daily,27.9,no2,µg/m³
35986,2023-11-16T23:00:00Z,2023-11-17T23:00:00Z,daily,19.8,no2,µg/m³
35986,2023-11-17T23:00:00Z,2023-11-18T23:00:00Z,daily,15.2,no2,µg/m³
35986,2023-11-18T23:00:00Z,2023-11-19T23:00:00Z,daily,19.2,no2,µg/m³
35986,2023-11-19T23:00:00Z,2023-11-20T23:00:00Z,daily,20.1,no2,µg/m³
35986,2023-11-20T23:00:00Z,2023-11-21T23:00:00Z,daily,16.1,no2,µg/m³
35986,2023-11-21T23:00:00Z,2023-11-22T23:00:00Z,daily,23.1,no2,µg/m³
35986,2023-11-22T23:00:00Z,2023-11-23T23:00:00Z,daily,15.4,no2,µg/m³
35986,2023-11-23T23:00:00Z,2023-11-24T23:00:00Z,daily,9.77,no2,µg/m³
35986,2023-11-24T23:00:00Z,2023-11-25T23:00:00Z,daily,11.6,no2,µg/m³
35986,2023-11-25T23:00:00Z,2023-11-26T23:00:00Z,daily,5.23,no2,µg/m³
35986,2023-11-26T23:00:00Z,2023-11-27T23:00:00Z,daily,16.8,no2,µg/m³
35986,2023-11-27T23:00:00Z,2023-11-28T23:00:00Z,daily,27.0,no2,µg/m³
35986,2023-11-28T23:00:00Z,2023-11-29T23:00:00Z,daily,17.6,no2,µg/m³
35986,2023-11-29T23:00:00Z,2023-11-30T23:00:00Z,daily,35.9,no2,µg/m³
35986,2023-11-30T23:00:00Z,2023-12-01T23:00:00Z,daily,31.0,no2,µg/m³
35986,2023-12-01T23:00:00Z,2023-12-02T23:00:00Z,daily,30.2,no2,µg/m³
35986,2023-12-02T23:00:00Z,2023-12-03T23:00:00Z,daily,13.2,no2,µg/m³
35986,2023-12-03T23:00:00Z,2023-12-04T23:00:00Z,daily,31.9,no2,µg/m³
35986,2023-12-04T23:00:00Z,2023-12-05T23:00:00Z,daily,31.9,no2,µg/m³
35986,2023-12-05T23:00:00Z,2023-12-06T23:00:00Z,daily,18.3,no2,µg/m³
35986,2023-12-06T23:00:00Z,2023-12-07T23:00:00Z,daily,26.3,no2,µg/m³
35986,2023-12-07T23:00:00Z,2023-12-08T23:00:00Z,daily,18.9,no2,µg/m³
35986,2023-12-08T23:00:00Z,2023-12-09T23:00:00Z,daily,22.4,no2,µg/m³
35986,2023-12-09T23:00:00Z,2023-12-10T23:00:00Z,daily,20.1,no2,µg/m³
35986,2023-12-10T23:00:00Z,2023-12-11T23:00:00Z,daily,22.4,no2,µg/m³
35986,2023-12-11T23:00:00Z,2023-12-12T23:00:00Z,daily,29.1,no2,µg/m³
35986,2023-12-13T23:00:00Z,2023-12-14T23:00:00Z,daily,17.2,no2,µg/m³
35986,2023-12-14T23:00:00Z,2023-12-15T23:00:00Z,daily,11.9,no2,µg/m³
35986,2023-12-15T23:00:00Z,2023-12-16T23:00:00Z,daily,12.2,no2,µg/m³
35986,2023-12-16T23:00:00Z,2023-12-17T23:00:00Z,daily,8.58,no2,µg/m³
35986,2023-12-17T23:00:00Z,2023-12-18T23:00:00Z,daily,12.1,no2,µg/m³
35986,2023-12-18T23:00:00Z,2023-12-19T23:00:00Z,daily,23.6,no2,µg/m³
35986,2023-12-19T23:00:00Z,2023-12-20T23:00:00Z,daily,28.7,no2,µg/m³
35986,2023-12-20T23:00:00Z,2023-12-21T23:00:00Z,daily,19.9,no2,µg/m³
35986,2023-12-21T23:00:00Z,2023-12-22T23:00:00Z,daily,8.7,no2,µg/m³
35986,2023-12-22T23:00:00Z,2023-12-23T23:00:00Z,daily,4.4,no2,µg/m³
35986,2023-12-23T23:00:00Z,2023-12-24T23:00:00Z,daily,5.78,no2,µg/m³
35986,2023-12-24T23:00:00Z,2023-12-25T23:00:00Z,daily,3.26,no2,µg/m³
35986,2023-12-25T23:00:00Z,2023-12-26T23:00:00Z,daily,6.93,no2,µg/m³
35986,2023-12-26T23:00:00Z,2023-12-27T23:00:00Z,daily,14.8,no2,µg/m³
35986,2023-12-27T23:00:00Z,2023-12-28T23:00:00Z,daily,22.3,no2,µg/m³
35986,2023-12-28T23:00:00Z,2023-12-29T23:00:00Z,daily,15.3,no2,µg/m³
35986,2023-12-29T23:00:00Z,2023-12-30T23:00:00Z,daily,7.52,no2,µg/m³
35988,2022-12-31T23:00:00Z,2023-01-01T23:00:00Z,daily,45.2,o3,µg/m³
35988,2023-01-01T23:00:00Z,2023-01-02T23:00:00Z,daily,20.4,o3,µg/m³
35988,2023-01-02T23:00:00Z,2023-01-03T23:00:00Z,daily,47.9,o3,µg/m³
35988,2023-01-03T23:00:00Z,2023-01-04T23:00:00Z,daily,28.2,o3,µg/m³
35988,2023-01-04T23:00:00Z,2023-01-05T23:00:00Z,daily,47.0,o3,µg/m³
35988,2023-01-05T23:00:00Z,2023-01-06T23:00:00Z,daily,46.9,o3,µg/m³
35988,2023-01-06T23:00:00Z,2023-01-07T23:00:00Z,daily,18.6,o3,µg/m³
35988,2023-01-07T23:00:00Z,2023-01-08T23:00:00Z,daily,29.6,o3,µg/m³
35988,2023-01-08T23:00:00Z,2023-01-09T23:00:00Z,daily,13.5,o3,µg/m³
35988,2023-01-09T23:00:00Z,2023-01-10T23:00:00Z,daily,16.3,o3,µg/m³
35988,2023-01-10T23:00:00Z,2023-01-11T23:00:00Z,daily,26.2,o3,µg/m³
35988,2023-01-15T23:00:00Z,2023-01-16T23:00:00Z,daily,34.6,o3,µg/m³
35988,2023-01-16T23:00:00Z,2023-01-17T23:00:00Z,daily,19.6,o3,µg/m³
35988,2023-01-17T23:00:00Z,2023-01-18T23:00:00Z,daily,20.2,o3,µg/m³
35988,2023-01-18T23:00:00Z,2023-01-19T23:00:00Z,daily,15.3,o3,µg/m³
35988,2023-01-19T23:00:00Z,2023-01-20T23:00:00Z,daily,28.1,o3,µg/m³
35988,2023-01-20T23:00:00Z,2023-01-21T23:00:00Z,daily,32.1,o3,µg/m³
35988,2023-01-21T23:00:00Z,2023-01-22T23:00:00Z,daily,23.8,o3,µg/m³
35988,2023-01-22T23:00:00Z,2023-01-23T23:00:00Z,daily,9.5,o3,µg/m³
35988,2023-01-23T23:00:00Z,2023-01-24T23:00:00Z,daily,4.48,o3,µg/m³
35988,2023-01-24T23:00:00Z,2023-01-25T23:00:00Z,daily,36.5,o3,µg/m³
35988,2023-01-25T23:00:00Z,2023-01-26T23:00:00Z,daily,24.6,o3,µg/m³
35988,2023-01-26T23:00:00Z,2023-01-27T23:00:00Z,daily,15.6,o3,µg/m³
35988,2023-01-27T23:00:00Z,2023-01-28T23:00:00Z,daily,24.9,o3,µg/m³
35988,2023-01-28T23:00:00Z,2023-01-29T23:00:00Z,daily,47.3,o3,µg/m³
35988,2023-01-29T23:00:00Z,2023-01-30T23:00:00Z,daily,42.2,o3,µg/m³
35988,2023-01-30T23:00:00Z,2023-01-31T23:00:00Z,daily,50.2,o3,µg/m³
35988,2023-01-31T23:00:00Z,2023-02-01T23:00:00Z,daily,54.6,o3,µg/m³
35988,2023-02-01T23:00:00Z,2023-02-02T23:00:00Z,daily,51.6,o3,µg/m³
35988,2023-02-13T23:00:00Z,2023-02-14T23:00:00Z,daily,45.4,o3,µg/m³
35988,2023-02-14T23:00:00Z,2023-02-15T23:00:00Z,daily,37.4,o3,µg/m³
35988,2023-02-15T23:00:00Z,2023-02-16T23:00:00Z,daily,15.3,o3,µg/m³
35988,2023-03-18T23:00:00Z,2023-03-19T23:00:00Z,daily,53.1,o3,µg/m³
35988,2023-03-19T23:00:00Z,2023-03-20T23:00:00Z,daily,40.7,o3,µg/m³
35988,2023-03-20T23:00:00Z,2023-03-21T23:00:00Z,daily,33.5,o3,µg/m³
35988,2023-03-21T23:00:00Z,2023-03-22T23:00:00Z,daily,25.3,o3,µg/m³
35988,2023-03-22T23:00:00Z,2023-03-23T23:00:00Z,daily,24.0,o3,µg/m³
35988,2023-03-23T23:00:00Z,2023-03-24T23:00:00Z,daily,44.5,o3,µg/m³
35988,2023-03-24T23:00:00Z,2023-03-26T22:00:00Z,daily,56.0,o3,µg/m³
35988,2023-03-25T23:00:00Z,2023-03-26T22:00:00Z,daily,58.9,o3,µg/m³
35988,2023-03-26T22:00:00Z,2023-03-27T22:00:00Z,daily,48.5,o3,µg/m³
35988,2023-03-27T22:00:00Z,2023-03-28T22:00:00Z,daily,51.7,o3,µg/m³
35988,2023-03-28T22:00:00Z,2023-03-29T22:00:00Z,daily,55.7,o3,µg/m³
35988,2023-03-29T22:00:00Z,2023-03-30T22:00:00Z,daily,42.8,o3,µg/m³
35988,2023-03-30T22:00:00Z,2023-03-31T22:00:00Z,daily,53.6,o3,µg/m³
35988,2023-03-31T22:00:00Z,2023-04-01T22:00:00Z,daily,53.2,o3,µg/m³
35988,2023-04-01T22:00:00Z,2023-04-02T22:00:00Z,daily,50.6,o3,µg/m³
35988,2023-04-02T22:00:00Z,2023-04-03T22:00:00Z,daily,75.4,o3,µg/m³
35988,2023-04-03T22:00:00Z,2023-04-04T22:00:00Z,daily,60.1,o3,µg/m³
35988,2023-04-04T22:00:00Z,2023-04-05T22:00:00Z,daily,39.1,o3,µg/m³
35988,2023-04-05T22:00:00Z,2023-04-06T22:00:00Z,daily,45.6,o3,µg/m³
35988,2023-04-06T22:00:00Z,2023-04-07T22:00:00Z,daily,31.7,o3,µg/m³
35988,2023-04-07T22:00:00Z,2023-04-08T22:00:00Z,daily,59.0,o3,µg/m³
35988,2023-04-08T22:00:00Z,2023-04-09T22:00:00Z,daily,58.6,o3,µg/m³
35988,2023-04-09T22:00:00Z,2023-04-10T22:00:00Z,daily,42.0,o3,µg/m³
35988,2023-04-10T22:00:00Z,2023-04-11T22:00:00Z,daily,49.9,o3,µg/m³
35988,2023-04-11T22:00:00Z,2023-04-12T22:00:00Z,daily,53.6,o3,µg/m³
35988,2023-04-12T22:00:00Z,2023-04-13T22:00:00Z,daily,5.56,o3,µg/m³
35988,2023-04-13T22:00:00Z,2023-04-14T22:00:00Z,daily,37.5,o3,µg/m³
35988,2023-04-14T22:00:00Z,2023-04-15T22:00:00Z,daily,53.9,o3,µg/m³
35988,2023-04-15T22:00:00Z,2023-04-16T22:00:00Z,daily,54.7,o3,µg/m³
35988,2023-04-16T22:00:00Z,2023-04-17T22:00:00Z,daily,41.1,o3,µg/m³
35988,2023-04-17T22:00:00Z,2023-04-18T22:00:00Z,daily,48.0,o3,µg/m³
35988,2023-04-18T22:00:00Z,2023-04-19T22:00:00Z,daily,48.8,o3,µg/m³
35988,2023-04-19T22:00:00Z,2023-04-20T22:00:00Z,daily,67.9,o3,µg/m³
35988,2023-04-20T22:00:00Z,2023-04-21T22:00:00Z,daily,75.9,o3,µg/m³
35988,2023-04-21T22:00:00Z,2023-04-22T22:00:00Z,daily,33.2,o3,µg/m³
35988,2023-04-22T22:00:00Z,2023-04-23T22:00:00Z,daily,86.4,o3,µg/m³
35988,2023-04-23T22:00:00Z,2023-04-24T22:00:00Z,daily,76.6,o3,µg/m³
35988,2023-04-25T22:00:00Z,2023-04-26T22:00:00Z,daily,61.1,o3,µg/m³
35988,2023-04-26T22:00:00Z,2023-04-27T22:00:00Z,daily,41.1,o3,µg/m³
35988,2023-04-27T22:00:00Z,2023-04-28T22:00:00Z,daily,73.3,o3,µg/m³
35988,2023-04-28T22:00:00Z,2023-04-29T22:00:00Z,daily,80.9,o3,µg/m³
35988,2023-04-29T22:00:00Z,2023-04-30T22:00:00Z,daily,72.5,o3,µg/m³
35988,2023-04-30T22:00:00Z,2023-05-01T22:00:00Z,daily,81.1,o3,µg/m³
35988,2023-05-01T22:00:00Z,2023-05-02T22:00:00Z,daily,75.9,o3,µg/m³
35988,2023-05-02T22:00:00Z,2023-05-03T22:00:00Z,daily,74.0,o3,µg/m³
35988,2023-05-03T22:00:00Z,2023-05-04T22:00:00Z,daily,54.5,o3,µg/m³
35988,2023-05-04T22:00:00Z,2023-05-05T22:00:00Z,daily,69.5,o3,µg/m³
35988,2023-05-05T22:00:00Z,2023-05-06T22:00:00Z,daily,64.9,o3,µg/m³
35988,2023-05-06T22:00:00Z,2023-05-07T22:00:00Z,daily,70.3,o3,µg/m³
35988,2023-05-07T22:00:00Z,2023-05-08T22:00:00Z,daily,22.4,o3,µg/m³
35988,2023-05-09T22:00:00Z,2023-05-10T22:00:00Z,daily,90.8,o3,µg/m³
35988,2023-05-10T22:00:00Z,2023-05-11T22:00:00Z,daily,92.9,o3,µg/m³
35988,2023-05-11T22:00:00Z,2023-05-12T22:00:00Z,daily,79.6,o3,µg/m³
35988,2023-05-12T22:00:00Z,2023-05-13T22:00:00Z,daily,36.8,o3,µg/m³
35988,2023-05-13T22:00:00Z,2023-05-14T22:00:00Z,daily,6.07,o3,µg/m³
35988,2023-05-15T22:00:00Z,2023-05-16T22:00:00Z,daily,66.1,o3,µg/m³
35988,2023-05-16T22:00:00Z,2023-05-17T22:00:00Z,daily,42.6,o3,µg/m³
35988,2023-05-17T22:00:00Z,2023-05-18T22:00:00Z,daily,52.2,o3,µg/m³
35988,2023-05-18T22:00:00Z,2023-05-19T22:00:00Z,daily,36.8,o3,µg/m³
35988,2023-05-19T22:00:00Z,2023-05-20T22:00:00Z,daily,59.4,o3,µg/m³
35988,2023-05-20T22:00:00Z,2023-05-21T22:00:00Z,daily,70.8,o3,µg/m³
35988,2023-05-21T22:00:00Z,2023-05-22T22:00:00Z,daily,51.2,o3,µg/m³
35988,2023-05-22T22:00:00Z,2023-05-23T22:00:00Z,daily,1.8,o3,µg/m³
35988,2023-05-23T22:00:00Z,2023-05-24T22:00:00Z,daily,68.3,o3,µg/m³
35988,2023-05-24T22:00:00Z,2023-05-25T22:00:00Z,daily,62.4,o3,µg/m³
35988,2023-05-25T22:00:00Z,2023-05-26T22:00:00Z,daily,83.4,o3,µg/m³
35988,2023-05-27T22:00:00Z,2023-05-28T22:00:00Z,daily,63.8,o3,µg/m³
35988,2023-05-28T22:00:00Z,2023-05-29T22:00:00Z,daily,24.0,o3,µg/m³
35988,2023-05-29T22:00:00Z,2023-05-30T22:00:00Z,daily,84.4,o3,µg/m³
35988,2023-05-30T22:00:00Z,2023-05-31T22:00:00Z,daily,74.9,o3,µg/m³
35988,2023-05-31T22:00:00Z,2023-06-01T22:00:00Z,daily,82.8,o3,µg/m³
35988,2023-06-01T22:00:00Z,2023-06-02T22:00:00Z,daily,66.5,o3,µg/m³
35988,2023-06-02T22:00:00Z,2023-06-03T22:00:00Z,daily,57.8,o3,µg/m³
35988,2023-06-03T22:00:00Z,2023-06-04T22:00:00Z,daily,60.6,o3,µg/m³
35988,2023-06-04T22:00:00Z,2023-06-05T22:00:00Z,daily,58.0,o3,µg/m³
35988,2023-06-05T22:00:00Z,2023-06-06T22:00:00Z,daily,4.6,o3,µg/m³
35988,2023-06-06T22:00:00Z,2023-06-07T22:00:00Z,daily,87.3,o3,µg/m³
35988,2023-06-07T22:00:00Z,2023-06-08T22:00:00Z,daily,77.7,o3,µg/m³
35988,2023-06-08T22:00:00Z,2023-06-09T22:00:00Z,daily,72.9,o3,µg/m³
35988,2023-06-09T22:00:00Z,2023-06-10T22:00:00Z,daily,79.3,o3,µg/m³
35988,2023-06-10T22:00:00Z,2023-06-11T22:00:00Z,daily,65.3,o3,µg/m³
35988,2023-06-11T22:00:00Z,2023-06-12T22:00:00Z,daily,82.1,o3,µg/m³
35988,2023-06-12T22:00:00Z,2023-06-13T22:00:00Z,daily,41.1,o3,µg/m³
35988,2023-06-13T22:00:00Z,2023-06-14T22:00:00Z,daily,48.3,o3,µg/m³
35988,2023-06-14T22:00:00Z,2023-06-15T22:00:00Z,daily,19.0,o3,µg/m³
35988,2023-06-15T22:00:00Z,2023-06-16T22:00:00Z,daily,2.15,o3,µg/m³
35988,2023-06-16T22:00:00Z,2023-06-17T22:00:00Z,daily,87.4,o3,µg/m³
35988,2023-06-17T22:00:00Z,2023-06-18T22:00:00Z,daily,55.2,o3,µg/m³
35988,2023-06-18T22:00:00Z,2023-06-19T22:00:00Z,daily,68.7,o3,µg/m³
35988,2023-06-19T22:00:00Z,2023-06-20T22:00:00Z,daily,109.0,o3,µg/m³
35988,2023-06-20T22:00:00Z,2023-06-21T22:00:00Z,daily,73.5,o3,µg/m³
35988,2023-06-21T22:00:00Z,2023-06-22T22:00:00Z,daily,62.2,o3,µg/m³
35988,2023-06-23T22:00:00Z,2023-06-24T22:00:00Z,daily,72.8,o3,µg/m³
35988,2023-06-24T22:00:00Z,2023-06-25T22:00:00Z,daily,19.7,o3,µg/m³
35988,2023-06-25T22:00:00Z,2023-06-26T22:00:00Z,daily,60.6,o3,µg/m³
35988,2023-06-26T22:00:00Z,2023-06-27T22:00:00Z,daily,62.9,o3,µg/m³
35988,2023-06-27T22:00:00Z,2023-06-28T22:00:00Z,daily,35.9,o3,µg/m³
35988,2023-06-28T22:00:00Z,2023-06-29T22:00:00Z,daily,84.7,o3,µg/m³
35988,2023-06-29T22:00:00Z,2023-06-30T22:00:00Z,daily,74.0,o3,µg/m³
35988,2023-06-30T22:00:00Z,2023-07-01T22:00:00Z,daily,69.2,o3,µg/m³
35988,2023-07-01T22:00:00Z,2023-07-02T22:00:00Z,daily,71.7,o3,µg/m³
35988,2023-07-02T22:00:00Z,2023-07-03T22:00:00Z,daily,82.7,o3,µg/m³
35988,2023-07-03T22:00:00Z,2023-07-04T22:00:00Z,daily,85.5,o3,µg/m³
35988,2023-07-04T22:00:00Z,2023-07-05T22:00:00Z,daily,8.0,o3,µg/m³
35988,2023-07-05T22:00:00Z,2023-07-06T22:00:00Z,daily,60.4,o3,µg/m³
35988,2023-07-06T22:00:00Z,2023-07-07T22:00:00Z,daily,12.6,o3,µg/m³
35988,2023-07-07T22:00:00Z,2023-07-08T22:00:00Z,daily,70.0,o3,µg/m³
35988,2023-07-08T22:00:00Z,2023-07-09T22:00:00Z,daily,75.9,o3,µg/m³
35988,2023-07-09T22:00:00Z,2023-07-10T22:00:00Z,daily,54.6,o3,µg/m³
35988,2023-07-10T22:00:00Z,2023-07-11T22:00:00Z,daily,71.2,o3,µg/m³
35988,2023-07-11T22:00:00Z,2023-07-12T22:00:00Z,daily,76.8,o3,µg/m³
35988,2023-07-12T22:00:00Z,2023-07-13T22:00:00Z,daily,58.2,o3,µg/m³
35988,2023-07-16T22:00:00Z,2023-07-17T22:00:00Z,daily,73.8,o3,µg/m³
35988,2023-07-17T22:00:00Z,2023-07-18T22:00:00Z,daily,49.4,o3,µg/m³
35988,2023-07-18T22:00:00Z,2023-07-19T22:00:00Z,daily,55.7,o3,µg/m³
35988,2023-07-19T22:00:00Z,2023-07-20T22:00:00Z,daily,51.1,o3,µg/m³
35988,2023-07-20T22:00:00Z,2023-07-21T22:00:00Z,daily,26.7,o3,µg/m³
35988,2023-07-21T22:00:00Z,2023-07-22T22:00:00Z,daily,56.9,o3,µg/m³
35988,2023-07-22T22:00:00Z,2023-07-23T22:00:00Z,daily,54.2,o3,µg/m³
35988,2023-07-23T22:00:00Z,2023-07-24T22:00:00Z,daily,66.0,o3,µg/m³
35988,2023-07-24T22:00:00Z,2023-07-25T22:00:00Z,daily,73.7,o3,µg/m³
35988,2023-07-25T22:00:00Z,2023-07-26T22:00:00Z,daily,41.8,o3,µg/m³
35988,2023-07-26T22:00:00Z,2023-07-27T22:00:00Z,daily,42.0,o3,µg/m³
35988,2023-07-27T22:00:00Z,2023-07-28T22:00:00Z,daily,29.5,o3,µg/m³
35988,2023-07-28T22:00:00Z,2023-07-29T22:00:00Z,daily,49.0,o3,µg/m³
35988,2023-07-29T22:00:00Z,2023-07-30T22:00:00Z,daily,59.9,o3,µg/m³
35988,2023-07-30T22:00:00Z,2023-07-31T22:00:00Z,daily,52.7,o3,µg/m³
35988,2023-07-31T22:00:00Z,2023-08-01T22:00:00Z,daily,55.5,o3,µg/m³
35988,2023-08-01T22:00:00Z,2023-08-02T22:00:00Z,daily,56.0,o3,µg/m³
35988,2023-08-02T22:00:00Z,2023-08-03T22:00:00Z,daily,53.2,o3,µg/m³
35988,2023-08-03T22:00:00Z,2023-08-04T22:00:00Z,daily,55.6,o3,µg/m³
35988,2023-08-04T22:00:00Z,2023-08-05T22:00:00Z,daily,34.9,o3,µg/m³
35988,2023-08-05T22:00:00Z,2023-08-06T22:00:00Z,daily,48.1,o3,µg/m³
35988,2023-08-06T22:00:00Z,2023-08-07T22:00:00Z,daily,67.4,o3,µg/m³
35988,2023-08-07T22:00:00Z,2023-08-08T22:00:00Z,daily,58.0,o3,µg/m³
35988,2023-08-08T22:00:00Z,2023-08-09T22:00:00Z,daily,48.6,o3,µg/m³
35988,2023-08-09T22:00:00Z,2023-08-10T22:00:00Z,daily,30.4,o3,µg/m³
35988,2023-08-10T22:00:00Z,2023-08-11T22:00:00Z,daily,49.7,o3,µg/m³
35988,2023-08-11T22:00:00Z,2023-08-12T22:00:00Z,daily,52.0,o3,µg/m³
35988,2023-08-12T22:00:00Z,2023-08-13T22:00:00Z,daily,65.0,o3,µg/m³
35988,2023-08-13T22:00:00Z,2023-08-14T22:00:00Z,daily,37.9,o3,µg/m³
35988,2023-08-14T22:00:00Z,2023-08-15T22:00:00Z,daily,67.9,o3,µg/m³
35988,2023-08-15T22:00:00Z,2023-08-16T22:00:00Z,daily,75.2,o3,µg/m³
35988,2023-08-16T22:00:00Z,2023-08-17T22:00:00Z,daily,63.5,o3,µg/m³
35988,2023-08-17T22:00:00Z,2023-08-18T22:00:00Z,daily,60.6,o3,µg/m³
35988,2023-08-23T22:00:00Z,2023-08-24T22:00:00Z,daily,19.5,o3,µg/m³
35988,2023-08-24T22:00:00Z,2023-08-25T22:00:00Z,daily,33.3,o3,µg/m³
35988,2023-08-25T22:00:00Z,2023-08-26T22:00:00Z,daily,58.7,o3,µg/m³
35988,2023-08-26T22:00:00Z,2023-08-27T22:00:00Z,daily,32.9,o3,µg/m³
35988,2023-08-27T22:00:00Z,2023-08-28T22:00:00Z,daily,36.2,o3,µg/m³
35988,2023-08-28T22:00:00Z,2023-08-29T22:00:00Z,daily,44.7,o3,µg/m³
35988,2023-08-29T22:00:00Z,2023-08-30T22:00:00Z,daily,25.5,o3,µg/m³
35988,2023-08-30T22:00:00Z,2023-08-31T22:00:00Z,daily,41.4,o3,µg/m³
35988,2023-08-31T22:00:00Z,2023-09-01T22:00:00Z,daily,44.9,o3,µg/m³
35988,2023-09-01T22:00:00Z,2023-09-02T22:00:00Z,daily,27.2,o3,µg/m³
35988,2023-09-02T22:00:00Z,2023-09-03T22:00:00Z,daily,41.7,o3,µg/m³
35988,2023-09-03T22:00:00Z,2023-09-04T22:00:00Z,daily,42.6,o3,µg/m³
35988,2023-09-04T22:00:00Z,2023-09-05T22:00:00Z,daily,38.6,o3,µg/m³
35988,2023-09-05T22:00:00Z,2023-09-06T22:00:00Z,daily,34.4,o3,µg/m³
35988,2023-09-06T22:00:00Z,2023-09-07T22:00:00Z,daily,26.1,o3,µg/m³
35988,2023-09-07T22:00:00Z,2023-09-08T22:00:00Z,daily,43.5,o3,µg/m³
35988,2023-09-08T22:00:00Z,2023-09-09T22:00:00Z,daily,39.7,o3,µg/m³
35988,2023-09-09T22:00:00Z,2023-09-10T22:00:00Z,daily,59.6,o3,µg/m³
35988,2023-09-10T22:00:00Z,2023-09-11T22:00:00Z,daily,48.5,o3,µg/m³
35988,2023-09-11T22:00:00Z,2023-09-12T22:00:00Z,daily,43.4,o3,µg/m³
35988,2023-09-12T22:00:00Z,2023-09-13T22:00:00Z,daily,63.0,o3,µg/m³
35988,2023-09-13T22:00:00Z,2023-09-14T22:00:00Z,daily,47.7,o3,µg/m³
35988,2023-09-14T22:00:00Z,2023-09-15T22:00:00Z,daily,36.2,o3,µg/m³
35988,2023-09-15T22:00:00Z,2023-09-16T22:00:00Z,daily,51.7,o3,µg/m³
35988,2023-09-16T22:00:00Z,2023-09-17T22:00:00Z,daily,45.6,o3,µg/m³
35988,2023-09-17T22:00:00Z,2023-09-18T22:00:00Z,daily,40.0,o3,µg/m³
35988,2023-09-18T22:00:00Z,2023-09-19T22:00:00Z,daily,27.3,o3,µg/m³
35988,2023-09-19T22:00:00Z,2023-09-20T22:00:00Z,daily,17.9,o3,µg/m³
35988,2023-09-20T22:00:00Z,2023-09-21T22:00:00Z,daily,36.0,o3,µg/m³
35988,2023-09-21T22:00:00Z,2023-09-22T22:00:00Z,daily,45.8,o3,µg/m³
35988,2023-09-22T22:00:00Z,2023-09-23T22:00:00Z,daily,29.5,o3,µg/m³
35988,2023-09-23T22:00:00Z,2023-09-24T22:00:00Z,daily,26.7,o3,µg/m³
35988,2023-09-24T22:00:00Z,2023-09-25T22:00:00Z,daily,42.3,o3,µg/m³
35988,2023-09-25T22:00:00Z,2023-09-26T22:00:00Z,daily,23.5,o3,µg/m³
35988,2023-09-26T22:00:00Z,2023-09-27T22:00:00Z,daily,33.0,o3,µg/m³
35988,2023-09-27T22:00:00Z,2023-09-28T22:00:00Z,daily,35.4,o3,µg/m³
35988,2023-09-28T22:00:00Z,2023-09-29T22:00:00Z,daily,44.2,o3,µg/m³
35988,2023-09-29T22:00:00Z,2023-09-30T22:00:00Z,daily,39.0,o3,µg/m³
35988,2023-09-30T22:00:00Z,2023-10-01T22:00:00Z,daily,35.6,o3,µg/m³
35988,2023-10-01T22:00:00Z,2023-10-02T22:00:00Z,daily,23.5,o3,µg/m³
35988,2023-10-02T22:00:00Z,2023-10-03T22:00:00Z,daily,44.1,o3,µg/m³
35988,2023-10-03T22:00:00Z,2023-10-04T22:00:00Z,daily,43.4,o3,µg/m³
35988,2023-10-04T22:00:00Z,2023-10-05T22:00:00Z,daily,38.5,o3,µg/m³
35988,2023-10-05T22:00:00Z,2023-10-06T22:00:00Z,daily,36.9,o3,µg/m³
35988,2023-10-06T22:00:00Z,2023-10-07T22:00:00Z,daily,53.5,o3,µg/m³
35988,2023-10-07T22:00:00Z,2023-10-08T22:00:00Z,daily,52.2,o3,µg/m³
35988,2023-10-08T22:00:00Z,2023-10-09T22:00:00Z,daily,16.0,o3,µg/m³
35988,2023-10-09T22:00:00Z,2023-10-10T22:00:00Z,daily,24.0,o3,µg/m³
35988,2023-10-10T22:00:00Z,2023-10-11T22:00:00Z,daily,23.3,o3,µg/m³
35988,2023-10-11T22:00:00Z,2023-10-12T22:00:00Z,daily,43.3,o3,µg/m³
35988,2023-10-12T22:00:00Z,2023-10-13T22:00:00Z,daily,19.5,o3,µg/m³
35988,2023-10-13T22:00:00Z,2023-10-14T22:00:00Z,daily,55.8,o3,µg/m³
35988,2023-10-14T22:00:00Z,2023-10-15T22:00:00Z,daily,46.9,o3,µg/m³
35988,2023-10-15T22:00:00Z,2023-10-16T22:00:00Z,daily,49.5,o3,µg/m³
35988,2023-10-25T22:00:00Z,2023-10-26T22:00:00Z,daily,14.2,o3,µg/m³
35988,2023-10-26T22:00:00Z,2023-10-27T22:00:00Z,daily,9.46,o3,µg/m³
35988,2023-10-27T22:00:00Z,2023-10-28T22:00:00Z,daily,9.09,o3,µg/m³
35988,2023-10-28T22:00:00Z,2023-10-29T23:00:00Z,daily,15.5,o3,µg/m³
35988,2023-10-29T23:00:00Z,2023-10-30T23:00:00Z,daily,27.3,o3,µg/m³
35988,2023-10-30T23:00:00Z,2023-10-31T23:00:00Z,daily,27.2,o3,µg/m³
35988,2023-10-31T23:00:00Z,2023-11-01T23:00:00Z,daily,47.8,o3,µg/m³
35988,2023-11-01T23:00:00Z,2023-11-02T23:00:00Z,daily,15.5,o3,µg/m³
35988,2023-11-02T23:00:00Z,2023-11-03T23:00:00Z,daily,48.6,o3,µg/m³
35988,2023-11-03T23:00:00Z,2023-11-04T23:00:00Z,daily,42.4,o3,µg/m³
35988,2023-11-04T23:00:00Z,2023-11-05T23:00:00Z,daily,19.9,o3,µg/m³
35988,2023-11-05T23:00:00Z,2023-11-06T23:00:00Z,daily,49.2,o3,µg/m³
35988,2023-11-06T23:00:00Z,2023-11-07T23:00:00Z,daily,30.5,o3,µg/m³
35988,2023-11-07T23:00:00Z,2023-11-08T23:00:00Z,daily,22.8,o3,µg/m³
35988,2023-11-08T23:00:00Z,2023-11-09T23:00:00Z,daily,15.1,o3,µg/m³
35988,2023-11-09T23:00:00Z,2023-11-10T23:00:00Z,daily,22.2,o3,µg/m³
35988,2023-11-10T23:00:00Z,2023-11-11T23:00:00Z,daily,21.9,o3,µg/m³
35988,2023-11-11T23:00:00Z,2023-11-12T23:00:00Z,daily,25.3,o3,µg/m³
35988,2023-11-12T23:00:00Z,2023-11-13T23:00:00Z,daily,26.6,o3,µg/m³
35988,2023-11-13T23:00:00Z,2023-11-14T23:00:00Z,daily,35.4,o3,µg/m³
35988,2023-11-14T23:00:00Z,2023-11-15T23:00:00Z,daily,36.1,o3,µg/m³
35988,2023-11-15T23:00:00Z,2023-11-16T23:00:00Z,daily,12.7,o3,µg/m³
35988,2023-11-16T23:00:00Z,2023-11-17T23:00:00Z,daily,18.1,o3,µg/m³
35988,2023-11-17T23:00:00Z,2023-11-18T23:00:00Z,daily,10.4,o3,µg/m³
35988,2023-11-18T23:00:00Z,2023-11-19T23:00:00Z,daily,10.0,o3,µg/m³
35988,2023-11-19T23:00:00Z,2023-11-20T23:00:00Z,daily,10.5,o3,µg/m³
35988,2023-11-20T23:00:00Z,2023-11-21T23:00:00Z,daily,20.7,o3,µg/m³
35988,2023-11-21T23:00:00Z,2023-11-22T23:00:00Z,daily,34.7,o3,µg/m³
35988,2023-11-22T23:00:00Z,2023-11-23T23:00:00Z,daily,40.6,o3,µg/m³
35988,2023-11-23T23:00:00Z,2023-11-24T23:00:00Z,daily,67.1,o3,µg/m³
35988,2023-11-24T23:00:00Z,2023-11-25T23:00:00Z,daily,48.0,o3,µg/m³
35988,2023-11-25T23:00:00Z,2023-11-26T23:00:00Z,daily,54.7,o3,µg/m³
35988,2023-11-26T23:00:00Z,2023-11-27T23:00:00Z,daily,29.8,o3,µg/m³
35988,2023-11-27T23:00:00Z,2023-11-28T23:00:00Z,daily,13.4,o3,µg/m³
35988,2023-11-28T23:00:00Z,2023-11-29T23:00:00Z,daily,28.2,o3,µg/m³
35988,2023-11-29T23:00:00Z,2023-11-30T23:00:00Z,daily,6.56,o3,µg/m³
35988,2023-11-30T23:00:00Z,2023-12-01T23:00:00Z,daily,7.96,o3,µg/m³
35988,2023-12-01T23:00:00Z,2023-12-02T23:00:00Z,daily,5.7,o3,µg/m³
35988,2023-12-02T23:00:00Z,2023-12-03T23:00:00Z,daily,23.2,o3,µg/m³
35988,2023-12-03T23:00:00Z,2023-12-04T23:00:00Z,daily,19.6,o3,µg/m³
35988,2023-12-04T23:00:00Z,2023-12-05T23:00:00Z,daily,17.4,o3,µg/m³
35988,2023-12-05T23:00:00Z,2023-12-06T23:00:00Z,daily,29.2,o3,µg/m³
35988,2023-12-06T23:00:00Z,2023-12-07T23:00:00Z,daily,16.9,o3,µg/m³
35988,2023-12-07T23:00:00Z,2023-12-08T23:00:00Z,daily,28.1,o3,µg/m³
35988,2023-12-08T23:00:00Z,2023-12-09T23:00:00Z,daily,20.1,o3,µg/m³
35988,2023-12-09T23:00:00Z,2023-12-10T23:00:00Z,daily,24.9,o3,µg/m³
35988,2023-12-10T23:00:00Z,2023-12-11T23:00:00Z,daily,30.4,o3,µg/m³
35988,2023-12-11T23:00:00Z,2023-12-12T23:00:00Z,daily,14.7,o3,µg/m³
35988,2023-12-13T23:00:00Z,2023-12-14T23:00:00Z,daily,13.5,o3,µg/m³
35988,2023-12-14T23:00:00Z,2023-12-15T23:00:00Z,daily,28.2,o3,µg/m³
35988,2023-12-15T23:00:00Z,2023-12-16T23:00:00Z,daily,31.2,o3,µg/m³
35988,2023-12-16T23:00:00Z,2023-12-17T23:00:00Z,daily,42.8,o3,µg/m³
35988,2023-12-17T23:00:00Z,2023-12-18T23:00:00Z,daily,36.9,o3,µg/m³
35988,2023-12-18T23:00:00Z,2023-12-19T23:00:00Z,daily,30.3,o3,µg/m³
35988,2023-12-19T23:00:00Z,2023-12-20T23:00:00Z,daily,20.1,o3,µg/m³
35988,2023-12-20T23:00:00Z,2023-12-21T23:00:00Z,daily,42.4,o3,µg/m³
35988,2023-12-21T23:00:00Z,2023-12-22T23:00:00Z,daily,70.8,o3,µg/m³
35988,2023-12-22T23:00:00Z,2023-12-23T23:00:00Z,daily,73.7,o3,µg/m³
35988,2023-12-23T23:00:00Z,2023-12-24T23:00:00Z,daily,60.7,o3,µg/m³
35988,2023-12-24T23:00:00Z,2023-12-25T23:00:00Z,daily,69.9,o3,µg/m³
35988,2023-12-25T23:00:00Z,2023-12-26T23:00:00Z,daily,58.3,o3,µg/m³
35988,2023-12-26T23:00:00Z,2023-12-27T23:00:00Z,daily,49.1,o3,µg/m³
35988,2023-12-27T23:00:00Z,2023-12-28T23:00:00Z,daily,27.9,o3,µg/m³
35988,2023-12-28T23:00:00Z,2023-12-29T23:00:00Z,daily,41.6,o3,µg/m³
35988,2023-12-29T23:00:00Z,2023-12-30T23:00:00Z,daily,65.3,o3,µg/m³
35990,2022-12-31T23:00:00Z,2023-01-01T23:00:00Z,daily,14.3,pm10,µg/m³
35990,2023-01-01T23:00:00Z,2023-01-02T23:00:00Z,daily,21.3,pm10,µg/m³
35990,2023-01-02T23:00:00Z,2023-01-03T23:00:00Z,daily,15.8,pm10,µg/m³
35990,2023-01-03T23:00:00Z,2023-01-04T23:00:00Z,daily,24.1,pm10,µg/m³
35990,2023-01-04T23:00:00Z,2023-01-05T23:00:00Z,daily,3.53,pm10,µg/m³
35990,2023-01-05T23:00:00Z,2023-01-06T23:00:00Z,daily,13.7,pm10,µg/m³
35990,2023-01-06T23:00:00Z,2023-01-07T23:00:00Z,daily,25.5,pm10,µg/m³
35990,2023-01-07T23:00:00Z,2023-01-08T23:00:00Z,daily,24.9,pm10,µg/m³
35990,2023-01-08T23:00:00Z,2023-01-09T23:00:00Z,daily,27.5,pm10,µg/m³
35990,2023-01-09T23:00:00Z,2023-01-10T23:00:00Z,daily,30.4,pm10,µg/m³
35990,2023-01-10T23:00:00Z,2023-01-11T23:00:00Z,daily,21.0,pm10,µg/m³
35990,2023-01-15T23:00:00Z,2023-01-16T23:00:00Z,daily,18.9,pm10,µg/m³
35990,2023-01-16T23:00:00Z,2023-01-17T23:00:00Z,daily,23.9,pm10,µg/m³
35990,2023-01-17T23:00:00Z,2023-01-18T23:00:00Z,daily,21.6,pm10,µg/m³
35990,2023-01-18T23:00:00Z,2023-01-19T23:00:00Z,daily,26.3,pm10,µg/m³
35990,2023-01-19T23:00:00Z,2023-01-20T23:00:00Z,daily,23.1,pm10,µg/m³
35990,2023-01-20T23:00:00Z,2023-01-21T23:00:00Z,daily,9.72,pm10,µg/m³
35990,2023-01-21T23:00:00Z,2023-01-22T23:00:00Z,daily,20.9,pm10,µg/m³
35990,2023-01-22T23:00:00Z,2023-01-23T23:00:00Z,daily,26.7,pm10,µg/m³
35990,2023-01-23T23:00:00Z,2023-01-24T23:00:00Z,daily,34.5,pm10,µg/m³
35990,2023-01-24T23:00:00Z,2023-01-25T23:00:00Z,daily,32.0,pm10,µg/m³
35990,2023-01-25T23:00:00Z,2023-01-26T23:00:00Z,daily,37.2,pm10,µg/m³
35990,2023-01-26T23:00:00Z,2023-01-27T23:00:00Z,daily,38.9,pm10,µg/m³
35990,2023-01-27T23:00:00Z,2023-01-28T23:00:00Z,daily,18.0,pm10,µg/m³
35990,2023-01-28T23:00:00Z,2023-01-29T23:00:00Z,daily,18.8,pm10,µg/m³
35990,2023-01-29T23:00:00Z,2023-01-30T23:00:00Z,daily,16.3,pm10,µg/m³
35990,2023-01-30T23:00:00Z,2023-01-31T23:00:00Z,daily,11.5,pm10,µg/m³
35990,2023-01-31T23:00:00Z,2023-02-01T23:00:00Z,daily,6.89,pm10,µg/m³
35990,2023-02-01T23:00:00Z,2023-02-02T23:00:00Z,daily,9.0,pm10,µg/m³
35990,2023-02-13T23:00:00Z,2023-02-14T23:00:00Z,daily,23.7,pm10,µg/m³
35990,2023-02-14T23:00:00Z,2023-02-15T23:00:00Z,daily,28.2,pm10,µg/m³
35990,2023-02-15T23:00:00Z,2023-02-16T23:00:00Z,daily,51.0,pm10,µg/m³
35990,2023-03-18T23:00:00Z,2023-03-19T23:00:00Z,daily,44.3,pm10,µg/m³
35990,2023-03-19T23:00:00Z,2023-03-20T23:00:00Z,daily,67.0,pm10,µg/m³
35990,2023-03-20T23:00:00Z,2023-03-21T23:00:00Z,daily,24.5,pm10,µg/m³
35990,2023-03-21T23:00:00Z,2023-03-22T23:00:00Z,daily,33.9,pm10,µg/m³
35990,2023-03-22T23:00:00Z,2023-03-23T23:00:00Z,daily,40.2,pm10,µg/m³
35990,2023-03-23T23:00:00Z,2023-03-24T23:00:00Z,daily,17.4,pm10,µg/m³
35990,2023-03-24T23:00:00Z,2023-03-26T22:00:00Z,daily,13.3,pm10,µg/m³
35990,2023-03-25T23:00:00Z,2023-03-26T22:00:00Z,daily,11.3,pm10,µg/m³
35990,2023-03-26T22:00:00Z,2023-03-27T22:00:00Z,daily,16.3,pm10,µg/m³
35990,2023-03-27T22:00:00Z,2023-03-28T22:00:00Z,daily,14.5,pm10,µg/m³
35990,2023-03-28T22:00:00Z,2023-03-29T22:00:00Z,daily,18.3,pm10,µg/m³
35990,2023-03-29T22:00:00Z,2023-03-30T22:00:00Z,daily,28.2,pm10,µg/m³
35990,2023-03-30T22:00:00Z,2023-03-31T22:00:00Z,daily,17.6,pm10,µg/m³
35990,2023-03-31T22:00:00Z,2023-04-01T22:00:00Z,daily,13.4,pm10,µg/m³
35990,2023-04-01T22:00:00Z,2023-04-02T22:00:00Z,daily,9.58,pm10,µg/m³
35990,2023-04-02T22:00:00Z,2023-04-03T22:00:00Z,daily,5.77,pm10,µg/m³
35990,2023-04-03T22:00:00Z,2023-04-04T22:00:00Z,daily,15.5,pm10,µg/m³
35990,2023-04-04T22:00:00Z,2023-04-05T22:00:00Z,daily,40.3,pm10,µg/m³
35990,2023-04-05T22:00:00Z,2023-04-06T22:00:00Z,daily,12.8,pm10,µg/m³
35990,2023-04-06T22:00:00Z,2023-04-07T22:00:00Z,daily,18.8,pm10,µg/m³
35990,2023-04-07T22:00:00Z,2023-04-08T22:00:00Z,daily,15.5,pm10,µg/m³
35990,2023-04-08T22:00:00Z,2023-04-09T22:00:00Z,daily,15.6,pm10,µg/m³
35990,2023-04-09T22:00:00Z,2023-04-10T22:00:00Z,daily,21.0,pm10,µg/m³
35990,2023-04-10T22:00:00Z,2023-04-11T22:00:00Z,daily,24.7,pm10,µg/m³
35990,2023-04-11T22:00:00Z,2023-04-12T22:00:00Z,daily,26.6,pm10,µg/m³
35990,2023-04-12T22:00:00Z,2023-04-13T22:00:00Z,daily,43.5,pm10,µg/m³
35990,2023-04-13T22:00:00Z,2023-04-14T22:00:00Z,daily,23.3,pm10,µg/m³
35990,2023-04-14T22:00:00Z,2023-04-15T22:00:00Z,daily,6.4,pm10,µg/m³
35990,2023-04-15T22:00:00Z,2023-04-16T22:00:00Z,daily,13.8,pm10,µg/m³
35990,2023-04-16T22:00:00Z,2023-04-17T22:00:00Z,daily,19.7,pm10,µg/m³
35990,2023-04-17T22:00:00Z,2023-04-18T22:00:00Z,daily,14.5,pm10,µg/m³
35990,2023-04-18T22:00:00Z,2023-04-19T22:00:00Z,daily,17.8,pm10,µg/m³
35990,2023-04-19T22:00:00Z,2023-04-20T22:00:00Z,daily,32.6,pm10,µg/m³
35990,2023-04-20T22:00:00Z,2023-04-21T22:00:00Z,daily,28.4,pm10,µg/m³
35990,2023-04-21T22:00:00Z,2023-04-22T22:00:00Z,daily,68.0,pm10,µg/m³
35990,2023-04-22T22:00:00Z,2023-04-23T22:00:00Z,daily,22.9,pm10,µg/m³
35990,2023-04-23T22:00:00Z,2023-04-24T22:00:00Z,daily,35.4,pm10,µg/m³
35990,2023-04-25T22:00:00Z,2023-04-26T22:00:00Z,daily,13.9,pm10,µg/m³
35990,2023-04-26T22:00:00Z,2023-04-27T22:00:00Z,daily,24.6,pm10,µg/m³
35990,2023-04-27T22:00:00Z,2023-04-28T22:00:00Z,daily,27.7,pm10,µg/m³
35990,2023-04-28T22:00:00Z,2023-04-29T22:00:00Z,daily,25.3,pm10,µg/m³
35990,2023-04-29T22:00:00Z,2023-04-30T22:00:00Z,daily,16.8,pm10,µg/m³
35990,2023-04-30T22:00:00Z,2023-05-01T22:00:00Z,daily,12.7,pm10,µg/m³
35990,2023-05-01T22:00:00Z,2023-05-02T22:00:00Z,daily,19.8,pm10,µg/m³
35990,2023-05-02T22:00:00Z,2023-05-03T22:00:00Z,daily,9.82,pm10,µg/m³
35990,2023-05-03T22:00:00Z,2023-05-04T22:00:00Z,daily,22.8,pm10,µg/m³
35990,2023-05-04T22:00:00Z,2023-05-05T22:00:00Z,daily,24.2,pm10,µg/m³
35990,2023-05-05T22:00:00Z,2023-05-06T22:00:00Z,daily,12.2,pm10,µg/m³
35990,2023-05-06T22:00:00Z,2023-05-07T22:00:00Z,daily,7.43,pm10,µg/m³
35990,2023-05-07T22:00:00Z,2023-05-08T22:00:00Z,daily,11.8,pm10,µg/m³
35990,2023-05-09T22:00:00Z,2023-05-10T22:00:00Z,daily,16.8,pm10,µg/m³
35990,2023-05-10T22:00:00Z,2023-05-11T22:00:00Z,daily,17.5,pm10,µg/m³
35990,2023-05-11T22:00:00Z,2023-05-12T22:00:00Z,daily,24.6,pm10,µg/m³
35990,2023-05-12T22:00:00Z,2023-05-13T22:00:00Z,daily,27.3,pm10,µg/m³
35990,2023-05-13T22:00:00Z,2023-05-14T22:00:00Z,daily,24.6,pm10,µg/m³
35990,2023-05-15T22:00:00Z,2023-05-16T22:00:00Z,daily,15.7,pm10,µg/m³
35990,2023-05-16T22:00:00Z,2023-05-17T22:00:00Z,daily,15.4,pm10,µg/m³
35990,2023-05-17T22:00:00Z,2023-05-18T22:00:00Z,daily,8.35,pm10,µg/m³
35990,2023-05-18T22:00:00Z,2023-05-19T22:00:00Z,daily,10.2,pm10,µg/m³
35990,2023-05-19T22:00:00Z,2023-05-20T22:00:00Z,daily,20.9,pm10,µg/m³
35990,2023-05-20T22:00:00Z,2023-05-21T22:00:00Z,daily,15.9,pm10,µg/m³
35990,2023-05-21T22:00:00Z,2023-05-22T22:00:00Z,daily,17.3,pm10,µg/m³
35990,2023-05-22T22:00:00Z,2023-05-23T22:00:00Z,daily,19.7,pm10,µg/m³
35990,2023-05-23T22:00:00Z,2023-05-24T22:00:00Z,daily,36.6,pm10,µg/m³
35990,2023-05-24T22:00:00Z,2023-05-25T22:00:00Z,daily,35.7,pm10,µg/m³
35990,2023-05-25T22:00:00Z,2023-05-26T22:00:00Z,daily,22.6,pm10,µg/m³
35990,2023-05-27T22:00:00Z,2023-05-28T22:00:00Z,daily,15.2,pm10,µg/m³
35990,2023-05-28T22:00:00Z,2023-05-29T22:00:00Z,daily,33.2,pm10,µg/m³
35990,2023-05-29T22:00:00Z,2023-05-30T22:00:00Z,daily,17.9,pm10,µg/m³
35990,2023-05-30T22:00:00Z,2023-05-31T22:00:00Z,daily,25.2,pm10,µg/m³
35990,2023-05-31T22:00:00Z,2023-06-01T22:00:00Z,daily,30.9,pm10,µg/m³
35990,2023-06-01T22:00:00Z,2023-06-02T22:00:00Z,daily,15.7,pm10,µg/m³
35990,2023-06-02T22:00:00Z,2023-06-03T22:00:00Z,daily,10.2,pm10,µg/m³
35990,2023-06-03T22:00:00Z,2023-06-04T22:00:00Z,daily,10.2,pm10,µg/m³
35990,2023-06-04T22:00:00Z,2023-06-05T22:00:00Z,daily,18.7,pm10,µg/m³
35990,2023-06-05T22:00:00Z,2023-06-06T22:00:00Z,daily,17.4,pm10,µg/m³
35990,2023-06-06T22:00:00Z,2023-06-07T22:00:00Z,daily,22.8,pm10,µg/m³
35990,2023-06-07T22:00:00Z,2023-06-08T22:00:00Z,daily,16.5,pm10,µg/m³
35990,2023-06-08T22:00:00Z,2023-06-09T22:00:00Z,daily,20.2,pm10,µg/m³
35990,2023-06-09T22:00:00Z,2023-06-10T22:00:00Z,daily,21.6,pm10,µg/m³
35990,2023-06-10T22:00:00Z,2023-06-11T22:00:00Z,daily,18.5,pm10,µg/m³
35990,2023-06-11T22:00:00Z,2023-06-12T22:00:00Z,daily,18.6,pm10,µg/m³
35990,2023-06-12T22:00:00Z,2023-06-13T22:00:00Z,daily,10.6,pm10,µg/m³
35990,2023-06-13T22:00:00Z,2023-06-14T22:00:00Z,daily,16.8,pm10,µg/m³
35990,2023-06-14T22:00:00Z,2023-06-15T22:00:00Z,daily,17.0,pm10,µg/m³
35990,2023-06-15T22:00:00Z,2023-06-16T22:00:00Z,daily,21.2,pm10,µg/m³
35990,2023-06-16T22:00:00Z,2023-06-17T22:00:00Z,daily,18.0,pm10,µg/m³
35990,2023-06-17T22:00:00Z,2023-06-18T22:00:00Z,daily,23.5,pm10,µg/m³
35990,2023-06-18T22:00:00Z,2023-06-19T22:00:00Z,daily,16.7,pm10,µg/m³
35990,2023-06-19T22:00:00Z,2023-06-20T22:00:00Z,daily,24.1,pm10,µg/m³
35990,2023-06-20T22:00:00Z,2023-06-21T22:00:00Z,daily,25.3,pm10,µg/m³
35990,2023-06-21T22:00:00Z,2023-06-22T22:00:00Z,daily,25.8,pm10,µg/m³
35990,2023-06-23T22:00:00Z,2023-06-24T22:00:00Z,daily,11.7,pm10,µg/m³
35990,2023-06-24T22:00:00Z,2023-06-25T22:00:00Z,daily,15.9,pm10,µg/m³
35990,2023-06-25T22:00:00Z,2023-06-26T22:00:00Z,daily,18.2,pm10,µg/m³
35990,2023-06-26T22:00:00Z,2023-06-27T22:00:00Z,daily,13.7,pm10,µg/m³
35990,2023-06-27T22:00:00Z,2023-06-28T22:00:00Z,daily,5.15,pm10,µg/m³
35990,2023-06-28T22:00:00Z,2023-06-29T22:00:00Z,daily,15.0,pm10,µg/m³
35990,2023-06-29T22:00:00Z,2023-06-30T22:00:00Z,daily,14.7,pm10,µg/m³
35990,2023-06-30T22:00:00Z,2023-07-01T22:00:00Z,daily,15.9,pm10,µg/m³
35990,2023-07-01T22:00:00Z,2023-07-02T22:00:00Z,daily,15.9,pm10,µg/m³
35990,2023-07-02T22:00:00Z,2023-07-03T22:00:00Z,daily,19.8,pm10,µg/m³
35990,2023-07-03T22:00:00Z,2023-07-04T22:00:00Z,daily,23.5,pm10,µg/m³
35990,2023-07-04T22:00:00Z,2023-07-05T22:00:00Z,daily,30.2,pm10,µg/m³
35990,2023-07-05T22:00:00Z,2023-07-06T22:00:00Z,daily,20.6,pm10,µg/m³
35990,2023-07-06T22:00:00Z,2023-07-07T22:00:00Z,daily,37.0,pm10,µg/m³
35990,2023-07-07T22:00:00Z,2023-07-08T22:00:00Z,daily,13.3,pm10,µg/m³
35990,2023-07-08T22:00:00Z,2023-07-09T22:00:00Z,daily,8.05,pm10,µg/m³
35990,2023-07-09T22:00:00Z,2023-07-10T22:00:00Z,daily,12.6,pm10,µg/m³
35990,2023-07-10T22:00:00Z,2023-07-11T22:00:00Z,daily,9.75,pm10,µg/m³
35990,2023-07-11T22:00:00Z,2023-07-12T22:00:00Z,daily,11.9,pm10,µg/m³
35990,2023-07-12T22:00:00Z,2023-07-13T22:00:00Z,daily,17.0,pm10,µg/m³
35990,2023-07-16T22:00:00Z,2023-07-17T22:00:00Z,daily,11.9,pm10,µg/m³
35990,2023-07-17T22:00:00Z,2023-07-18T22:00:00Z,daily,10.6,pm10,µg/m³
35990,2023-07-18T22:00:00Z,2023-07-19T22:00:00Z,daily,12.7,pm10,µg/m³
35990,2023-07-19T22:00:00Z,2023-07-20T22:00:00Z,daily,8.49,pm10,µg/m³
35990,2023-07-20T22:00:00Z,2023-07-21T22:00:00Z,daily,10.0,pm10,µg/m³
35990,2023-07-21T22:00:00Z,2023-07-22T22:00:00Z,daily,13.9,pm10,µg/m³
35990,2023-07-22T22:00:00Z,2023-07-23T22:00:00Z,daily,11.3,pm10,µg/m³
35990,2023-07-23T22:00:00Z,2023-07-24T22:00:00Z,daily,12.8,pm10,µg/m³
35990,2023-07-24T22:00:00Z,2023-07-25T22:00:00Z,daily,13.9,pm10,µg/m³
35990,2023-07-25T22:00:00Z,2023-07-26T22:00:00Z,daily,13.0,pm10,µg/m³
35990,2023-07-26T22:00:00Z,2023-07-27T22:00:00Z,daily,9.48,pm10,µg/m³
35990,2023-07-27T22:00:00Z,2023-07-28T22:00:00Z,daily,8.41,pm10,µg/m³
35990,2023-07-28T22:00:00Z,2023-07-29T22:00:00Z,daily,10.3,pm10,µg/m³
35990,2023-07-29T22:00:00Z,2023-07-30T22:00:00Z,daily,8.07,pm10,µg/m³
35990,2023-07-30T22:00:00Z,2023-07-31T22:00:00Z,daily,6.97,pm10,µg/m³
35990,2023-07-31T22:00:00Z,2023-08-01T22:00:00Z,daily,6.4,pm10,µg/m³
35990,2023-08-01T22:00:00Z,2023-08-02T22:00:00Z,daily,5.33,pm10,µg/m³
35990,2023-08-02T22:00:00Z,2023-08-03T22:00:00Z,daily,4.29,pm10,µg/m³
35990,2023-08-03T22:00:00Z,2023-08-04T22:00:00Z,daily,4.45,pm10,µg/m³
35990,2023-08-04T22:00:00Z,2023-08-05T22:00:00Z,daily,8.31,pm10,µg/m³
35990,2023-08-05T22:00:00Z,2023-08-06T22:00:00Z,daily,9.97,pm10,µg/m³
35990,2023-08-06T22:00:00Z,2023-08-07T22:00:00Z,daily,3.04,pm10,µg/m³
35990,2023-08-07T22:00:00Z,2023-08-08T22:00:00Z,daily,4.36,pm10,µg/m³
35990,2023-08-08T22:00:00Z,2023-08-09T22:00:00Z,daily,4.45,pm10,µg/m³
35990,2023-08-09T22:00:00Z,2023-08-10T22:00:00Z,daily,10.1,pm10,µg/m³
35990,2023-08-10T22:00:00Z,2023-08-11T22:00:00Z,daily,17.0,pm10,µg/m³
35990,2023-08-11T22:00:00Z,2023-08-12T22:00:00Z,daily,18.2,pm10,µg/m³
35990,2023-08-12T22:00:00Z,2023-08-13T22:00:00Z,daily,22.8,pm10,µg/m³
35990,2023-08-13T22:00:00Z,2023-08-14T22:00:00Z,daily,17.4,pm10,µg/m³
35990,2023-08-14T22:00:00Z,2023-08-15T22:00:00Z,daily,19.0,pm10,µg/m³
35990,2023-08-15T22:00:00Z,2023-08-16T22:00:00Z,daily,18.4,pm10,µg/m³
35990,2023-08-16T22:00:00Z,2023-08-17T22:00:00Z,daily,18.6,pm10,µg/m³
35990,2023-08-17T22:00:00Z,2023-08-18T22:00:00Z,daily,14.8,pm10,µg/m³
35990,2023-08-23T22:00:00Z,2023-08-24T22:00:00Z,daily,14.6,pm10,µg/m³
35990,2023-08-24T22:00:00Z,2023-08-25T22:00:00Z,daily,18.0,pm10,µg/m³
35990,2023-08-25T22:00:00Z,2023-08-26T22:00:00Z,daily,16.5,pm10,µg/m³
35990,2023-08-26T22:00:00Z,2023-08-27T22:00:00Z,daily,17.8,pm10,µg/m³
35990,2023-08-27T22:00:00Z,2023-08-28T22:00:00Z,daily,14.5,pm10,µg/m³
35990,2023-08-28T22:00:00Z,2023-08-29T22:00:00Z,daily,14.6,pm10,µg/m³
35990,2023-08-29T22:00:00Z,2023-08-30T22:00:00Z,daily,28.7,pm10,µg/m³
35990,2023-08-30T22:00:00Z,2023-08-31T22:00:00Z,daily,12.5,pm10,µg/m³
35990,2023-08-31T22:00:00Z,2023-09-01T22:00:00Z,daily,13.9,pm10,µg/m³
35990,2023-09-01T22:00:00Z,2023-09-02T22:00:00Z,daily,19.8,pm10,µg/m³
35990,2023-09-02T22:00:00Z,2023-09-03T22:00:00Z,daily,19.8,pm10,µg/m³
35990,2023-09-03T22:00:00Z,2023-09-04T22:00:00Z,daily,15.9,pm10,µg/m³
35990,2023-09-04T22:00:00Z,2023-09-05T22:00:00Z,daily,19.4,pm10,µg/m³
35990,2023-09-05T22:00:00Z,2023-09-06T22:00:00Z,daily,19.3,pm10,µg/m³
35990,2023-09-06T22:00:00Z,2023-09-07T22:00:00Z,daily,26.6,pm10,µg/m³
35990,2023-09-07T22:00:00Z,2023-09-08T22:00:00Z,daily,25.0,pm10,µg/m³
35990,2023-09-08T22:00:00Z,2023-09-09T22:00:00Z,daily,48.0,pm10,µg/m³
35990,2023-09-09T22:00:00Z,2023-09-10T22:00:00Z,daily,64.0,pm10,µg/m³
35990,2023-09-10T22:00:00Z,2023-09-11T22:00:00Z,daily,71.7,pm10,µg/m³
35990,2023-09-11T22:00:00Z,2023-09-12T22:00:00Z,daily,98.6,pm10,µg/m³
35990,2023-09-14T22:00:00Z,2023-09-15T22:00:00Z,daily,5.2,pm10,µg/m³
35990,2023-09-15T22:00:00Z,2023-09-16T22:00:00Z,daily,6.79,pm10,µg/m³
35990,2023-09-16T22:00:00Z,2023-09-17T22:00:00Z,daily,10.2,pm10,µg/m³
35990,2023-09-17T22:00:00Z,2023-09-18T22:00:00Z,daily,12.7,pm10,µg/m³
35990,2023-09-18T22:00:00Z,2023-09-19T22:00:00Z,daily,13.1,pm10,µg/m³
35990,2023-09-19T22:00:00Z,2023-09-20T22:00:00Z,daily,9.05,pm10,µg/m³
35990,2023-09-20T22:00:00Z,2023-09-21T22:00:00Z,daily,9.59,pm10,µg/m³
35990,2023-09-21T22:00:00Z,2023-09-22T22:00:00Z,daily,8.94,pm10,µg/m³
35990,2023-09-22T22:00:00Z,2023-09-23T22:00:00Z,daily,10.3,pm10,µg/m³
35990,2023-09-23T22:00:00Z,2023-09-24T22:00:00Z,daily,6.17,pm10,µg/m³
35990,2023-09-24T22:00:00Z,2023-09-25T22:00:00Z,daily,4.31,pm10,µg/m³
35990,2023-09-25T22:00:00Z,2023-09-26T22:00:00Z,daily,16.0,pm10,µg/m³
35990,2023-09-26T22:00:00Z,2023-09-27T22:00:00Z,daily,23.7,pm10,µg/m³
35990,2023-09-27T22:00:00Z,2023-09-28T22:00:00Z,daily,19.9,pm10,µg/m³
35990,2023-09-28T22:00:00Z,2023-09-29T22:00:00Z,daily,19.3,pm10,µg/m³
35990,2023-09-29T22:00:00Z,2023-09-30T22:00:00Z,daily,12.0,pm10,µg/m³
35990,2023-09-30T22:00:00Z,2023-10-01T22:00:00Z,daily,5.45,pm10,µg/m³
35990,2023-10-01T22:00:00Z,2023-10-02T22:00:00Z,daily,9.3,pm10,µg/m³
35990,2023-10-02T22:00:00Z,2023-10-03T22:00:00Z,daily,9.59,pm10,µg/m³
35990,2023-10-03T22:00:00Z,2023-10-04T22:00:00Z,daily,3.51,pm10,µg/m³
35990,2023-10-04T22:00:00Z,2023-10-05T22:00:00Z,daily,7.04,pm10,µg/m³
35990,2023-10-05T22:00:00Z,2023-10-06T22:00:00Z,daily,9.41,pm10,µg/m³
35990,2023-10-06T22:00:00Z,2023-10-07T22:00:00Z,daily,4.34,pm10,µg/m³
35990,2023-10-07T22:00:00Z,2023-10-08T22:00:00Z,daily,3.18,pm10,µg/m³
35990,2023-10-08T22:00:00Z,2023-10-09T22:00:00Z,daily,12.1,pm10,µg/m³
35990,2023-10-09T22:00:00Z,2023-10-10T22:00:00Z,daily,22.8,pm10,µg/m³
35990,2023-10-10T22:00:00Z,2023-10-11T22:00:00Z,daily,20.0,pm10,µg/m³
35990,2023-10-11T22:00:00Z,2023-10-12T22:00:00Z,daily,8.25,pm10,µg/m³
35990,2023-10-12T22:00:00Z,2023-10-13T22:00:00Z,daily,12.8,pm10,µg/m³
35990,2023-10-13T22:00:00Z,2023-10-14T22:00:00Z,daily,8.24,pm10,µg/m³
35990,2023-10-14T22:00:00Z,2023-10-15T22:00:00Z,daily,3.27,pm10,µg/m³
35990,2023-10-15T22:00:00Z,2023-10-16T22:00:00Z,daily,2.93,pm10,µg/m³
35990,2023-10-25T22:00:00Z,2023-10-26T22:00:00Z,daily,10.9,pm10,µg/m³
35990,2023-10-26T22:00:00Z,2023-10-27T22:00:00Z,daily,11.2,pm10,µg/m³
35990,2023-10-27T22:00:00Z,2023-10-28T22:00:00Z,daily,7.55,pm10,µg/m³
35990,2023-10-28T22:00:00Z,2023-10-29T23:00:00Z,daily,14.3,pm10,µg/m³
35990,2023-10-29T23:00:00Z,2023-10-30T23:00:00Z,daily,9.06,pm10,µg/m³
35990,2023-10-30T23:00:00Z,2023-10-31T23:00:00Z,daily,9.95,pm10,µg/m³
35990,2023-10-31T23:00:00Z,2023-11-01T23:00:00Z,daily,3.44,pm10,µg/m³
35990,2023-11-01T23:00:00Z,2023-11-02T23:00:00Z,daily,15.3,pm10,µg/m³
35990,2023-11-02T23:00:00Z,2023-11-03T23:00:00Z,daily,4.15,pm10,µg/m³
35990,2023-11-03T23:00:00Z,2023-11-04T23:00:00Z,daily,6.07,pm10,µg/m³
35990,2023-11-04T23:00:00Z,2023-11-05T23:00:00Z,daily,15.9,pm10,µg/m³
35990,2023-11-05T23:00:00Z,2023-11-06T23:00:00Z,daily,2.09,pm10,µg/m³
35990,2023-11-06T23:00:00Z,2023-11-07T23:00:00Z,daily,6.39,pm10,µg/m³
35990,2023-11-07T23:00:00Z,2023-11-08T23:00:00Z,daily,12.3,pm10,µg/m³
35990,2023-11-08T23:00:00Z,2023-11-09T23:00:00Z,daily,12.3,pm10,µg/m³
35990,2023-11-09T23:00:00Z,2023-11-10T23:00:00Z,daily,11.4,pm10,µg/m³
35990,2023-11-10T23:00:00Z,2023-11-11T23:00:00Z,daily,19.7,pm10,µg/m³
35990,2023-11-11T23:00:00Z,2023-11-12T23:00:00Z,daily,18.6,pm10,µg/m³
35990,2023-11-12T23:00:00Z,2023-11-13T23:00:00Z,daily,14.0,pm10,µg/m³
35990,2023-11-13T23:00:00Z,2023-11-14T23:00:00Z,daily,8.66,pm10,µg/m³
35990,2023-11-14T23:00:00Z,2023-11-15T23:00:00Z,daily,6.44,pm10,µg/m³
35990,2023-11-15T23:00:00Z,2023-11-16T23:00:00Z,daily,15.2,pm10,µg/m³
35990,2023-11-16T23:00:00Z,2023-11-17T23:00:00Z,daily,11.6,pm10,µg/m³
35990,2023-11-17T23:00:00Z,2023-11-18T23:00:00Z,daily,9.7,pm10,µg/m³
35990,2023-11-18T23:00:00Z,2023-11-19T23:00:00Z,daily,16.5,pm10,µg/m³
35990,2023-11-19T23:00:00Z,2023-11-20T23:00:00Z,daily,9.32,pm10,µg/m³
35990,2023-11-20T23:00:00Z,2023-11-21T23:00:00Z,daily,16.7,pm10,µg/m³
35990,2023-11-21T23:00:00Z,2023-11-22T23:00:00Z,daily,10.6,pm10,µg/m³
35990,2023-11-22T23:00:00Z,2023-11-23T23:00:00Z,daily,17.6,pm10,µg/m³
35990,2023-11-23T23:00:00Z,2023-11-24T23:00:00Z,daily,1.68,pm10,µg/m³
35990,2023-11-24T23:00:00Z,2023-11-25T23:00:00Z,daily,6.66,pm10,µg/m³
35990,2023-11-25T23:00:00Z,2023-11-26T23:00:00Z,daily,6.28,pm10,µg/m³
35990,2023-11-26T23:00:00Z,2023-11-27T23:00:00Z,daily,21.0,pm10,µg/m³
35990,2023-11-27T23:00:00Z,2023-11-28T23:00:00Z,daily,31.5,pm10,µg/m³
35990,2023-11-28T23:00:00Z,2023-11-29T23:00:00Z,daily,22.2,pm10,µg/m³
35990,2023-11-29T23:00:00Z,2023-11-30T23:00:00Z,daily,34.5,pm10,µg/m³
35990,2023-11-30T23:00:00Z,2023-12-01T23:00:00Z,daily,38.1,pm10,µg/m³
35990,2023-12-01T23:00:00Z,2023-12-02T23:00:00Z,daily,38.2,pm10,µg/m³
35990,2023-12-02T23:00:00Z,2023-12-03T23:00:00Z,daily,20.8,pm10,µg/m³
35990,2023-12-03T23:00:00Z,2023-12-04T23:00:00Z,daily,25.1,pm10,µg/m³
35990,2023-12-04T23:00:00Z,2023-12-05T23:00:00Z,daily,36.9,pm10,µg/m³
35990,2023-12-05T23:00:00Z,2023-12-06T23:00:00Z,daily,30.9,pm10,µg/m³
35990,2023-12-06T23:00:00Z,2023-12-07T23:00:00Z,daily,25.7,pm10,µg/m³
35990,2023-12-07T23:00:00Z,2023-12-08T23:00:00Z,daily,26.0,pm10,µg/m³
35990,2023-12-08T23:00:00Z,2023-12-09T23:00:00Z,daily,34.5,pm10,µg/m³
35990,2023-12-09T23:00:00Z,2023-12-10T23:00:00Z,daily,29.8,pm10,µg/m³
35990,2023-12-10T23:00:00Z,2023-12-11T23:00:00Z,daily,18.0,pm10,µg/m³
35990,2023-12-11T23:00:00Z,2023-12-12T23:00:00Z,daily,22.2,pm10,µg/m³
35990,2023-12-13T23:00:00Z,2023-12-14T23:00:00Z,daily,19.4,pm10,µg/m³
35990,2023-12-14T23:00:00Z,2023-12-15T23:00:00Z,daily,15.0,pm10,µg/m³
35990,2023-12-15T23:00:00Z,2023-12-16T23:00:00Z,daily,15.9,pm10,µg/m³
35990,2023-12-16T23:00:00Z,2023-12-17T23:00:00Z,daily,15.9,pm10,µg/m³
35990,2023-12-17T23:00:00Z,2023-12-18T23:00:00Z,daily,14.2,pm10,µg/m³
35990,2023-12-18T23:00:00Z,2023-12-19T23:00:00Z,daily,12.1,pm10,µg/m³
35990,2023-12-19T23:00:00Z,2023-12-20T23:00:00Z,daily,8.83,pm10,µg/m³
35990,2023-12-20T23:00:00Z,2023-12-21T23:00:00Z,daily,4.1,pm10,µg/m³
35990,2023-12-21T23:00:00Z,2023-12-22T23:00:00Z,daily,2.19,pm10,µg/m³
35990,2023-12-22T23:00:00Z,2023-12-23T23:00:00Z,daily,22.6,pm10,µg/m³
35990,2023-12-23T23:00:00Z,2023-12-24T23:00:00Z,daily,5.17,pm10,µg/m³
35990,2023-12-24T23:00:00Z,2023-12-25T23:00:00Z,daily,1.31,pm10,µg/m³
35990,2023-12-25T23:00:00Z,2023-12-26T23:00:00Z,daily,3.24,pm10,µg/m³
35990,2023-12-26T23:00:00Z,2023-12-27T23:00:00Z,daily,9.3,pm10,µg/m³
35990,2023-12-27T23:00:00Z,2023-12-28T23:00:00Z,daily,16.9,pm10,µg/m³
35990,2023-12-28T23:00:00Z,2023-12-29T23:00:00Z,daily,10.4,pm10,µg/m³
35990,2023-12-29T23:00:00Z,2023-12-30T23:00:00Z,daily,2.5,pm10,µg/m³
35993,2022-12-31T23:00:00Z,2023-01-01T23:00:00Z,daily,8.76,pm25,µg/m³
35993,2023-01-01T23:00:00Z,2023-01-02T23:00:00Z,daily,14.6,pm25,µg/m³
35993,2023-01-02T23:00:00Z,2023-01-03T23:00:00Z,daily,9.16,pm25,µg/m³
35993,2023-01-03T23:00:00Z,2023-01-04T23:00:00Z,daily,17.7,pm25,µg/m³
35993,2023-01-04T23:00:00Z,2023-01-05T23:00:00Z,daily,2.74,pm25,µg/m³
35993,2023-01-05T23:00:00Z,2023-01-06T23:00:00Z,daily,11.6,pm25,µg/m³
35993,2023-01-06T23:00:00Z,2023-01-07T23:00:00Z,daily,21.9,pm25,µg/m³
35993,2023-01-07T23:00:00Z,2023-01-08T23:00:00Z,daily,21.2,pm25,µg/m³
35993,2023-01-08T23:00:00Z,2023-01-09T23:00:00Z,daily,23.5,pm25,µg/m³
35993,2023-01-09T23:00:00Z,2023-01-10T23:00:00Z,daily,24.2,pm25,µg/m³
35993,2023-01-10T23:00:00Z,2023-01-11T23:00:00Z,daily,17.2,pm25,µg/m³
35993,2023-01-15T23:00:00Z,2023-01-16T23:00:00Z,daily,16.4,pm25,µg/m³
35993,2023-01-16T23:00:00Z,2023-01-17T23:00:00Z,daily,19.4,pm25,µg/m³
35993,2023-01-17T23:00:00Z,2023-01-18T23:00:00Z,daily,18.4,pm25,µg/m³
35993,2023-01-18T23:00:00Z,2023-01-19T23:00:00Z,daily,22.4,pm25,µg/m³
35993,2023-01-19T23:00:00Z,2023-01-20T23:00:00Z,daily,19.4,pm25,µg/m³
35993,2023-01-20T23:00:00Z,2023-01-21T23:00:00Z,daily,8.37,pm25,µg/m³
35993,2023-01-21T23:00:00Z,2023-01-22T23:00:00Z,daily,18.1,pm25,µg/m³
35993,2023-01-22T23:00:00Z,2023-01-23T23:00:00Z,daily,22.3,pm25,µg/m³
35993,2023-01-23T23:00:00Z,2023-01-24T23:00:00Z,daily,28.3,pm25,µg/m³
35993,2023-01-24T23:00:00Z,2023-01-25T23:00:00Z,daily,24.6,pm25,µg/m³
35993,2023-01-25T23:00:00Z,2023-01-26T23:00:00Z,daily,27.1,pm25,µg/m³
35993,2023-01-26T23:00:00Z,2023-01-27T23:00:00Z,daily,28.6,pm25,µg/m³
35993,2023-01-27T23:00:00Z,2023-01-28T23:00:00Z,daily,15.5,pm25,µg/m³
35993,2023-01-28T23:00:00Z,2023-01-29T23:00:00Z,daily,15.9,pm25,µg/m³
35993,2023-01-29T23:00:00Z,2023-01-30T23:00:00Z,daily,13.5,pm25,µg/m³
35993,2023-01-30T23:00:00Z,2023-01-31T23:00:00Z,daily,7.77,pm25,µg/m³
35993,2023-01-31T23:00:00Z,2023-02-01T23:00:00Z,daily,5.45,pm25,µg/m³
35993,2023-02-01T23:00:00Z,2023-02-02T23:00:00Z,daily,7.8,pm25,µg/m³
35993,2023-02-13T23:00:00Z,2023-02-14T23:00:00Z,daily,18.0,pm25,µg/m³
35993,2023-02-14T23:00:00Z,2023-02-15T23:00:00Z,daily,21.4,pm25,µg/m³
35993,2023-02-15T23:00:00Z,2023-02-16T23:00:00Z,daily,38.7,pm25,µg/m³
35993,2023-03-18T23:00:00Z,2023-03-19T23:00:00Z,daily,23.0,pm25,µg/m³
35993,2023-03-19T23:00:00Z,2023-03-20T23:00:00Z,daily,37.6,pm25,µg/m³
35993,2023-03-20T23:00:00Z,2023-03-21T23:00:00Z,daily,17.0,pm25,µg/m³
35993,2023-03-21T23:00:00Z,2023-03-22T23:00:00Z,daily,23.9,pm25,µg/m³
35993,2023-03-22T23:00:00Z,2023-03-23T23:00:00Z,daily,30.0,pm25,µg/m³
35993,2023-03-23T23:00:00Z,2023-03-24T23:00:00Z,daily,11.2,pm25,µg/m³
35993,2023-03-24T23:00:00Z,2023-03-26T22:00:00Z,daily,10.1,pm25,µg/m³
35993,2023-03-25T23:00:00Z,2023-03-26T22:00:00Z,daily,8.78,pm25,µg/m³
35993,2023-03-26T22:00:00Z,2023-03-27T22:00:00Z,daily,10.7,pm25,µg/m³
35993,2023-03-27T22:00:00Z,2023-03-28T22:00:00Z,daily,9.74,pm25,µg/m³
35993,2023-03-28T22:00:00Z,2023-03-29T22:00:00Z,daily,10.1,pm25,µg/m³
35993,2023-03-29T22:00:00Z,2023-03-30T22:00:00Z,daily,17.6,pm25,µg/m³
35993,2023-03-30T22:00:00Z,2023-03-31T22:00:00Z,daily,12.3,pm25,µg/m³
35993,2023-03-31T22:00:00Z,2023-04-01T22:00:00Z,daily,11.0,pm25,µg/m³
35993,2023-04-01T22:00:00Z,2023-04-02T22:00:00Z,daily,8.24,pm25,µg/m³
35993,2023-04-02T22:00:00Z,2023-04-03T22:00:00Z,daily,3.94,pm25,µg/m³
35993,2023-04-03T22:00:00Z,2023-04-04T22:00:00Z,daily,7.76,pm25,µg/m³
35993,2023-04-04T22:00:00Z,2023-04-05T22:00:00Z,daily,21.0,pm25,µg/m³
35993,2023-04-05T22:00:00Z,2023-04-06T22:00:00Z,daily,10.4,pm25,µg/m³
35993,2023-04-06T22:00:00Z,2023-04-07T22:00:00Z,daily,14.6,pm25,µg/m³
35993,2023-04-07T22:00:00Z,2023-04-08T22:00:00Z,daily,12.1,pm25,µg/m³
35993,2023-04-08T22:00:00Z,2023-04-09T22:00:00Z,daily,12.2,pm25,µg/m³
35993,2023-04-09T22:00:00Z,2023-04-10T22:00:00Z,daily,14.6,pm25,µg/m³
35993,2023-04-10T22:00:00Z,2023-04-11T22:00:00Z,daily,16.7,pm25,µg/m³
35993,2023-04-11T22:00:00Z,2023-04-12T22:00:00Z,daily,16.5,pm25,µg/m³
35993,2023-04-12T22:00:00Z,2023-04-13T22:00:00Z,daily,26.2,pm25,µg/m³
35993,2023-04-13T22:00:00Z,2023-04-14T22:00:00Z,daily,13.8,pm25,µg/m³
35993,2023-04-14T22:00:00Z,2023-04-15T22:00:00Z,daily,5.8,pm25,µg/m³
35993,2023-04-15T22:00:00Z,2023-04-16T22:00:00Z,daily,10.9,pm25,µg/m³
35993,2023-04-16T22:00:00Z,2023-04-17T22:00:00Z,daily,12.9,pm25,µg/m³
35993,2023-04-17T22:00:00Z,2023-04-18T22:00:00Z,daily,11.4,pm25,µg/m³
35993,2023-04-18T22:00:00Z,2023-04-19T22:00:00Z,daily,12.5,pm25,µg/m³
35993,2023-04-19T22:00:00Z,2023-04-20T22:00:00Z,daily,13.8,pm25,µg/m³
35993,2023-04-20T22:00:00Z,2023-04-21T22:00:00Z,daily,11.2,pm25,µg/m³
35993,2023-04-21T22:00:00Z,2023-04-22T22:00:00Z,daily,17.5,pm25,µg/m³
35993,2023-04-22T22:00:00Z,2023-04-23T22:00:00Z,daily,12.8,pm25,µg/m³
35993,2023-04-23T22:00:00Z,2023-04-24T22:00:00Z,daily,15.6,pm25,µg/m³
35993,2023-04-25T22:00:00Z,2023-04-26T22:00:00Z,daily,7.15,pm25,µg/m³
35993,2023-04-26T22:00:00Z,2023-04-27T22:00:00Z,daily,14.1,pm25,µg/m³
35993,2023-04-27T22:00:00Z,2023-04-28T22:00:00Z,daily,14.8,pm25,µg/m³
35993,2023-04-28T22:00:00Z,2023-04-29T22:00:00Z,daily,15.1,pm25,µg/m³
35993,2023-04-29T22:00:00Z,2023-04-30T22:00:00Z,daily,11.4,pm25,µg/m³
35993,2023-04-30T22:00:00Z,2023-05-01T22:00:00Z,daily,7.72,pm25,µg/m³
35993,2023-05-01T22:00:00Z,2023-05-02T22:00:00Z,daily,10.6,pm25,µg/m³
35993,2023-05-02T22:00:00Z,2023-05-03T22:00:00Z,daily,5.83,pm25,µg/m³
35993,2023-05-03T22:00:00Z,2023-05-04T22:00:00Z,daily,10.6,pm25,µg/m³
35993,2023-05-04T22:00:00Z,2023-05-05T22:00:00Z,daily,8.93,pm25,µg/m³
35993,2023-05-05T22:00:00Z,2023-05-06T22:00:00Z,daily,6.88,pm25,µg/m³
35993,2023-05-06T22:00:00Z,2023-05-07T22:00:00Z,daily,5.32,pm25,µg/m³
35993,2023-05-07T22:00:00Z,2023-05-08T22:00:00Z,daily,8.72,pm25,µg/m³
35993,2023-05-09T22:00:00Z,2023-05-10T22:00:00Z,daily,6.73,pm25,µg/m³
35993,2023-05-10T22:00:00Z,2023-05-11T22:00:00Z,daily,6.78,pm25,µg/m³
35993,2023-05-11T22:00:00Z,2023-05-12T22:00:00Z,daily,8.91,pm25,µg/m³
35993,2023-05-12T22:00:00Z,2023-05-13T22:00:00Z,daily,14.4,pm25,µg/m³
35993,2023-05-13T22:00:00Z,2023-05-14T22:00:00Z,daily,16.8,pm25,µg/m³
35993,2023-05-15T22:00:00Z,2023-05-16T22:00:00Z,daily,8.92,pm25,µg/m³
35993,2023-05-16T22:00:00Z,2023-05-17T22:00:00Z,daily,11.6,pm25,µg/m³
35993,2023-05-17T22:00:00Z,2023-05-18T22:00:00Z,daily,4.1,pm25,µg/m³
35993,2023-05-18T22:00:00Z,2023-05-19T22:00:00Z,daily,7.12,pm25,µg/m³
35993,2023-05-19T22:00:00Z,2023-05-20T22:00:00Z,daily,9.93,pm25,µg/m³
35993,2023-05-20T22:00:00Z,2023-05-21T22:00:00Z,daily,6.36,pm25,µg/m³
35993,2023-05-21T22:00:00Z,2023-05-22T22:00:00Z,daily,7.32,pm25,µg/m³
35993,2023-05-22T22:00:00Z,2023-05-23T22:00:00Z,daily,12.2,pm25,µg/m³
35993,2023-05-23T22:00:00Z,2023-05-24T22:00:00Z,daily,15.2,pm25,µg/m³
35993,2023-05-24T22:00:00Z,2023-05-25T22:00:00Z,daily,21.3,pm25,µg/m³
35993,2023-05-25T22:00:00Z,2023-05-26T22:00:00Z,daily,10.2,pm25,µg/m³
35993,2023-05-27T22:00:00Z,2023-05-28T22:00:00Z,daily,4.57,pm25,µg/m³
35993,2023-05-28T22:00:00Z,2023-05-29T22:00:00Z,daily,8.69,pm25,µg/m³
35993,2023-05-29T22:00:00Z,2023-05-30T22:00:00Z,daily,4.69,pm25,µg/m³
35993,2023-05-30T22:00:00Z,2023-05-31T22:00:00Z,daily,5.78,pm25,µg/m³
35993,2023-05-31T22:00:00Z,2023-06-01T22:00:00Z,daily,7.82,pm25,µg/m³
35993,2023-06-01T22:00:00Z,2023-06-02T22:00:00Z,daily,7.45,pm25,µg/m³
35993,2023-06-02T22:00:00Z,2023-06-03T22:00:00Z,daily,3.43,pm25,µg/m³
35993,2023-06-03T22:00:00Z,2023-06-04T22:00:00Z,daily,4.4,pm25,µg/m³
35993,2023-06-04T22:00:00Z,2023-06-05T22:00:00Z,daily,5.46,pm25,µg/m³
35993,2023-06-05T22:00:00Z,2023-06-06T22:00:00Z,daily,6.8,pm25,µg/m³
35993,2023-06-06T22:00:00Z,2023-06-07T22:00:00Z,daily,7.71,pm25,µg/m³
35993,2023-06-07T22:00:00Z,2023-06-08T22:00:00Z,daily,9.12,pm25,µg/m³
35993,2023-06-08T22:00:00Z,2023-06-09T22:00:00Z,daily,10.5,pm25,µg/m³
35993,2023-06-09T22:00:00Z,2023-06-10T22:00:00Z,daily,10.2,pm25,µg/m³
35993,2023-06-10T22:00:00Z,2023-06-11T22:00:00Z,daily,7.65,pm25,µg/m³
35993,2023-06-11T22:00:00Z,2023-06-12T22:00:00Z,daily,4.77,pm25,µg/m³
35993,2023-06-12T22:00:00Z,2023-06-13T22:00:00Z,daily,7.63,pm25,µg/m³
35993,2023-06-13T22:00:00Z,2023-06-14T22:00:00Z,daily,9.29,pm25,µg/m³
35993,2023-06-14T22:00:00Z,2023-06-15T22:00:00Z,daily,12.6,pm25,µg/m³
35993,2023-06-15T22:00:00Z,2023-06-16T22:00:00Z,daily,15.8,pm25,µg/m³
35993,2023-06-16T22:00:00Z,2023-06-17T22:00:00Z,daily,13.2,pm25,µg/m³
35993,2023-06-17T22:00:00Z,2023-06-18T22:00:00Z,daily,17.6,pm25,µg/m³
35993,2023-06-18T22:00:00Z,2023-06-19T22:00:00Z,daily,10.8,pm25,µg/m³
35993,2023-06-19T22:00:00Z,2023-06-20T22:00:00Z,daily,11.6,pm25,µg/m³
35993,2023-06-20T22:00:00Z,2023-06-21T22:00:00Z,daily,16.5,pm25,µg/m³
35993,2023-06-21T22:00:00Z,2023-06-22T22:00:00Z,daily,15.7,pm25,µg/m³
35993,2023-06-23T22:00:00Z,2023-06-24T22:00:00Z,daily,7.0,pm25,µg/m³
35993,2023-06-24T22:00:00Z,2023-06-25T22:00:00Z,daily,11.6,pm25,µg/m³
35993,2023-06-25T22:00:00Z,2023-06-26T22:00:00Z,daily,7.76,pm25,µg/m³
35993,2023-06-26T22:00:00Z,2023-06-27T22:00:00Z,daily,6.96,pm25,µg/m³
35993,2023-06-27T22:00:00Z,2023-06-28T22:00:00Z,daily,4.43,pm25,µg/m³
35993,2023-06-28T22:00:00Z,2023-06-29T22:00:00Z,daily,6.56,pm25,µg/m³
35993,2023-06-29T22:00:00Z,2023-06-30T22:00:00Z,daily,7.37,pm25,µg/m³
35993,2023-06-30T22:00:00Z,2023-07-01T22:00:00Z,daily,11.6,pm25,µg/m³
35993,2023-07-01T22:00:00Z,2023-07-02T22:00:00Z,daily,7.93,pm25,µg/m³
35993,2023-07-02T22:00:00Z,2023-07-03T22:00:00Z,daily,8.47,pm25,µg/m³
35993,2023-07-03T22:00:00Z,2023-07-04T22:00:00Z,daily,10.2,pm25,µg/m³
35993,2023-07-04T22:00:00Z,2023-07-05T22:00:00Z,daily,19.0,pm25,µg/m³
35993,2023-07-05T22:00:00Z,2023-07-06T22:00:00Z,daily,7.56,pm25,µg/m³
35993,2023-07-06T22:00:00Z,2023-07-07T22:00:00Z,daily,18.4,pm25,µg/m³
35993,2023-07-07T22:00:00Z,2023-07-08T22:00:00Z,daily,6.97,pm25,µg/m³
35993,2023-07-08T22:00:00Z,2023-07-09T22:00:00Z,daily,4.95,pm25,µg/m³
35993,2023-07-09T22:00:00Z,2023-07-10T22:00:00Z,daily,5.15,pm25,µg/m³
35993,2023-07-10T22:00:00Z,2023-07-11T22:00:00Z,daily,5.29,pm25,µg/m³
35993,2023-07-11T22:00:00Z,2023-07-12T22:00:00Z,daily,6.5,pm25,µg/m³
35993,2023-07-12T22:00:00Z,2023-07-13T22:00:00Z,daily,11.0,pm25,µg/m³
35993,2023-07-16T22:00:00Z,2023-07-17T22:00:00Z,daily,8.21,pm25,µg/m³
35993,2023-07-17T22:00:00Z,2023-07-18T22:00:00Z,daily,6.58,pm25,µg/m³
35993,2023-07-18T22:00:00Z,2023-07-19T22:00:00Z,daily,5.26,pm25,µg/m³
35993,2023-07-19T22:00:00Z,2023-07-20T22:00:00Z,daily,6.25,pm25,µg/m³
35993,2023-07-20T22:00:00Z,2023-07-21T22:00:00Z,daily,6.62,pm25,µg/m³
35993,2023-07-21T22:00:00Z,2023-07-22T22:00:00Z,daily,9.16,pm25,µg/m³
35993,2023-07-22T22:00:00Z,2023-07-23T22:00:00Z,daily,6.45,pm25,µg/m³
35993,2023-07-23T22:00:00Z,2023-07-24T22:00:00Z,daily,5.55,pm25,µg/m³
35993,2023-07-24T22:00:00Z,2023-07-25T22:00:00Z,daily,6.32,pm25,µg/m³
35993,2023-07-25T22:00:00Z,2023-07-26T22:00:00Z,daily,7.35,pm25,µg/m³
35993,2023-07-26T22:00:00Z,2023-07-27T22:00:00Z,daily,6.64,pm25,µg/m³
35993,2023-07-27T22:00:00Z,2023-07-28T22:00:00Z,daily,6.61,pm25,µg/m³
35993,2023-07-28T22:00:00Z,2023-07-29T22:00:00Z,daily,7.29,pm25,µg/m³
35993,2023-07-29T22:00:00Z,2023-07-30T22:00:00Z,daily,5.74,pm25,µg/m³
35993,2023-07-30T22:00:00Z,2023-07-31T22:00:00Z,daily,4.47,pm25,µg/m³
35993,2023-07-31T22:00:00Z,2023-08-01T22:00:00Z,daily,4.95,pm25,µg/m³
35993,2023-08-01T22:00:00Z,2023-08-02T22:00:00Z,daily,4.19,pm25,µg/m³
35993,2023-08-02T22:00:00Z,2023-08-03T22:00:00Z,daily,3.82,pm25,µg/m³
35993,2023-08-03T22:00:00Z,2023-08-04T22:00:00Z,daily,2.91,pm25,µg/m³
35993,2023-08-04T22:00:00Z,2023-08-05T22:00:00Z,daily,7.04,pm25,µg/m³
35993,2023-08-05T22:00:00Z,2023-08-06T22:00:00Z,daily,7.96,pm25,µg/m³
35993,2023-08-06T22:00:00Z,2023-08-07T22:00:00Z,daily,2.57,pm25,µg/m³
35993,2023-08-07T22:00:00Z,2023-08-08T22:00:00Z,daily,3.1,pm25,µg/m³
35993,2023-08-08T22:00:00Z,2023-08-09T22:00:00Z,daily,4.09,pm25,µg/m³
35993,2023-08-09T22:00:00Z,2023-08-10T22:00:00Z,daily,8.02,pm25,µg/m³
35993,2023-08-10T22:00:00Z,2023-08-11T22:00:00Z,daily,11.8,pm25,µg/m³
35993,2023-08-11T22:00:00Z,2023-08-12T22:00:00Z,daily,13.1,pm25,µg/m³
35993,2023-08-12T22:00:00Z,2023-08-13T22:00:00Z,daily,17.6,pm25,µg/m³
35993,2023-08-13T22:00:00Z,2023-08-14T22:00:00Z,daily,13.8,pm25,µg/m³
35993,2023-08-14T22:00:00Z,2023-08-15T22:00:00Z,daily,14.4,pm25,µg/m³
35993,2023-08-15T22:00:00Z,2023-08-16T22:00:00Z,daily,12.3,pm25,µg/m³
35993,2023-08-16T22:00:00Z,2023-08-17T22:00:00Z,daily,13.8,pm25,µg/m³
35993,2023-08-17T22:00:00Z,2023-08-18T22:00:00Z,daily,11.5,pm25,µg/m³
35993,2023-08-23T22:00:00Z,2023-08-24T22:00:00Z,daily,11.0,pm25,µg/m³
35993,2023-08-24T22:00:00Z,2023-08-25T22:00:00Z,daily,14.4,pm25,µg/m³
35993,2023-08-25T22:00:00Z,2023-08-26T22:00:00Z,daily,13.5,pm25,µg/m³
35993,2023-08-26T22:00:00Z,2023-08-27T22:00:00Z,daily,14.5,pm25,µg/m³
35993,2023-08-27T22:00:00Z,2023-08-28T22:00:00Z,daily,12.1,pm25,µg/m³
35993,2023-08-28T22:00:00Z,2023-08-29T22:00:00Z,daily,12.1,pm25,µg/m³
35993,2023-08-29T22:00:00Z,2023-08-30T22:00:00Z,daily,22.7,pm25,µg/m³
35993,2023-08-30T22:00:00Z,2023-08-31T22:00:00Z,daily,10.5,pm25,µg/m³
35993,2023-08-31T22:00:00Z,2023-09-01T22:00:00Z,daily,11.3,pm25,µg/m³
35993,2023-09-01T22:00:00Z,2023-09-02T22:00:00Z,daily,15.8,pm25,µg/m³
35993,2023-09-02T22:00:00Z,2023-09-03T22:00:00Z,daily,15.9,pm25,µg/m³
35993,2023-09-03T22:00:00Z,2023-09-04T22:00:00Z,daily,12.8,pm25,µg/m³
35993,2023-09-04T22:00:00Z,2023-09-05T22:00:00Z,daily,15.2,pm25,µg/m³
35993,2023-09-05T22:00:00Z,2023-09-06T22:00:00Z,daily,15.1,pm25,µg/m³
35993,2023-09-06T22:00:00Z,2023-09-07T22:00:00Z,daily,20.4,pm25,µg/m³
35993,2023-09-07T22:00:00Z,2023-09-08T22:00:00Z,daily,19.3,pm25,µg/m³
35993,2023-09-08T22:00:00Z,2023-09-09T22:00:00Z,daily,36.8,pm25,µg/m³
35993,2023-09-09T22:00:00Z,2023-09-10T22:00:00Z,daily,49.0,pm25,µg/m³
35993,2023-09-10T22:00:00Z,2023-09-11T22:00:00Z,daily,54.7,pm25,µg/m³
35993,2023-09-11T22:00:00Z,2023-09-12T22:00:00Z,daily,75.2,pm25,µg/m³
35993,2023-09-14T22:00:00Z,2023-09-15T22:00:00Z,daily,3.57,pm25,µg/m³
35993,2023-09-15T22:00:00Z,2023-09-16T22:00:00Z,daily,5.18,pm25,µg/m³
35993,2023-09-16T22:00:00Z,2023-09-17T22:00:00Z,daily,8.49,pm25,µg/m³
35993,2023-09-17T22:00:00Z,2023-09-18T22:00:00Z,daily,10.3,pm25,µg/m³
35993,2023-09-18T22:00:00Z,2023-09-19T22:00:00Z,daily,10.7,pm25,µg/m³
35993,2023-09-19T22:00:00Z,2023-09-20T22:00:00Z,daily,7.56,pm25,µg/m³
35993,2023-09-20T22:00:00Z,2023-09-21T22:00:00Z,daily,8.13,pm25,µg/m³
35993,2023-09-21T22:00:00Z,2023-09-22T22:00:00Z,daily,7.18,pm25,µg/m³
35993,2023-09-22T22:00:00Z,2023-09-23T22:00:00Z,daily,8.84,pm25,µg/m³
35993,2023-09-23T22:00:00Z,2023-09-24T22:00:00Z,daily,5.75,pm25,µg/m³
35993,2023-09-24T22:00:00Z,2023-09-25T22:00:00Z,daily,4.23,pm25,µg/m³
35993,2023-09-25T22:00:00Z,2023-09-26T22:00:00Z,daily,13.0,pm25,µg/m³
35993,2023-09-26T22:00:00Z,2023-09-27T22:00:00Z,daily,18.3,pm25,µg/m³
35993,2023-09-27T22:00:00Z,2023-09-28T22:00:00Z,daily,15.3,pm25,µg/m³
35993,2023-09-28T22:00:00Z,2023-09-29T22:00:00Z,daily,14.9,pm25,µg/m³
35993,2023-09-29T22:00:00Z,2023-09-30T22:00:00Z,daily,9.9,pm25,µg/m³
35993,2023-09-30T22:00:00Z,2023-10-01T22:00:00Z,daily,5.17,pm25,µg/m³
35993,2023-10-01T22:00:00Z,2023-10-02T22:00:00Z,daily,8.01,pm25,µg/m³
35993,2023-10-02T22:00:00Z,2023-10-03T22:00:00Z,daily,7.35,pm25,µg/m³
35993,2023-10-03T22:00:00Z,2023-10-04T22:00:00Z,daily,3.7,pm25,µg/m³
35993,2023-10-04T22:00:00Z,2023-10-05T22:00:00Z,daily,6.2,pm25,µg/m³
35993,2023-10-05T22:00:00Z,2023-10-06T22:00:00Z,daily,8.18,pm25,µg/m³
35993,2023-10-06T22:00:00Z,2023-10-07T22:00:00Z,daily,4.41,pm25,µg/m³
35993,2023-10-07T22:00:00Z,2023-10-08T22:00:00Z,daily,3.03,pm25,µg/m³
35993,2023-10-08T22:00:00Z,2023-10-09T22:00:00Z,daily,10.1,pm25,µg/m³
35993,2023-10-09T22:00:00Z,2023-10-10T22:00:00Z,daily,18.2,pm25,µg/m³
35993,2023-10-10T22:00:00Z,2023-10-11T22:00:00Z,daily,16.1,pm25,µg/m³
35993,2023-10-11T22:00:00Z,2023-10-12T22:00:00Z,daily,6.92,pm25,µg/m³
35993,2023-10-12T22:00:00Z,2023-10-13T22:00:00Z,daily,10.7,pm25,µg/m³
35993,2023-10-13T22:00:00Z,2023-10-14T22:00:00Z,daily,6.95,pm25,µg/m³
35993,2023-10-14T22:00:00Z,2023-10-15T22:00:00Z,daily,3.61,pm25,µg/m³
35993,2023-10-15T22:00:00Z,2023-10-16T22:00:00Z,daily,3.29,pm25,µg/m³
35993,2023-10-25T22:00:00Z,2023-10-26T22:00:00Z,daily,9.4,pm25,µg/m³
35993,2023-10-26T22:00:00Z,2023-10-27T22:00:00Z,daily,9.59,pm25,µg/m³
35993,2023-10-27T22:00:00Z,2023-10-28T22:00:00Z,daily,6.89,pm25,µg/m³
35993,2023-10-28T22:00:00Z,2023-10-29T23:00:00Z,daily,11.9,pm25,µg/m³
35993,2023-10-29T23:00:00Z,2023-10-30T23:00:00Z,daily,8.0,pm25,µg/m³
35993,2023-10-30T23:00:00Z,2023-10-31T23:00:00Z,daily,8.68,pm25,µg/m³
35993,2023-10-31T23:00:00Z,2023-11-01T23:00:00Z,daily,3.78,pm25,µg/m³
35993,2023-11-01T23:00:00Z,2023-11-02T23:00:00Z,daily,12.7,pm25,µg/m³
35993,2023-11-02T23:00:00Z,2023-11-03T23:00:00Z,daily,4.25,pm25,µg/m³
35993,2023-11-03T23:00:00Z,2023-11-04T23:00:00Z,daily,5.64,pm25,µg/m³
35993,2023-11-04T23:00:00Z,2023-11-05T23:00:00Z,daily,13.1,pm25,µg/m³
35993,2023-11-05T23:00:00Z,2023-11-06T23:00:00Z,daily,2.79,pm25,µg/m³
35993,2023-11-06T23:00:00Z,2023-11-07T23:00:00Z,daily,5.98,pm25,µg/m³
35993,2023-11-07T23:00:00Z,2023-11-08T23:00:00Z,daily,10.4,pm25,µg/m³
35993,2023-11-08T23:00:00Z,2023-11-09T23:00:00Z,daily,10.4,pm25,µg/m³
35993,2023-11-09T23:00:00Z,2023-11-10T23:00:00Z,daily,9.73,pm25,µg/m³
35993,2023-11-10T23:00:00Z,2023-11-11T23:00:00Z,daily,16.0,pm25,µg/m³
35993,2023-11-11T23:00:00Z,2023-11-12T23:00:00Z,daily,15.2,pm25,µg/m³
35993,2023-11-12T23:00:00Z,2023-11-13T23:00:00Z,daily,11.7,pm25,µg/m³
35993,2023-11-13T23:00:00Z,2023-11-14T23:00:00Z,daily,7.72,pm25,µg/m³
35993,2023-11-14T23:00:00Z,2023-11-15T23:00:00Z,daily,6.05,pm25,µg/m³
35993,2023-11-15T23:00:00Z,2023-11-16T23:00:00Z,daily,12.5,pm25,µg/m³
35993,2023-11-16T23:00:00Z,2023-11-17T23:00:00Z,daily,9.89,pm25,µg/m³
35993,2023-11-17T23:00:00Z,2023-11-18T23:00:00Z,daily,8.53,pm25,µg/m³
35993,2023-11-18T23:00:00Z,2023-11-19T23:00:00Z,daily,13.6,pm25,µg/m³
35993,2023-11-19T23:00:00Z,2023-11-20T23:00:00Z,daily,8.22,pm25,µg/m³
35993,2023-11-20T23:00:00Z,2023-11-21T23:00:00Z,daily,13.6,pm25,µg/m³
35993,2023-11-21T23:00:00Z,2023-11-22T23:00:00Z,daily,9.1,pm25,µg/m³
35993,2023-11-22T23:00:00Z,2023-11-23T23:00:00Z,daily,13.6,pm25,µg/m³
35993,2023-11-23T23:00:00Z,2023-11-24T23:00:00Z,daily,2.2,pm25,µg/m³
35993,2023-11-24T23:00:00Z,2023-11-25T23:00:00Z,daily,5.74,pm25,µg/m³
35993,2023-11-25T23:00:00Z,2023-11-26T23:00:00Z,daily,5.79,pm25,µg/m³
35993,2023-11-26T23:00:00Z,2023-11-27T23:00:00Z,daily,16.6,pm25,µg/m³
35993,2023-11-27T23:00:00Z,2023-11-28T23:00:00Z,daily,24.8,pm25,µg/m³
35993,2023-11-28T23:00:00Z,2023-11-29T23:00:00Z,daily,17.8,pm25,µg/m³
35993,2023-11-29T23:00:00Z,2023-11-30T23:00:00Z,daily,27.1,pm25,µg/m³
35993,2023-11-30T23:00:00Z,2023-12-01T23:00:00Z,daily,29.8,pm25,µg/m³
35993,2023-12-01T23:00:00Z,2023-12-02T23:00:00Z,daily,29.6,pm25,µg/m³
35993,2023-12-02T23:00:00Z,2023-12-03T23:00:00Z,daily,16.8,pm25,µg/m³
35993,2023-12-03T23:00:00Z,2023-12-04T23:00:00Z,daily,19.7,pm25,µg/m³
35993,2023-12-04T23:00:00Z,2023-12-05T23:00:00Z,daily,28.9,pm25,µg/m³
35993,2023-12-05T23:00:00Z,2023-12-06T23:00:00Z,daily,24.3,pm25,µg/m³
35993,2023-12-06T23:00:00Z,2023-12-07T23:00:00Z,daily,20.1,pm25,µg/m³
35993,2023-12-07T23:00:00Z,2023-12-08T23:00:00Z,daily,20.6,pm25,µg/m³
35993,2023-12-08T23:00:00Z,2023-12-09T23:00:00Z,daily,26.8,pm25,µg/m³
35993,2023-12-09T23:00:00Z,2023-12-10T23:00:00Z,daily,23.5,pm25,µg/m³
35993,2023-12-10T23:00:00Z,2023-12-11T23:00:00Z,daily,14.7,pm25,µg/m³
35993,2023-12-11T23:00:00Z,2023-12-12T23:00:00Z,daily,17.7,pm25,µg/m³
35993,2023-12-13T23:00:00Z,2023-12-14T23:00:00Z,daily,15.7,pm25,µg/m³
35993,2023-12-14T23:00:00Z,2023-12-15T23:00:00Z,daily,12.5,pm25,µg/m³
35993,2023-12-15T23:00:00Z,2023-12-16T23:00:00Z,daily,13.1,pm25,µg/m³
35993,2023-12-16T23:00:00Z,2023-12-17T23:00:00Z,daily,13.1,pm25,µg/m³
35993,2023-12-17T23:00:00Z,2023-12-18T23:00:00Z,daily,11.9,pm25,µg/m³
35993,2023-12-18T23:00:00Z,2023-12-19T23:00:00Z,daily,10.2,pm25,µg/m³
35993,2023-12-19T23:00:00Z,2023-12-20T23:00:00Z,daily,7.8,pm25,µg/m³
35993,2023-12-20T23:00:00Z,2023-12-21T23:00:00Z,daily,4.25,pm25,µg/m³
35993,2023-12-21T23:00:00Z,2023-12-22T23:00:00Z,daily,2.68,pm25,µg/m³
35993,2023-12-22T23:00:00Z,2023-12-23T23:00:00Z,daily,3.3,pm25,µg/m³
35993,2023-12-23T23:00:00Z,2023-12-24T23:00:00Z,daily,5.03,pm25,µg/m³
35993,2023-12-24T23:00:00Z,2023-12-25T23:00:00Z,daily,1.87,pm25,µg/m³
35993,2023-12-25T23:00:00Z,2023-12-26T23:00:00Z,daily,3.6,pm25,µg/m³
35993,2023-12-26T23:00:00Z,2023-12-27T23:00:00Z,daily,8.05,pm25,µg/m³
35993,2023-12-27T23:00:00Z,2023-12-28T23:00:00Z,daily,13.8,pm25,µg/m³
35993,2023-12-28T23:00:00Z,2023-12-29T23:00:00Z,daily,8.9,pm25,µg/m³
35993,2023-12-29T23:00:00Z,2023-12-30T23:00:00Z,daily,3.05,pm25,µg/m³
35994,2022-12-31T23:00:00Z,2023-01-01T23:00:00Z,daily,3.11,so2,µg/m³
35994,2023-01-01T23:00:00Z,2023-01-02T23:00:00Z,daily,3.83,so2,µg/m³
35994,2023-01-02T23:00:00Z,2023-01-03T23:00:00Z,daily,1.66,so2,µg/m³
35994,2023-01-03T23:00:00Z,2023-01-04T23:00:00Z,daily,2.12,so2,µg/m³
35994,2023-01-04T23:00:00Z,2023-01-05T23:00:00Z,daily,1.35,so2,µg/m³
35994,2023-01-05T23:00:00Z,2023-01-06T23:00:00Z,daily,1.24,so2,µg/m³
35994,2023-01-06T23:00:00Z,2023-01-07T23:00:00Z,daily,1.58,so2,µg/m³
35994,2023-01-07T23:00:00Z,2023-01-08T23:00:00Z,daily,2.45,so2,µg/m³
35994,2023-01-08T23:00:00Z,2023-01-09T23:00:00Z,daily,3.23,so2,µg/m³
35994,2023-01-09T23:00:00Z,2023-01-10T23:00:00Z,daily,1.59,so2,µg/m³
35994,2023-01-10T23:00:00Z,2023-01-11T23:00:00Z,daily,1.8,so2,µg/m³
35994,2023-01-15T23:00:00Z,2023-01-16T23:00:00Z,daily,2.0,so2,µg/m³
35994,2023-01-16T23:00:00Z,2023-01-17T23:00:00Z,daily,2.32,so2,µg/m³
35994,2023-01-17T23:00:00Z,2023-01-18T23:00:00Z,daily,1.61,so2,µg/m³
35994,2023-01-18T23:00:00Z,2023-01-19T23:00:00Z,daily,2.67,so2,µg/m³
35994,2023-01-19T23:00:00Z,2023-01-20T23:00:00Z,daily,1.68,so2,µg/m³
35994,2023-01-20T23:00:00Z,2023-01-21T23:00:00Z,daily,1.44,so2,µg/m³
35994,2023-01-21T23:00:00Z,2023-01-22T23:00:00Z,daily,1.1,so2,µg/m³
35994,2023-01-22T23:00:00Z,2023-01-23T23:00:00Z,daily,1.44,so2,µg/m³
35994,2023-01-23T23:00:00Z,2023-01-24T23:00:00Z,daily,1.83,so2,µg/m³
35994,2023-01-24T23:00:00Z,2023-01-25T23:00:00Z,daily,1.81,so2,µg/m³
35994,2023-01-25T23:00:00Z,2023-01-26T23:00:00Z,daily,2.77,so2,µg/m³
35994,2023-01-26T23:00:00Z,2023-01-27T23:00:00Z,daily,2.94,so2,µg/m³
35994,2023-01-27T23:00:00Z,2023-01-28T23:00:00Z,daily,1.67,so2,µg/m³
35994,2023-01-28T23:00:00Z,2023-01-29T23:00:00Z,daily,2.26,so2,µg/m³
35994,2023-01-29T23:00:00Z,2023-01-30T23:00:00Z,daily,2.43,so2,µg/m³
35994,2023-01-30T23:00:00Z,2023-01-31T23:00:00Z,daily,2.21,so2,µg/m³
35994,2023-01-31T23:00:00Z,2023-02-01T23:00:00Z,daily,1.61,so2,µg/m³
35994,2023-02-01T23:00:00Z,2023-02-02T23:00:00Z,daily,1.4,so2,µg/m³
35994,2023-02-13T23:00:00Z,2023-02-14T23:00:00Z,daily,2.55,so2,µg/m³
35994,2023-02-14T23:00:00Z,2023-02-15T23:00:00Z,daily,2.29,so2,µg/m³
35994,2023-02-15T23:00:00Z,2023-02-16T23:00:00Z,daily,2.0,so2,µg/m³
35994,2023-03-18T23:00:00Z,2023-03-19T23:00:00Z,daily,6.84,so2,µg/m³
35994,2023-03-19T23:00:00Z,2023-03-20T23:00:00Z,daily,7.57,so2,µg/m³
35994,2023-03-20T23:00:00Z,2023-03-21T23:00:00Z,daily,3.16,so2,µg/m³
35994,2023-03-21T23:00:00Z,2023-03-22T23:00:00Z,daily,3.78,so2,µg/m³
35994,2023-03-22T23:00:00Z,2023-03-23T23:00:00Z,daily,4.1,so2,µg/m³
35994,2023-03-23T23:00:00Z,2023-03-24T23:00:00Z,daily,4.09,so2,µg/m³
35994,2023-03-24T23:00:00Z,2023-03-26T22:00:00Z,daily,3.32,so2,µg/m³
35994,2023-03-25T23:00:00Z,2023-03-26T22:00:00Z,daily,3.66,so2,µg/m³
35994,2023-03-26T22:00:00Z,2023-03-27T22:00:00Z,daily,2.8,so2,µg/m³
35994,2023-03-27T22:00:00Z,2023-03-28T22:00:00Z,daily,3.14,so2,µg/m³
35994,2023-03-28T22:00:00Z,2023-03-29T22:00:00Z,daily,3.99,so2,µg/m³
35994,2023-03-29T22:00:00Z,2023-03-30T22:00:00Z,daily,6.68,so2,µg/m³
35994,2023-03-30T22:00:00Z,2023-03-31T22:00:00Z,daily,2.84,so2,µg/m³
35994,2023-03-31T22:00:00Z,2023-04-01T22:00:00Z,daily,2.5,so2,µg/m³
35994,2023-04-01T22:00:00Z,2023-04-02T22:00:00Z,daily,2.2,so2,µg/m³
35994,2023-04-02T22:00:00Z,2023-04-03T22:00:00Z,daily,2.89,so2,µg/m³
35994,2023-04-03T22:00:00Z,2023-04-04T22:00:00Z,daily,3.02,so2,µg/m³
35994,2023-04-04T22:00:00Z,2023-04-05T22:00:00Z,daily,4.1,so2,µg/m³
35994,2023-04-05T22:00:00Z,2023-04-06T22:00:00Z,daily,3.1,so2,µg/m³
35994,2023-04-06T22:00:00Z,2023-04-07T22:00:00Z,daily,3.28,so2,µg/m³
35994,2023-04-07T22:00:00Z,2023-04-08T22:00:00Z,daily,3.8,so2,µg/m³
35994,2023-04-08T22:00:00Z,2023-04-09T22:00:00Z,daily,3.36,so2,µg/m³
35994,2023-04-09T22:00:00Z,2023-04-10T22:00:00Z,daily,3.15,so2,µg/m³
35994,2023-04-10T22:00:00Z,2023-04-11T22:00:00Z,daily,4.05,so2,µg/m³
35994,2023-04-11T22:00:00Z,2023-04-12T22:00:00Z,daily,2.52,so2,µg/m³
35994,2023-04-12T22:00:00Z,2023-04-13T22:00:00Z,daily,5.35,so2,µg/m³
35994,2023-04-13T22:00:00Z,2023-04-14T22:00:00Z,daily,0.54,so2,µg/m³
35994,2023-04-14T22:00:00Z,2023-04-15T22:00:00Z,daily,0.685,so2,µg/m³
35994,2023-04-15T22:00:00Z,2023-04-16T22:00:00Z,daily,0.704,so2,µg/m³
35994,2023-04-16T22:00:00Z,2023-04-17T22:00:00Z,daily,1.38,so2,µg/m³
35994,2023-04-17T22:00:00Z,2023-04-18T22:00:00Z,daily,1.2,so2,µg/m³
35994,2023-04-18T22:00:00Z,2023-04-19T22:00:00Z,daily,1.75,so2,µg/m³
35994,2023-04-19T22:00:00Z,2023-04-20T22:00:00Z,daily,1.99,so2,µg/m³
35994,2023-04-20T22:00:00Z,2023-04-21T22:00:00Z,daily,2.35,so2,µg/m³
35994,2023-04-21T22:00:00Z,2023-04-22T22:00:00Z,daily,2.1,so2,µg/m³
35994,2023-04-22T22:00:00Z,2023-04-23T22:00:00Z,daily,3.05,so2,µg/m³
35994,2023-04-23T22:00:00Z,2023-04-24T22:00:00Z,daily,2.87,so2,µg/m³
35994,2023-04-25T22:00:00Z,2023-04-26T22:00:00Z,daily,1.78,so2,µg/m³
35994,2023-04-26T22:00:00Z,2023-04-27T22:00:00Z,daily,2.77,so2,µg/m³
35994,2023-04-27T22:00:00Z,2023-04-28T22:00:00Z,daily,3.27,so2,µg/m³
35994,2023-04-28T22:00:00Z,2023-04-29T22:00:00Z,daily,4.42,so2,µg/m³
35994,2023-04-29T22:00:00Z,2023-04-30T22:00:00Z,daily,2.35,so2,µg/m³
35994,2023-04-30T22:00:00Z,2023-05-01T22:00:00Z,daily,3.29,so2,µg/m³
35994,2023-05-01T22:00:00Z,2023-05-02T22:00:00Z,daily,3.41,so2,µg/m³
35994,2023-05-02T22:00:00Z,2023-05-03T22:00:00Z,daily,2.18,so2,µg/m³
35994,2023-05-03T22:00:00Z,2023-05-04T22:00:00Z,daily,2.89,so2,µg/m³
35994,2023-05-04T22:00:00Z,2023-05-05T22:00:00Z,daily,3.33,so2,µg/m³
35994,2023-05-05T22:00:00Z,2023-05-06T22:00:00Z,daily,2.55,so2,µg/m³
35994,2023-05-06T22:00:00Z,2023-05-07T22:00:00Z,daily,1.71,so2,µg/m³
35994,2023-05-07T22:00:00Z,2023-05-08T22:00:00Z,daily,2.06,so2,µg/m³
35994,2023-05-09T22:00:00Z,2023-05-10T22:00:00Z,daily,2.17,so2,µg/m³
35994,2023-05-10T22:00:00Z,2023-05-11T22:00:00Z,daily,2.58,so2,µg/m³
35994,2023-05-11T22:00:00Z,2023-05-12T22:00:00Z,daily,2.53,so2,µg/m³
35994,2023-05-12T22:00:00Z,2023-05-13T22:00:00Z,daily,3.1,so2,µg/m³
35994,2023-05-13T22:00:00Z,2023-05-14T22:00:00Z,daily,2.03,so2,µg/m³
35994,2023-05-15T22:00:00Z,2023-05-16T22:00:00Z,daily,1.28,so2,µg/m³
35994,2023-05-16T22:00:00Z,2023-05-17T22:00:00Z,daily,0.993,so2,µg/m³
35994,2023-05-17T22:00:00Z,2023-05-18T22:00:00Z,daily,1.35,so2,µg/m³
35994,2023-05-18T22:00:00Z,2023-05-19T22:00:00Z,daily,1.1,so2,µg/m³
35994,2023-05-19T22:00:00Z,2023-05-20T22:00:00Z,daily,1.61,so2,µg/m³
35994,2023-05-20T22:00:00Z,2023-05-21T22:00:00Z,daily,1.56,so2,µg/m³
35994,2023-05-21T22:00:00Z,2023-05-22T22:00:00Z,daily,1.52,so2,µg/m³
35994,2023-05-22T22:00:00Z,2023-05-23T22:00:00Z,daily,1.5,so2,µg/m³
35994,2023-05-23T22:00:00Z,2023-05-24T22:00:00Z,daily,2.58,so2,µg/m³
35994,2023-05-24T22:00:00Z,2023-05-25T22:00:00Z,daily,1.32,so2,µg/m³
35994,2023-05-25T22:00:00Z,2023-05-26T22:00:00Z,daily,1.32,so2,µg/m³
35994,2023-05-27T22:00:00Z,2023-05-28T22:00:00Z,daily,1.93,so2,µg/m³
35994,2023-05-28T22:00:00Z,2023-05-29T22:00:00Z,daily,2.07,so2,µg/m³
35994,2023-05-29T22:00:00Z,2023-05-30T22:00:00Z,daily,1.78,so2,µg/m³
35994,2023-05-30T22:00:00Z,2023-05-31T22:00:00Z,daily,1.75,so2,µg/m³
35994,2023-05-31T22:00:00Z,2023-06-01T22:00:00Z,daily,3.07,so2,µg/m³
35994,2023-06-01T22:00:00Z,2023-06-02T22:00:00Z,daily,1.77,so2,µg/m³
35994,2023-06-02T22:00:00Z,2023-06-03T22:00:00Z,daily,2.37,so2,µg/m³
35994,2023-06-03T22:00:00Z,2023-06-04T22:00:00Z,daily,2.05,so2,µg/m³
35994,2023-06-04T22:00:00Z,2023-06-05T22:00:00Z,daily,2.83,so2,µg/m³
35994,2023-06-05T22:00:00Z,2023-06-06T22:00:00Z,daily,3.2,so2,µg/m³
35994,2023-06-06T22:00:00Z,2023-06-07T22:00:00Z,daily,1.89,so2,µg/m³
35994,2023-06-07T22:00:00Z,2023-06-08T22:00:00Z,daily,2.08,so2,µg/m³
35994,2023-06-08T22:00:00Z,2023-06-09T22:00:00Z,daily,1.75,so2,µg/m³
35994,2023-06-09T22:00:00Z,2023-06-10T22:00:00Z,daily,1.41,so2,µg/m³
35994,2023-06-10T22:00:00Z,2023-06-11T22:00:00Z,daily,1.27,so2,µg/m³
35994,2023-06-11T22:00:00Z,2023-06-12T22:00:00Z,daily,1.95,so2,µg/m³
35994,2023-06-12T22:00:00Z,2023-06-13T22:00:00Z,daily,1.15,so2,µg/m³
35994,2023-06-13T22:00:00Z,2023-06-14T22:00:00Z,daily,1.29,so2,µg/m³
35994,2023-06-14T22:00:00Z,2023-06-15T22:00:00Z,daily,0.6,so2,µg/m³
35994,2023-06-15T22:00:00Z,2023-06-16T22:00:00Z,daily,1.2,so2,µg/m³
35994,2023-06-16T22:00:00Z,2023-06-17T22:00:00Z,daily,1.26,so2,µg/m³
35994,2023-06-17T22:00:00Z,2023-06-18T22:00:00Z,daily,1.08,so2,µg/m³
35994,2023-06-18T22:00:00Z,2023-06-19T22:00:00Z,daily,1.2,so2,µg/m³
35994,2023-06-19T22:00:00Z,2023-06-20T22:00:00Z,daily,1.36,so2,µg/m³
35994,2023-06-20T22:00:00Z,2023-06-21T22:00:00Z,daily,1.7,so2,µg/m³
35994,2023-06-21T22:00:00Z,2023-06-22T22:00:00Z,daily,0.95,so2,µg/m³
35994,2023-06-23T22:00:00Z,2023-06-24T22:00:00Z,daily,1.27,so2,µg/m³
35994,2023-06-24T22:00:00Z,2023-06-25T22:00:00Z,daily,0.908,so2,µg/m³
35994,2023-06-25T22:00:00Z,2023-06-26T22:00:00Z,daily,1.4,so2,µg/m³
35994,2023-06-26T22:00:00Z,2023-06-27T22:00:00Z,daily,1.07,so2,µg/m³
35994,2023-06-27T22:00:00Z,2023-06-28T22:00:00Z,daily,0.84,so2,µg/m³
35994,2023-06-28T22:00:00Z,2023-06-29T22:00:00Z,daily,1.24,so2,µg/m³
35994,2023-06-29T22:00:00Z,2023-06-30T22:00:00Z,daily,1.2,so2,µg/m³
35994,2023-06-30T22:00:00Z,2023-07-01T22:00:00Z,daily,0.92,so2,µg/m³
35994,2023-07-01T22:00:00Z,2023-07-02T22:00:00Z,daily,1.03,so2,µg/m³
35994,2023-07-02T22:00:00Z,2023-07-03T22:00:00Z,daily,1.43,so2,µg/m³
35994,2023-07-03T22:00:00Z,2023-07-04T22:00:00Z,daily,1.18,so2,µg/m³
35994,2023-07-04T22:00:00Z,2023-07-05T22:00:00Z,daily,1.3,so2,µg/m³
35994,2023-07-05T22:00:00Z,2023-07-06T22:00:00Z,daily,1.29,so2,µg/m³
35994,2023-07-06T22:00:00Z,2023-07-07T22:00:00Z,daily,1.5,so2,µg/m³
35994,2023-07-07T22:00:00Z,2023-07-08T22:00:00Z,daily,1.68,so2,µg/m³
35994,2023-07-08T22:00:00Z,2023-07-09T22:00:00Z,daily,1.45,so2,µg/m³
35994,2023-07-09T22:00:00Z,2023-07-10T22:00:00Z,daily,1.44,so2,µg/m³
35994,2023-07-10T22:00:00Z,2023-07-11T22:00:00Z,daily,1.32,so2,µg/m³
35994,2023-07-11T22:00:00Z,2023-07-12T22:00:00Z,daily,1.67,so2,µg/m³
35994,2023-07-12T22:00:00Z,2023-07-13T22:00:00Z,daily,1.84,so2,µg/m³
35994,2023-07-16T22:00:00Z,2023-07-17T22:00:00Z,daily,2.68,so2,µg/m³
35994,2023-07-17T22:00:00Z,2023-07-18T22:00:00Z,daily,2.73,so2,µg/m³
35994,2023-07-18T22:00:00Z,2023-07-19T22:00:00Z,daily,3.35,so2,µg/m³
35994,2023-07-19T22:00:00Z,2023-07-20T22:00:00Z,daily,1.96,so2,µg/m³
35994,2023-07-20T22:00:00Z,2023-07-21T22:00:00Z,daily,1.41,so2,µg/m³
35994,2023-07-21T22:00:00Z,2023-07-22T22:00:00Z,daily,1.36,so2,µg/m³
35994,2023-07-22T22:00:00Z,2023-07-23T22:00:00Z,daily,1.76,so2,µg/m³
35994,2023-07-23T22:00:00Z,2023-07-24T22:00:00Z,daily,1.93,so2,µg/m³
35994,2023-07-24T22:00:00Z,2023-07-25T22:00:00Z,daily,1.37,so2,µg/m³
35994,2023-07-25T22:00:00Z,2023-07-26T22:00:00Z,daily,7.09,so2,µg/m³
35994,2023-07-26T22:00:00Z,2023-07-27T22:00:00Z,daily,4.18,so2,µg/m³
35994,2023-07-27T22:00:00Z,2023-07-28T22:00:00Z,daily,2.15,so2,µg/m³
35994,2023-07-28T22:00:00Z,2023-07-29T22:00:00Z,daily,2.57,so2,µg/m³
35994,2023-07-29T22:00:00Z,2023-07-30T22:00:00Z,daily,1.55,so2,µg/m³
35994,2023-07-30T22:00:00Z,2023-07-31T22:00:00Z,daily,1.62,so2,µg/m³
35994,2023-07-31T22:00:00Z,2023-08-01T22:00:00Z,daily,2.76,so2,µg/m³
35994,2023-08-01T22:00:00Z,2023-08-02T22:00:00Z,daily,3.03,so2,µg/m³
35994,2023-08-02T22:00:00Z,2023-08-03T22:00:00Z,daily,1.28,so2,µg/m³
35994,2023-08-03T22:00:00Z,2023-08-04T22:00:00Z,daily,1.05,so2,µg/m³
35994,2023-08-04T22:00:00Z,2023-08-05T22:00:00Z,daily,0.678,so2,µg/m³
35994,2023-08-05T22:00:00Z,2023-08-06T22:00:00Z,daily,0.724,so2,µg/m³
35994,2023-08-06T22:00:00Z,2023-08-07T22:00:00Z,daily,0.726,so2,µg/m³
35994,2023-08-07T22:00:00Z,2023-08-08T22:00:00Z,daily,0.619,so2,µg/m³
35994,2023-08-08T22:00:00Z,2023-08-09T22:00:00Z,daily,0.585,so2,µg/m³
35994,2023-08-09T22:00:00Z,2023-08-10T22:00:00Z,daily,0.825,so2,µg/m³
35994,2023-08-10T22:00:00Z,2023-08-11T22:00:00Z,daily,1.23,so2,µg/m³
35994,2023-08-11T22:00:00Z,2023-08-12T22:00:00Z,daily,1.62,so2,µg/m³
35994,2023-08-12T22:00:00Z,2023-08-13T22:00:00Z,daily,1.84,so2,µg/m³
35994,2023-08-13T22:00:00Z,2023-08-14T22:00:00Z,daily,0.859,so2,µg/m³
35994,2023-08-14T22:00:00Z,2023-08-15T22:00:00Z,daily,0.628,so2,µg/m³
35994,2023-08-15T22:00:00Z,2023-08-16T22:00:00Z,daily,1.32,so2,µg/m³
35994,2023-08-16T22:00:00Z,2023-08-17T22:00:00Z,daily,1.24,so2,µg/m³
35994,2023-08-17T22:00:00Z,2023-08-18T22:00:00Z,daily,1.25,so2,µg/m³
35994,2023-08-23T22:00:00Z,2023-08-24T22:00:00Z,daily,2.8,so2,µg/m³
35994,2023-08-24T22:00:00Z,2023-08-25T22:00:00Z,daily,3.4,so2,µg/m³
35994,2023-08-25T22:00:00Z,2023-08-26T22:00:00Z,daily,3.34,so2,µg/m³
35994,2023-08-26T22:00:00Z,2023-08-27T22:00:00Z,daily,2.8,so2,µg/m³
35994,2023-08-27T22:00:00Z,2023-08-28T22:00:00Z,daily,2.13,so2,µg/m³
35994,2023-08-28T22:00:00Z,2023-08-29T22:00:00Z,daily,3.31,so2,µg/m³
35994,2023-08-29T22:00:00Z,2023-08-30T22:00:00Z,daily,2.89,so2,µg/m³
35994,2023-08-30T22:00:00Z,2023-08-31T22:00:00Z,daily,2.68,so2,µg/m³
35994,2023-08-31T22:00:00Z,2023-09-01T22:00:00Z,daily,3.43,so2,µg/m³
35994,2023-09-01T22:00:00Z,2023-09-02T22:00:00Z,daily,3.72,so2,µg/m³
35994,2023-09-02T22:00:00Z,2023-09-03T22:00:00Z,daily,4.44,so2,µg/m³
35994,2023-09-03T22:00:00Z,2023-09-04T22:00:00Z,daily,4.39,so2,µg/m³
35994,2023-09-04T22:00:00Z,2023-09-05T22:00:00Z,daily,4.43,so2,µg/m³
35994,2023-09-05T22:00:00Z,2023-09-06T22:00:00Z,daily,5.35,so2,µg/m³
35994,2023-09-06T22:00:00Z,2023-09-07T22:00:00Z,daily,5.25,so2,µg/m³
35994,2023-09-07T22:00:00Z,2023-09-08T22:00:00Z,daily,6.06,so2,µg/m³
35994,2023-09-08T22:00:00Z,2023-09-09T22:00:00Z,daily,5.31,so2,µg/m³
35994,2023-09-09T22:00:00Z,2023-09-10T22:00:00Z,daily,4.69,so2,µg/m³
35994,2023-09-10T22:00:00Z,2023-09-11T22:00:00Z,daily,3.58,so2,µg/m³
35994,2023-09-11T22:00:00Z,2023-09-12T22:00:00Z,daily,5.11,so2,µg/m³
35994,2023-09-12T22:00:00Z,2023-09-13T22:00:00Z,daily,3.08,so2,µg/m³
35994,2023-09-13T22:00:00Z,2023-09-14T22:00:00Z,daily,1.35,so2,µg/m³
35994,2023-09-14T22:00:00Z,2023-09-15T22:00:00Z,daily,1.43,so2,µg/m³
35994,2023-09-15T22:00:00Z,2023-09-16T22:00:00Z,daily,2.0,so2,µg/m³
35994,2023-09-16T22:00:00Z,2023-09-17T22:00:00Z,daily,2.19,so2,µg/m³
35994,2023-09-17T22:00:00Z,2023-09-18T22:00:00Z,daily,1.66,so2,µg/m³
35994,2023-09-18T22:00:00Z,2023-09-19T22:00:00Z,daily,1.29,so2,µg/m³
35994,2023-09-19T22:00:00Z,2023-09-20T22:00:00Z,daily,1.95,so2,µg/m³
35994,2023-09-20T22:00:00Z,2023-09-21T22:00:00Z,daily,2.75,so2,µg/m³
35994,2023-09-21T22:00:00Z,2023-09-22T22:00:00Z,daily,3.77,so2,µg/m³
35994,2023-09-22T22:00:00Z,2023-09-23T22:00:00Z,daily,1.54,so2,µg/m³
35994,2023-09-23T22:00:00Z,2023-09-24T22:00:00Z,daily,1.81,so2,µg/m³
35994,2023-09-24T22:00:00Z,2023-09-25T22:00:00Z,daily,2.33,so2,µg/m³
35994,2023-09-25T22:00:00Z,2023-09-26T22:00:00Z,daily,2.34,so2,µg/m³
35994,2023-09-26T22:00:00Z,2023-09-27T22:00:00Z,daily,3.04,so2,µg/m³
35994,2023-09-27T22:00:00Z,2023-09-28T22:00:00Z,daily,2.74,so2,µg/m³
35994,2023-09-28T22:00:00Z,2023-09-29T22:00:00Z,daily,2.21,so2,µg/m³
35994,2023-09-29T22:00:00Z,2023-09-30T22:00:00Z,daily,1.48,so2,µg/m³
35994,2023-09-30T22:00:00Z,2023-10-01T22:00:00Z,daily,2.05,so2,µg/m³
35994,2023-10-01T22:00:00Z,2023-10-02T22:00:00Z,daily,2.11,so2,µg/m³
35994,2023-10-02T22:00:00Z,2023-10-03T22:00:00Z,daily,2.45,so2,µg/m³
35994,2023-10-03T22:00:00Z,2023-10-04T22:00:00Z,daily,1.59,so2,µg/m³
35994,2023-10-04T22:00:00Z,2023-10-05T22:00:00Z,daily,1.59,so2,µg/m³
35994,2023-10-05T22:00:00Z,2023-10-06T22:00:00Z,daily,0.95,so2,µg/m³
35994,2023-10-06T22:00:00Z,2023-10-07T22:00:00Z,daily,0.73,so2,µg/m³
35994,2023-10-07T22:00:00Z,2023-10-08T22:00:00Z,daily,0.71,so2,µg/m³
35994,2023-10-08T22:00:00Z,2023-10-09T22:00:00Z,daily,1.99,so2,µg/m³
35994,2023-10-09T22:00:00Z,2023-10-10T22:00:00Z,daily,1.7,so2,µg/m³
35994,2023-10-10T22:00:00Z,2023-10-11T22:00:00Z,daily,1.66,so2,µg/m³
35994,2023-10-11T22:00:00Z,2023-10-12T22:00:00Z,daily,1.25,so2,µg/m³
35994,2023-10-12T22:00:00Z,2023-10-13T22:00:00Z,daily,0.755,so2,µg/m³
35994,2023-10-13T22:00:00Z,2023-10-14T22:00:00Z,daily,0.856,so2,µg/m³
35994,2023-10-14T22:00:00Z,2023-10-15T22:00:00Z,daily,0.56,so2,µg/m³
35994,2023-10-15T22:00:00Z,2023-10-16T22:00:00Z,daily,0.934,so2,µg/m³
35994,2023-10-25T22:00:00Z,2023-10-26T22:00:00Z,daily,0.6,so2,µg/m³
35994,2023-10-26T22:00:00Z,2023-10-27T22:00:00Z,daily,1.91,so2,µg/m³
35994,2023-10-27T22:00:00Z,2023-10-28T22:00:00Z,daily,0.826,so2,µg/m³
35994,2023-10-28T22:00:00Z,2023-10-29T23:00:00Z,daily,0.836,so2,µg/m³
35994,2023-10-29T23:00:00Z,2023-10-30T23:00:00Z,daily,1.18,so2,µg/m³
35994,2023-10-30T23:00:00Z,2023-10-31T23:00:00Z,daily,0.875,so2,µg/m³
35994,2023-10-31T23:00:00Z,2023-11-01T23:00:00Z,daily,0.54,so2,µg/m³
35994,2023-11-01T23:00:00Z,2023-11-02T23:00:00Z,daily,0.862,so2,µg/m³
35994,2023-11-02T23:00:00Z,2023-11-03T23:00:00Z,daily,2.47,so2,µg/m³
35994,2023-11-03T23:00:00Z,2023-11-04T23:00:00Z,daily,0.598,so2,µg/m³
35994,2023-11-04T23:00:00Z,2023-11-05T23:00:00Z,daily,0.563,so2,µg/m³
35994,2023-11-05T23:00:00Z,2023-11-06T23:00:00Z,daily,1.26,so2,µg/m³
35994,2023-11-06T23:00:00Z,2023-11-07T23:00:00Z,daily,1.01,so2,µg/m³
35994,2023-11-07T23:00:00Z,2023-11-08T23:00:00Z,daily,2.4,so2,µg/m³
35994,2023-11-08T23:00:00Z,2023-11-09T23:00:00Z,daily,0.96,so2,µg/m³
35994,2023-11-09T23:00:00Z,2023-11-10T23:00:00Z,daily,1.8,so2,µg/m³
35994,2023-11-10T23:00:00Z,2023-11-11T23:00:00Z,daily,2.06,so2,µg/m³
35994,2023-11-11T23:00:00Z,2023-11-12T23:00:00Z,daily,1.3,so2,µg/m³
35994,2023-11-12T23:00:00Z,2023-11-13T23:00:00Z,daily,1.06,so2,µg/m³
35994,2023-11-13T23:00:00Z,2023-11-14T23:00:00Z,daily,1.13,so2,µg/m³
35994,2023-11-14T23:00:00Z,2023-11-15T23:00:00Z,daily,0.68,so2,µg/m³
35994,2023-11-15T23:00:00Z,2023-11-16T23:00:00Z,daily,1.07,so2,µg/m³
35994,2023-11-16T23:00:00Z,2023-11-17T23:00:00Z,daily,1.54,so2,µg/m³
35994,2023-11-17T23:00:00Z,2023-11-18T23:00:00Z,daily,0.72,so2,µg/m³
35994,2023-11-18T23:00:00Z,2023-11-19T23:00:00Z,daily,1.05,so2,µg/m³
35994,2023-11-19T23:00:00Z,2023-11-20T23:00:00Z,daily,0.907,so2,µg/m³
35994,2023-11-20T23:00:00Z,2023-11-21T23:00:00Z,daily,0.634,so2,µg/m³
35994,2023-11-21T23:00:00Z,2023-11-22T23:00:00Z,daily,3.42,so2,µg/m³
35994,2023-11-22T23:00:00Z,2023-11-23T23:00:00Z,daily,2.79,so2,µg/m³
35994,2023-11-23T23:00:00Z,2023-11-24T23:00:00Z,daily,0.713,so2,µg/m³
35994,2023-11-24T23:00:00Z,2023-11-25T23:00:00Z,daily,2.3,so2,µg/m³
35994,2023-11-25T23:00:00Z,2023-11-26T23:00:00Z,daily,0.868,so2,µg/m³
35994,2023-11-26T23:00:00Z,2023-11-27T23:00:00Z,daily,2.2,so2,µg/m³
35994,2023-11-27T23:00:00Z,2023-11-28T23:00:00Z,daily,2.59,so2,µg/m³
35994,2023-11-28T23:00:00Z,2023-11-29T23:00:00Z,daily,1.7,so2,µg/m³
35994,2023-11-29T23:00:00Z,2023-11-30T23:00:00Z,daily,3.57,so2,µg/m³
35994,2023-11-30T23:00:00Z,2023-12-01T23:00:00Z,daily,2.47,so2,µg/m³
35994,2023-12-01T23:00:00Z,2023-12-02T23:00:00Z,daily,4.38,so2,µg/m³
35994,2023-12-02T23:00:00Z,2023-12-03T23:00:00Z,daily,2.6,so2,µg/m³
35994,2023-12-03T23:00:00Z,2023-12-04T23:00:00Z,daily,3.3,so2,µg/m³
35994,2023-12-04T23:00:00Z,2023-12-05T23:00:00Z,daily,3.93,so2,µg/m³
35994,2023-12-05T23:00:00Z,2023-12-06T23:00:00Z,daily,4.02,so2,µg/m³
35994,2023-12-06T23:00:00Z,2023-12-07T23:00:00Z,daily,3.47,so2,µg/m³
35994,2023-12-07T23:00:00Z,2023-12-08T23:00:00Z,daily,3.78,so2,µg/m³
35994,2023-12-08T23:00:00Z,2023-12-09T23:00:00Z,daily,4.08,so2,µg/m³
35994,2023-12-09T23:00:00Z,2023-12-10T23:00:00Z,daily,4.46,so2,µg/m³
35994,2023-12-10T23:00:00Z,2023-12-11T23:00:00Z,daily,3.22,so2,µg/m³
35994,2023-12-11T23:00:00Z,2023-12-12T23:00:00Z,daily,2.79,so2,µg/m³
35994,2023-12-13T23:00:00Z,2023-12-14T23:00:00Z,daily,1.45,so2,µg/m³
35994,2023-12-14T23:00:00Z,2023-12-15T23:00:00Z,daily,1.58,so2,µg/m³
35994,2023-12-15T23:00:00Z,2023-12-16T23:00:00Z,daily,1.33,so2,µg/m³
35994,2023-12-16T23:00:00Z,2023-12-17T23:00:00Z,daily,1.33,so2,µg/m³
35994,2023-12-17T23:00:00Z,2023-12-18T23:00:00Z,daily,1.4,so2,µg/m³
35994,2023-12-18T23:00:00Z,2023-12-19T23:00:00Z,daily,2.32,so2,µg/m³
35994,2023-12-19T23:00:00Z,2023-12-20T23:00:00Z,daily,0.7,so2,µg/m³
35994,2023-12-20T23:00:00Z,2023-12-21T23:00:00Z,daily,0.62,so2,µg/m³
35994,2023-12-21T23:00:00Z,2023-12-22T23:00:00Z,daily,0.72,so2,µg/m³
35994,2023-12-22T23:00:00Z,2023-12-23T23:00:00Z,daily,1.3,so2,µg/m³
35994,2023-12-23T23:00:00Z,2023-12-24T23:00:00Z,daily,1.15,so2,µg/m³
35994,2023-12-24T23:00:00Z,2023-12-25T23:00:00Z,daily,1.34,so2,µg/m³
35994,2023-12-25T23:00:00Z,2023-12-26T23:00:00Z,daily,0.971,so2,µg/m³
35994,2023-12-26T23:00:00Z,2023-12-27T23:00:00Z,daily,1.24,so2,µg/m³
35994,2023-12-27T23:00:00Z,2023-12-28T23:00:00Z,daily,2.29,so2,µg/m³
35994,2023-12-28T23:00:00Z,2023-12-29T23:00:00Z,daily,2.82,so2,µg/m³
35994,2023-12-29T23:00:00Z,2023-12-30T23:00:00Z,daily,1.17,so2,µg/m³
35996,2022-12-31T23:00:00Z,2023-01-01T23:00:00Z,daily,0.508,bc,µg/m³
35996,2023-01-01T23:00:00Z,2023-01-02T23:00:00Z,daily,1.09,bc,µg/m³
35996,2023-01-02T23:00:00Z,2023-01-03T23:00:00Z,daily,0.613,bc,µg/m³
35996,2023-01-03T23:00:00Z,2023-01-04T23:00:00Z,daily,1.07,bc,µg/m³
35996,2023-01-04T23:00:00Z,2023-01-05T23:00:00Z,daily,0.492,bc,µg/m³
35996,2023-01-05T23:00:00Z,2023-01-06T23:00:00Z,daily,0.625,bc,µg/m³
35996,2023-01-06T23:00:00Z,2023-01-07T23:00:00Z,daily,1.2,bc,µg/m³
35996,2023-01-07T23:00:00Z,2023-01-08T23:00:00Z,daily,0.933,bc,µg/m³
35996,2023-01-08T23:00:00Z,2023-01-09T23:00:00Z,daily,1.2,bc,µg/m³
35996,2023-01-09T23:00:00Z,2023-01-10T23:00:00Z,daily,1.44,bc,µg/m³
35996,2023-01-10T23:00:00Z,2023-01-11T23:00:00Z,daily,1.09,bc,µg/m³
35996,2023-01-15T23:00:00Z,2023-01-16T23:00:00Z,daily,1.1,bc,µg/m³
35996,2023-01-16T23:00:00Z,2023-01-17T23:00:00Z,daily,1.52,bc,µg/m³
35996,2023-01-17T23:00:00Z,2023-01-18T23:00:00Z,daily,1.4,bc,µg/m³
35996,2023-01-18T23:00:00Z,2023-01-19T23:00:00Z,daily,1.19,bc,µg/m³
35996,2023-01-19T23:00:00Z,2023-01-20T23:00:00Z,daily,0.992,bc,µg/m³
35996,2023-01-20T23:00:00Z,2023-01-21T23:00:00Z,daily,0.721,bc,µg/m³
35996,2023-01-21T23:00:00Z,2023-01-22T23:00:00Z,daily,1.0,bc,µg/m³
35996,2023-01-22T23:00:00Z,2023-01-23T23:00:00Z,daily,1.08,bc,µg/m³
35996,2023-01-23T23:00:00Z,2023-01-24T23:00:00Z,daily,1.47,bc,µg/m³
35996,2023-01-24T23:00:00Z,2023-01-25T23:00:00Z,daily,1.15,bc,µg/m³
35996,2023-01-25T23:00:00Z,2023-01-26T23:00:00Z,daily,1.24,bc,µg/m³
35996,2023-01-26T23:00:00Z,2023-01-27T23:00:00Z,daily,1.47,bc,µg/m³
35996,2023-01-27T23:00:00Z,2023-01-28T23:00:00Z,daily,1.07,bc,µg/m³
35996,2023-01-28T23:00:00Z,2023-01-29T23:00:00Z,daily,0.642,bc,µg/m³
35996,2023-01-29T23:00:00Z,2023-01-30T23:00:00Z,daily,0.642,bc,µg/m³
35996,2023-01-30T23:00:00Z,2023-01-31T23:00:00Z,daily,0.592,bc,µg/m³
35996,2023-01-31T23:00:00Z,2023-02-01T23:00:00Z,daily,0.479,bc,µg/m³
35996,2023-02-01T23:00:00Z,2023-02-02T23:00:00Z,daily,0.5,bc,µg/m³
35996,2023-02-13T23:00:00Z,2023-02-14T23:00:00Z,daily,0.609,bc,µg/m³
35996,2023-02-14T23:00:00Z,2023-02-15T23:00:00Z,daily,0.85,bc,µg/m³
35996,2023-02-15T23:00:00Z,2023-02-16T23:00:00Z,daily,1.6,bc,µg/m³
35996,2023-03-18T23:00:00Z,2023-03-19T23:00:00Z,daily,1.4,bc,µg/m³
35996,2023-03-19T23:00:00Z,2023-03-20T23:00:00Z,daily,1.66,bc,µg/m³
35996,2023-03-20T23:00:00Z,2023-03-21T23:00:00Z,daily,0.943,bc,µg/m³
35996,2023-03-21T23:00:00Z,2023-03-22T23:00:00Z,daily,1.37,bc,µg/m³
35996,2023-03-22T23:00:00Z,2023-03-23T23:00:00Z,daily,1.4,bc,µg/m³
35996,2023-03-23T23:00:00Z,2023-03-24T23:00:00Z,daily,0.678,bc,µg/m³
35996,2023-03-24T23:00:00Z,2023-03-26T22:00:00Z,daily,0.479,bc,µg/m³
35996,2023-03-25T23:00:00Z,2023-03-26T22:00:00Z,daily,0.478,bc,µg/m³
35996,2023-03-26T22:00:00Z,2023-03-27T22:00:00Z,daily,0.613,bc,µg/m³
35996,2023-03-27T22:00:00Z,2023-03-28T22:00:00Z,daily,0.643,bc,µg/m³
35996,2023-03-28T22:00:00Z,2023-03-29T22:00:00Z,daily,0.642,bc,µg/m³
35996,2023-03-29T22:00:00Z,2023-03-30T22:00:00Z,daily,0.929,bc,µg/m³
35996,2023-03-30T22:00:00Z,2023-03-31T22:00:00Z,daily,0.608,bc,µg/m³
35996,2023-03-31T22:00:00Z,2023-04-01T22:00:00Z,daily,0.579,bc,µg/m³
35996,2023-04-01T22:00:00Z,2023-04-02T22:00:00Z,daily,0.504,bc,µg/m³
35996,2023-04-02T22:00:00Z,2023-04-03T22:00:00Z,daily,0.3,bc,µg/m³
35996,2023-04-03T22:00:00Z,2023-04-04T22:00:00Z,daily,0.517,bc,µg/m³
35996,2023-04-04T22:00:00Z,2023-04-05T22:00:00Z,daily,0.723,bc,µg/m³
35996,2023-04-05T22:00:00Z,2023-04-06T22:00:00Z,daily,0.7,bc,µg/m³
35996,2023-04-06T22:00:00Z,2023-04-07T22:00:00Z,daily,0.568,bc,µg/m³
35996,2023-04-07T22:00:00Z,2023-04-08T22:00:00Z,daily,0.525,bc,µg/m³
35996,2023-04-08T22:00:00Z,2023-04-09T22:00:00Z,daily,0.523,bc,µg/m³
35996,2023-04-09T22:00:00Z,2023-04-10T22:00:00Z,daily,0.533,bc,µg/m³
35996,2023-04-10T22:00:00Z,2023-04-11T22:00:00Z,daily,0.7,bc,µg/m³
35996,2023-04-11T22:00:00Z,2023-04-12T22:00:00Z,daily,0.725,bc,µg/m³
35996,2023-04-12T22:00:00Z,2023-04-13T22:00:00Z,daily,1.01,bc,µg/m³
35996,2023-04-13T22:00:00Z,2023-04-14T22:00:00Z,daily,0.856,bc,µg/m³
35996,2023-04-14T22:00:00Z,2023-04-15T22:00:00Z,daily,0.765,bc,µg/m³
35996,2023-04-15T22:00:00Z,2023-04-16T22:00:00Z,daily,0.888,bc,µg/m³
35996,2023-04-16T22:00:00Z,2023-04-17T22:00:00Z,daily,0.848,bc,µg/m³
35996,2023-04-17T22:00:00Z,2023-04-18T22:00:00Z,daily,0.7,bc,µg/m³
35996,2023-04-18T22:00:00Z,2023-04-19T22:00:00Z,daily,0.963,bc,µg/m³
35996,2023-04-19T22:00:00Z,2023-04-20T22:00:00Z,daily,0.875,bc,µg/m³
35996,2023-04-20T22:00:00Z,2023-04-21T22:00:00Z,daily,0.729,bc,µg/m³
35996,2023-04-21T22:00:00Z,2023-04-22T22:00:00Z,daily,1.2,bc,µg/m³
35996,2023-04-22T22:00:00Z,2023-04-23T22:00:00Z,daily,1.13,bc,µg/m³
35996,2023-04-23T22:00:00Z,2023-04-24T22:00:00Z,daily,0.953,bc,µg/m³
35996,2023-04-25T22:00:00Z,2023-04-26T22:00:00Z,daily,0.814,bc,µg/m³
35996,2023-04-26T22:00:00Z,2023-04-27T22:00:00Z,daily,1.08,bc,µg/m³
35996,2023-04-27T22:00:00Z,2023-04-28T22:00:00Z,daily,1.1,bc,µg/m³
35996,2023-04-28T22:00:00Z,2023-04-29T22:00:00Z,daily,0.867,bc,µg/m³
35996,2023-04-29T22:00:00Z,2023-04-30T22:00:00Z,daily,0.817,bc,µg/m³
35996,2023-04-30T22:00:00Z,2023-05-01T22:00:00Z,daily,0.621,bc,µg/m³
35996,2023-05-01T22:00:00Z,2023-05-02T22:00:00Z,daily,0.821,bc,µg/m³
35996,2023-05-02T22:00:00Z,2023-05-03T22:00:00Z,daily,0.485,bc,µg/m³
35996,2023-05-03T22:00:00Z,2023-05-04T22:00:00Z,daily,0.958,bc,µg/m³
35996,2023-05-04T22:00:00Z,2023-05-05T22:00:00Z,daily,0.858,bc,µg/m³
35996,2023-05-09T22:00:00Z,2023-05-10T22:00:00Z,daily,0.583,bc,µg/m³
35996,2023-05-10T22:00:00Z,2023-05-11T22:00:00Z,daily,0.475,bc,µg/m³
35996,2023-05-11T22:00:00Z,2023-05-12T22:00:00Z,daily,0.455,bc,µg/m³
35996,2023-05-12T22:00:00Z,2023-05-13T22:00:00Z,daily,0.913,bc,µg/m³
35996,2023-05-13T22:00:00Z,2023-05-14T22:00:00Z,daily,1.23,bc,µg/m³
35996,2023-05-15T22:00:00Z,2023-05-16T22:00:00Z,daily,0.439,bc,µg/m³
35996,2023-05-16T22:00:00Z,2023-05-17T22:00:00Z,daily,0.646,bc,µg/m³
35996,2023-05-17T22:00:00Z,2023-05-18T22:00:00Z,daily,0.454,bc,µg/m³
35996,2023-05-18T22:00:00Z,2023-05-19T22:00:00Z,daily,0.42,bc,µg/m³
35996,2023-05-19T22:00:00Z,2023-05-20T22:00:00Z,daily,0.348,bc,µg/m³
35996,2023-05-20T22:00:00Z,2023-05-21T22:00:00Z,daily,0.265,bc,µg/m³
35996,2023-05-21T22:00:00Z,2023-05-22T22:00:00Z,daily,0.479,bc,µg/m³
35996,2023-05-22T22:00:00Z,2023-05-23T22:00:00Z,daily,0.4,bc,µg/m³
35996,2023-05-23T22:00:00Z,2023-05-24T22:00:00Z,daily,0.383,bc,µg/m³
35996,2023-05-24T22:00:00Z,2023-05-25T22:00:00Z,daily,0.509,bc,µg/m³
35996,2023-05-25T22:00:00Z,2023-05-26T22:00:00Z,daily,0.427,bc,µg/m³
35996,2023-05-27T22:00:00Z,2023-05-28T22:00:00Z,daily,0.305,bc,µg/m³
35996,2023-05-28T22:00:00Z,2023-05-29T22:00:00Z,daily,0.7,bc,µg/m³
35996,2023-05-29T22:00:00Z,2023-05-30T22:00:00Z,daily,0.538,bc,µg/m³
35996,2023-05-30T22:00:00Z,2023-05-31T22:00:00Z,daily,0.565,bc,µg/m³
35996,2023-05-31T22:00:00Z,2023-06-01T22:00:00Z,daily,0.504,bc,µg/m³
35996,2023-06-01T22:00:00Z,2023-06-02T22:00:00Z,daily,0.333,bc,µg/m³
35996,2023-06-02T22:00:00Z,2023-06-03T22:00:00Z,daily,0.386,bc,µg/m³
35996,2023-06-03T22:00:00Z,2023-06-04T22:00:00Z,daily,0.367,bc,µg/m³
35996,2023-06-04T22:00:00Z,2023-06-05T22:00:00Z,daily,0.404,bc,µg/m³
35996,2023-06-05T22:00:00Z,2023-06-06T22:00:00Z,daily,0.6,bc,µg/m³
35996,2023-06-06T22:00:00Z,2023-06-07T22:00:00Z,daily,0.321,bc,µg/m³
35996,2023-06-07T22:00:00Z,2023-06-08T22:00:00Z,daily,0.35,bc,µg/m³
35996,2023-06-08T22:00:00Z,2023-06-09T22:00:00Z,daily,0.187,bc,µg/m³
35996,2023-06-09T22:00:00Z,2023-06-10T22:00:00Z,daily,0.257,bc,µg/m³
35996,2023-06-10T22:00:00Z,2023-06-11T22:00:00Z,daily,0.158,bc,µg/m³
35996,2023-06-11T22:00:00Z,2023-06-12T22:00:00Z,daily,0.196,bc,µg/m³
35996,2023-06-12T22:00:00Z,2023-06-13T22:00:00Z,daily,0.213,bc,µg/m³
35996,2023-06-13T22:00:00Z,2023-06-14T22:00:00Z,daily,0.224,bc,µg/m³
35996,2023-06-14T22:00:00Z,2023-06-15T22:00:00Z,daily,0.4,bc,µg/m³
35996,2023-06-15T22:00:00Z,2023-06-16T22:00:00Z,daily,0.6,bc,µg/m³
35996,2023-06-16T22:00:00Z,2023-06-17T22:00:00Z,daily,0.323,bc,µg/m³
35996,2023-06-17T22:00:00Z,2023-06-18T22:00:00Z,daily,0.413,bc,µg/m³
35996,2023-06-18T22:00:00Z,2023-06-19T22:00:00Z,daily,0.457,bc,µg/m³
35996,2023-06-19T22:00:00Z,2023-06-20T22:00:00Z,daily,0.433,bc,µg/m³
35996,2023-06-20T22:00:00Z,2023-06-21T22:00:00Z,daily,0.378,bc,µg/m³
35996,2023-06-21T22:00:00Z,2023-06-22T22:00:00Z,daily,0.436,bc,µg/m³
35996,2023-06-23T22:00:00Z,2023-06-24T22:00:00Z,daily,0.276,bc,µg/m³
35996,2023-06-24T22:00:00Z,2023-06-25T22:00:00Z,daily,0.46,bc,µg/m³
35996,2023-06-25T22:00:00Z,2023-06-26T22:00:00Z,daily,0.415,bc,µg/m³
35996,2023-06-26T22:00:00Z,2023-06-27T22:00:00Z,daily,0.248,bc,µg/m³
35996,2023-06-27T22:00:00Z,2023-06-28T22:00:00Z,daily,0.183,bc,µg/m³
35996,2023-06-28T22:00:00Z,2023-06-29T22:00:00Z,daily,0.375,bc,µg/m³
35996,2023-06-29T22:00:00Z,2023-06-30T22:00:00Z,daily,0.336,bc,µg/m³
35996,2023-06-30T22:00:00Z,2023-07-01T22:00:00Z,daily,0.248,bc,µg/m³
35996,2023-07-01T22:00:00Z,2023-07-02T22:00:00Z,daily,0.2,bc,µg/m³
35996,2023-07-02T22:00:00Z,2023-07-03T22:00:00Z,daily,0.224,bc,µg/m³
35996,2023-07-03T22:00:00Z,2023-07-04T22:00:00Z,daily,0.3,bc,µg/m³
35996,2023-07-04T22:00:00Z,2023-07-05T22:00:00Z,daily,0.3,bc,µg/m³
35996,2023-07-05T22:00:00Z,2023-07-06T22:00:00Z,daily,0.343,bc,µg/m³
35996,2023-07-06T22:00:00Z,2023-07-07T22:00:00Z,daily,0.414,bc,µg/m³
35996,2023-07-07T22:00:00Z,2023-07-08T22:00:00Z,daily,0.308,bc,µg/m³
35996,2023-07-08T22:00:00Z,2023-07-09T22:00:00Z,daily,0.172,bc,µg/m³
35996,2023-07-09T22:00:00Z,2023-07-10T22:00:00Z,daily,0.287,bc,µg/m³
35996,2023-07-10T22:00:00Z,2023-07-11T22:00:00Z,daily,0.368,bc,µg/m³
35996,2023-07-11T22:00:00Z,2023-07-12T22:00:00Z,daily,0.267,bc,µg/m³
35996,2023-07-12T22:00:00Z,2023-07-13T22:00:00Z,daily,0.271,bc,µg/m³
35996,2023-07-16T22:00:00Z,2023-07-17T22:00:00Z,daily,0.263,bc,µg/m³
35996,2023-07-17T22:00:00Z,2023-07-18T22:00:00Z,daily,0.224,bc,µg/m³
35996,2023-07-18T22:00:00Z,2023-07-19T22:00:00Z,daily,0.321,bc,µg/m³
35996,2023-07-19T22:00:00Z,2023-07-20T22:00:00Z,daily,0.271,bc,µg/m³
35996,2023-07-20T22:00:00Z,2023-07-21T22:00:00Z,daily,0.281,bc,µg/m³
35996,2023-07-21T22:00:00Z,2023-07-22T22:00:00Z,daily,0.186,bc,µg/m³
35996,2023-07-22T22:00:00Z,2023-07-23T22:00:00Z,daily,0.265,bc,µg/m³
35996,2023-07-23T22:00:00Z,2023-07-24T22:00:00Z,daily,0.203,bc,µg/m³
35996,2023-07-24T22:00:00Z,2023-07-25T22:00:00Z,daily,0.196,bc,µg/m³
35996,2023-07-25T22:00:00Z,2023-07-26T22:00:00Z,daily,0.179,bc,µg/m³
35996,2023-07-26T22:00:00Z,2023-07-27T22:00:00Z,daily,0.217,bc,µg/m³
35996,2023-07-27T22:00:00Z,2023-07-28T22:00:00Z,daily,0.271,bc,µg/m³
35996,2023-07-28T22:00:00Z,2023-07-29T22:00:00Z,daily,0.211,bc,µg/m³
35996,2023-07-29T22:00:00Z,2023-07-30T22:00:00Z,daily,0.185,bc,µg/m³
35996,2023-07-30T22:00:00Z,2023-07-31T22:00:00Z,daily,0.223,bc,µg/m³
35996,2023-07-31T22:00:00Z,2023-08-01T22:00:00Z,daily,0.227,bc,µg/m³
35996,2023-08-01T22:00:00Z,2023-08-02T22:00:00Z,daily,0.257,bc,µg/m³
35996,2023-08-02T22:00:00Z,2023-08-03T22:00:00Z,daily,0.228,bc,µg/m³
35996,2023-08-03T22:00:00Z,2023-08-04T22:00:00Z,daily,0.23,bc,µg/m³
35996,2023-08-04T22:00:00Z,2023-08-05T22:00:00Z,daily,0.222,bc,µg/m³
35996,2023-08-05T22:00:00Z,2023-08-06T22:00:00Z,daily,0.156,bc,µg/m³
35996,2023-08-06T22:00:00Z,2023-08-07T22:00:00Z,daily,0.161,bc,µg/m³
35996,2023-08-07T22:00:00Z,2023-08-08T22:00:00Z,daily,0.189,bc,µg/m³
35996,2023-08-08T22:00:00Z,2023-08-09T22:00:00Z,daily,0.224,bc,µg/m³
35996,2023-08-09T22:00:00Z,2023-08-10T22:00:00Z,daily,0.324,bc,µg/m³
35996,2023-08-10T22:00:00Z,2023-08-11T22:00:00Z,daily,0.357,bc,µg/m³
35996,2023-08-11T22:00:00Z,2023-08-12T22:00:00Z,daily,0.317,bc,µg/m³
35996,2023-08-12T22:00:00Z,2023-08-13T22:00:00Z,daily,0.202,bc,µg/m³
35996,2023-08-13T22:00:00Z,2023-08-14T22:00:00Z,daily,0.236,bc,µg/m³
35996,2023-08-14T22:00:00Z,2023-08-15T22:00:00Z,daily,0.198,bc,µg/m³
35996,2023-08-15T22:00:00Z,2023-08-16T22:00:00Z,daily,0.236,bc,µg/m³
35996,2023-08-16T22:00:00Z,2023-08-17T22:00:00Z,daily,0.236,bc,µg/m³
35996,2023-08-17T22:00:00Z,2023-08-18T22:00:00Z,daily,0.159,bc,µg/m³
35996,2023-08-23T22:00:00Z,2023-08-24T22:00:00Z,daily,0.675,bc,µg/m³
35996,2023-08-24T22:00:00Z,2023-08-25T22:00:00Z,daily,0.288,bc,µg/m³
35996,2023-08-25T22:00:00Z,2023-08-26T22:00:00Z,daily,0.217,bc,µg/m³
35996,2023-08-26T22:00:00Z,2023-08-27T22:00:00Z,daily,0.217,bc,µg/m³
35996,2023-08-27T22:00:00Z,2023-08-28T22:00:00Z,daily,0.203,bc,µg/m³
35996,2023-08-28T22:00:00Z,2023-08-29T22:00:00Z,daily,0.203,bc,µg/m³
35996,2023-08-29T22:00:00Z,2023-08-30T22:00:00Z,daily,0.226,bc,µg/m³
35996,2023-08-30T22:00:00Z,2023-08-31T22:00:00Z,daily,0.205,bc,µg/m³
35996,2023-08-31T22:00:00Z,2023-09-01T22:00:00Z,daily,0.233,bc,µg/m³
35996,2023-09-01T22:00:00Z,2023-09-02T22:00:00Z,daily,0.374,bc,µg/m³
35996,2023-09-02T22:00:00Z,2023-09-03T22:00:00Z,daily,0.273,bc,µg/m³
35996,2023-09-03T22:00:00Z,2023-09-04T22:00:00Z,daily,0.253,bc,µg/m³
35996,2023-09-04T22:00:00Z,2023-09-05T22:00:00Z,daily,0.357,bc,µg/m³
35996,2023-09-05T22:00:00Z,2023-09-06T22:00:00Z,daily,0.375,bc,µg/m³
35996,2023-09-06T22:00:00Z,2023-09-07T22:00:00Z,daily,0.391,bc,µg/m³
35996,2023-09-07T22:00:00Z,2023-09-08T22:00:00Z,daily,0.278,bc,µg/m³
35996,2023-09-08T22:00:00Z,2023-09-09T22:00:00Z,daily,0.333,bc,µg/m³
35996,2023-09-09T22:00:00Z,2023-09-10T22:00:00Z,daily,0.172,bc,µg/m³
35996,2023-09-10T22:00:00Z,2023-09-11T22:00:00Z,daily,0.346,bc,µg/m³
35996,2023-09-11T22:00:00Z,2023-09-12T22:00:00Z,daily,0.417,bc,µg/m³
35996,2023-09-12T22:00:00Z,2023-09-13T22:00:00Z,daily,0.295,bc,µg/m³
35996,2023-09-13T22:00:00Z,2023-09-14T22:00:00Z,daily,0.176,bc,µg/m³
35996,2023-09-14T22:00:00Z,2023-09-15T22:00:00Z,daily,0.231,bc,µg/m³
35996,2023-09-15T22:00:00Z,2023-09-16T22:00:00Z,daily,0.257,bc,µg/m³
35996,2023-09-16T22:00:00Z,2023-09-17T22:00:00Z,daily,0.16,bc,µg/m³
35996,2023-09-17T22:00:00Z,2023-09-18T22:00:00Z,daily,0.175,bc,µg/m³
35996,2023-09-18T22:00:00Z,2023-09-19T22:00:00Z,daily,0.188,bc,µg/m³
35996,2023-09-19T22:00:00Z,2023-09-20T22:00:00Z,daily,0.425,bc,µg/m³
35996,2023-09-20T22:00:00Z,2023-09-21T22:00:00Z,daily,0.442,bc,µg/m³
35996,2023-09-21T22:00:00Z,2023-09-22T22:00:00Z,daily,0.337,bc,µg/m³
35996,2023-09-22T22:00:00Z,2023-09-23T22:00:00Z,daily,0.426,bc,µg/m³
35996,2023-09-23T22:00:00Z,2023-09-24T22:00:00Z,daily,0.4,bc,µg/m³
35996,2023-09-24T22:00:00Z,2023-09-25T22:00:00Z,daily,0.287,bc,µg/m³
35996,2023-09-25T22:00:00Z,2023-09-26T22:00:00Z,daily,0.406,bc,µg/m³
35996,2023-09-26T22:00:00Z,2023-09-27T22:00:00Z,daily,0.484,bc,µg/m³
35996,2023-09-27T22:00:00Z,2023-09-28T22:00:00Z,daily,0.441,bc,µg/m³
35996,2023-09-28T22:00:00Z,2023-09-29T22:00:00Z,daily,0.592,bc,µg/m³
35996,2023-09-29T22:00:00Z,2023-09-30T22:00:00Z,daily,0.6,bc,µg/m³
35996,2023-09-30T22:00:00Z,2023-10-01T22:00:00Z,daily,0.6,bc,µg/m³
35996,2023-10-01T22:00:00Z,2023-10-02T22:00:00Z,daily,0.6,bc,µg/m³
35996,2023-10-02T22:00:00Z,2023-10-03T22:00:00Z,daily,0.483,bc,µg/m³
35996,2023-10-03T22:00:00Z,2023-10-04T22:00:00Z,daily,0.341,bc,µg/m³
35996,2023-10-04T22:00:00Z,2023-10-05T22:00:00Z,daily,0.435,bc,µg/m³
35996,2023-10-05T22:00:00Z,2023-10-06T22:00:00Z,daily,0.425,bc,µg/m³
35996,2023-10-06T22:00:00Z,2023-10-07T22:00:00Z,daily,0.319,bc,µg/m³
35996,2023-10-07T22:00:00Z,2023-10-08T22:00:00Z,daily,0.294,bc,µg/m³
35996,2023-10-08T22:00:00Z,2023-10-09T22:00:00Z,daily,0.531,bc,µg/m³
35996,2023-10-09T22:00:00Z,2023-10-10T22:00:00Z,daily,0.615,bc,µg/m³
35996,2023-10-10T22:00:00Z,2023-10-11T22:00:00Z,daily,0.542,bc,µg/m³
35996,2023-10-11T22:00:00Z,2023-10-12T22:00:00Z,daily,0.355,bc,µg/m³
35996,2023-10-12T22:00:00Z,2023-10-13T22:00:00Z,daily,0.48,bc,µg/m³
35996,2023-10-13T22:00:00Z,2023-10-14T22:00:00Z,daily,0.311,bc,µg/m³
35996,2023-10-14T22:00:00Z,2023-10-15T22:00:00Z,daily,0.3,bc,µg/m³
35996,2023-10-15T22:00:00Z,2023-10-16T22:00:00Z,daily,0.3,bc,µg/m³
35996,2023-10-25T22:00:00Z,2023-10-26T22:00:00Z,daily,0.4,bc,µg/m³
35996,2023-10-26T22:00:00Z,2023-10-27T22:00:00Z,daily,0.363,bc,µg/m³
35996,2023-10-27T22:00:00Z,2023-10-28T22:00:00Z,daily,0.43,bc,µg/m³
35996,2023-10-28T22:00:00Z,2023-10-29T23:00:00Z,daily,0.518,bc,µg/m³
35996,2023-10-29T23:00:00Z,2023-10-30T23:00:00Z,daily,0.431,bc,µg/m³
35996,2023-10-30T23:00:00Z,2023-10-31T23:00:00Z,daily,0.363,bc,µg/m³
35996,2023-10-31T23:00:00Z,2023-11-01T23:00:00Z,daily,0.183,bc,µg/m³
35996,2023-11-01T23:00:00Z,2023-11-02T23:00:00Z,daily,0.473,bc,µg/m³
35996,2023-11-02T23:00:00Z,2023-11-03T23:00:00Z,daily,0.208,bc,µg/m³
35996,2023-11-03T23:00:00Z,2023-11-04T23:00:00Z,daily,0.278,bc,µg/m³
35996,2023-11-04T23:00:00Z,2023-11-05T23:00:00Z,daily,0.517,bc,µg/m³
35996,2023-11-05T23:00:00Z,2023-11-06T23:00:00Z,daily,0.222,bc,µg/m³
35996,2023-11-06T23:00:00Z,2023-11-07T23:00:00Z,daily,0.375,bc,µg/m³
35996,2023-11-07T23:00:00Z,2023-11-08T23:00:00Z,daily,0.478,bc,µg/m³
35996,2023-11-08T23:00:00Z,2023-11-09T23:00:00Z,daily,0.34,bc,µg/m³
35996,2023-11-09T23:00:00Z,2023-11-10T23:00:00Z,daily,0.386,bc,µg/m³
35996,2023-11-10T23:00:00Z,2023-11-11T23:00:00Z,daily,0.44,bc,µg/m³
35996,2023-11-11T23:00:00Z,2023-11-12T23:00:00Z,daily,0.4,bc,µg/m³
35996,2023-11-12T23:00:00Z,2023-11-13T23:00:00Z,daily,0.34,bc,µg/m³
35996,2023-11-13T23:00:00Z,2023-11-14T23:00:00Z,daily,0.354,bc,µg/m³
35996,2023-11-14T23:00:00Z,2023-11-15T23:00:00Z,daily,0.227,bc,µg/m³
35996,2023-11-15T23:00:00Z,2023-11-16T23:00:00Z,daily,0.425,bc,µg/m³
35996,2023-11-16T23:00:00Z,2023-11-17T23:00:00Z,daily,0.313,bc,µg/m³
35996,2023-11-17T23:00:00Z,2023-11-18T23:00:00Z,daily,0.325,bc,µg/m³
35996,2023-11-18T23:00:00Z,2023-11-19T23:00:00Z,daily,0.458,bc,µg/m³
35996,2023-11-19T23:00:00Z,2023-11-20T23:00:00Z,daily,0.467,bc,µg/m³
35996,2023-11-20T23:00:00Z,2023-11-21T23:00:00Z,daily,0.36,bc,µg/m³
35996,2023-11-21T23:00:00Z,2023-11-22T23:00:00Z,daily,0.378,bc,µg/m³
35996,2023-11-22T23:00:00Z,2023-11-23T23:00:00Z,daily,0.389,bc,µg/m³
35996,2023-11-23T23:00:00Z,2023-11-24T23:00:00Z,daily,0.183,bc,µg/m³
35996,2023-11-24T23:00:00Z,2023-11-25T23:00:00Z,daily,0.28,bc,µg/m³
35996,2023-11-25T23:00:00Z,2023-11-26T23:00:00Z,daily,0.25,bc,µg/m³
35996,2023-11-26T23:00:00Z,2023-11-27T23:00:00Z,daily,0.317,bc,µg/m³
35996,2023-11-27T23:00:00Z,2023-11-28T23:00:00Z,daily,0.563,bc,µg/m³
35996,2023-11-28T23:00:00Z,2023-11-29T23:00:00Z,daily,0.518,bc,µg/m³
35996,2023-11-29T23:00:00Z,2023-11-30T23:00:00Z,daily,0.771,bc,µg/m³
35996,2023-11-30T23:00:00Z,2023-12-01T23:00:00Z,daily,0.957,bc,µg/m³
35996,2023-12-01T23:00:00Z,2023-12-02T23:00:00Z,daily,0.909,bc,µg/m³
35996,2023-12-02T23:00:00Z,2023-12-03T23:00:00Z,daily,0.543,bc,µg/m³
35996,2023-12-03T23:00:00Z,2023-12-04T23:00:00Z,daily,0.5,bc,µg/m³
35996,2023-12-04T23:00:00Z,2023-12-05T23:00:00Z,daily,0.8,bc,µg/m³
35996,2023-12-05T23:00:00Z,2023-12-06T23:00:00Z,daily,3.1,bc,µg/m³
35996,2023-12-06T23:00:00Z,2023-12-07T23:00:00Z,daily,2.57,bc,µg/m³
35996,2023-12-07T23:00:00Z,2023-12-08T23:00:00Z,daily,2.2,bc,µg/m³
35996,2023-12-08T23:00:00Z,2023-12-09T23:00:00Z,daily,3.45,bc,µg/m³
35996,2023-12-09T23:00:00Z,2023-12-10T23:00:00Z,daily,3.77,bc,µg/m³
35996,2023-12-10T23:00:00Z,2023-12-11T23:00:00Z,daily,2.94,bc,µg/m³
35996,2023-12-11T23:00:00Z,2023-12-12T23:00:00Z,daily,2.69,bc,µg/m³
35996,2023-12-13T23:00:00Z,2023-12-14T23:00:00Z,daily,2.87,bc,µg/m³
35996,2023-12-14T23:00:00Z,2023-12-15T23:00:00Z,daily,1.58,bc,µg/m³
35996,2023-12-15T23:00:00Z,2023-12-16T23:00:00Z,daily,1.17,bc,µg/m³
35996,2023-12-16T23:00:00Z,2023-12-17T23:00:00Z,daily,0.913,bc,µg/m³
35996,2023-12-17T23:00:00Z,2023-12-18T23:00:00Z,daily,0.944,bc,µg/m³
35996,2023-12-18T23:00:00Z,2023-12-19T23:00:00Z,daily,1.64,bc,µg/m³
35996,2023-12-19T23:00:00Z,2023-12-20T23:00:00Z,daily,1.27,bc,µg/m³
35996,2023-12-20T23:00:00Z,2023-12-21T23:00:00Z,daily,0.85,bc,µg/m³
35996,2023-12-21T23:00:00Z,2023-12-22T23:00:00Z,daily,0.622,bc,µg/m³
35996,2023-12-22T23:00:00Z,2023-12-23T23:00:00Z,daily,0.5,bc,µg/m³
35996,2023-12-23T23:00:00Z,2023-12-24T23:00:00Z,daily,0.675,bc,µg/m³
35996,2023-12-24T23:00:00Z,2023-12-25T23:00:00Z,daily,0.4,bc,µg/m³
35996,2023-12-25T23:00:00Z,2023-12-26T23:00:00Z,daily,0.663,bc,µg/m³
35996,2023-12-26T23:00:00Z,2023-12-27T23:00:00Z,daily,0.98,bc,µg/m³
35996,2023-12-27T23:00:00Z,2023-12-28T23:00:00Z,daily,2.0,bc,µg/m³
35996,2023-12-28T23:00:00Z,2023-12-29T23:00:00Z,daily,1.26,bc,µg/m³
35996,2023-12-29T23:00:00Z,2023-12-30T23:00:00Z,daily,0.67,bc,µg/m³
36156,2022-12-31T23:00:00Z,2023-01-01T23:00:00Z,daily,509.0,co,µg/m³
36156,2023-01-01T23:00:00Z,2023-01-02T23:00:00Z,daily,888.0,co,µg/m³
36156,2023-01-02T23:00:00Z,2023-01-03T23:00:00Z,daily,609.0,co,µg/m³
36156,2023-01-03T23:00:00Z,2023-01-04T23:00:00Z,daily,722.0,co,µg/m³
36156,2023-01-04T23:00:00Z,2023-01-05T23:00:00Z,daily,507.0,co,µg/m³
36156,2023-01-05T23:00:00Z,2023-01-06T23:00:00Z,daily,510.0,co,µg/m³
36156,2023-01-06T23:00:00Z,2023-01-07T23:00:00Z,daily,754.0,co,µg/m³
36156,2023-01-07T23:00:00Z,2023-01-08T23:00:00Z,daily,480.0,co,µg/m³
36156,2023-01-08T23:00:00Z,2023-01-09T23:00:00Z,daily,634.0,co,µg/m³
36156,2023-01-09T23:00:00Z,2023-01-10T23:00:00Z,daily,806.0,co,µg/m³
36156,2023-01-10T23:00:00Z,2023-01-11T23:00:00Z,daily,600.0,co,µg/m³
36156,2023-01-15T23:00:00Z,2023-01-16T23:00:00Z,daily,472.0,co,µg/m³
36156,2023-01-16T23:00:00Z,2023-01-17T23:00:00Z,daily,795.0,co,µg/m³
36156,2023-01-17T23:00:00Z,2023-01-18T23:00:00Z,daily,646.0,co,µg/m³
36156,2023-01-18T23:00:00Z,2023-01-19T23:00:00Z,daily,625.0,co,µg/m³
36156,2023-01-19T23:00:00Z,2023-01-20T23:00:00Z,daily,585.0,co,µg/m³
36156,2023-01-20T23:00:00Z,2023-01-21T23:00:00Z,daily,429.0,co,µg/m³
36156,2023-01-21T23:00:00Z,2023-01-22T23:00:00Z,daily,510.0,co,µg/m³
36156,2023-01-22T23:00:00Z,2023-01-23T23:00:00Z,daily,535.0,co,µg/m³
36156,2023-01-23T23:00:00Z,2023-01-24T23:00:00Z,daily,715.0,co,µg/m³
36156,2023-01-24T23:00:00Z,2023-01-25T23:00:00Z,daily,741.0,co,µg/m³
36156,2023-01-25T23:00:00Z,2023-01-26T23:00:00Z,daily,761.0,co,µg/m³
36156,2023-01-26T23:00:00Z,2023-01-27T23:00:00Z,daily,656.0,co,µg/m³
36156,2023-01-27T23:00:00Z,2023-01-28T23:00:00Z,daily,656.0,co,µg/m³
36156,2023-01-28T23:00:00Z,2023-01-29T23:00:00Z,daily,503.0,co,µg/m³
36156,2023-01-29T23:00:00Z,2023-01-30T23:00:00Z,daily,535.0,co,µg/m³
36156,2023-01-30T23:00:00Z,2023-01-31T23:00:00Z,daily,528.0,co,µg/m³
36156,2023-01-31T23:00:00Z,2023-02-01T23:00:00Z,daily,491.0,co,µg/m³
36156,2023-02-01T23:00:00Z,2023-02-02T23:00:00Z,daily,477.0,co,µg/m³
36156,2023-02-13T23:00:00Z,2023-02-14T23:00:00Z,daily,679.0,co,µg/m³
36156,2023-02-14T23:00:00Z,2023-02-15T23:00:00Z,daily,804.0,co,µg/m³
36156,2023-02-15T23:00:00Z,2023-02-16T23:00:00Z,daily,898.0,co,µg/m³
36156,2023-03-18T23:00:00Z,2023-03-19T23:00:00Z,daily,943.0,co,µg/m³
36156,2023-03-19T23:00:00Z,2023-03-20T23:00:00Z,daily,870.0,co,µg/m³
36156,2023-03-20T23:00:00Z,2023-03-21T23:00:00Z,daily,770.0,co,µg/m³
36156,2023-03-21T23:00:00Z,2023-03-22T23:00:00Z,daily,770.0,co,µg/m³
36156,2023-03-22T23:00:00Z,2023-03-23T23:00:00Z,daily,596.0,co,µg/m³
36156,2023-03-23T23:00:00Z,2023-03-24T23:00:00Z,daily,645.0,co,µg/m³
36156,2023-03-24T23:00:00Z,2023-03-26T22:00:00Z,daily,523.0,co,µg/m³
36156,2023-03-25T23:00:00Z,2023-03-26T22:00:00Z,daily,506.0,co,µg/m³
36156,2023-03-26T22:00:00Z,2023-03-27T22:00:00Z,daily,585.0,co,µg/m³
36156,2023-03-27T22:00:00Z,2023-03-28T22:00:00Z,daily,600.0,co,µg/m³
36156,2023-03-28T22:00:00Z,2023-03-29T22:00:00Z,daily,623.0,co,µg/m³
36156,2023-03-29T22:00:00Z,2023-03-30T22:00:00Z,daily,703.0,co,µg/m³
36156,2023-03-30T22:00:00Z,2023-03-31T22:00:00Z,daily,655.0,co,µg/m³
36156,2023-03-31T22:00:00Z,2023-04-01T22:00:00Z,daily,646.0,co,µg/m³
36156,2023-04-01T22:00:00Z,2023-04-02T22:00:00Z,daily,540.0,co,µg/m³
36156,2023-04-02T22:00:00Z,2023-04-03T22:00:00Z,daily,484.0,co,µg/m³
36156,2023-04-03T22:00:00Z,2023-04-04T22:00:00Z,daily,641.0,co,µg/m³
36156,2023-04-04T22:00:00Z,2023-04-05T22:00:00Z,daily,724.0,co,µg/m³
36156,2023-04-05T22:00:00Z,2023-04-06T22:00:00Z,daily,695.0,co,µg/m³
36156,2023-04-06T22:00:00Z,2023-04-07T22:00:00Z,daily,530.0,co,µg/m³
36156,2023-04-07T22:00:00Z,2023-04-08T22:00:00Z,daily,537.0,co,µg/m³
36156,2023-04-08T22:00:00Z,2023-04-09T22:00:00Z,daily,625.0,co,µg/m³
36156,2023-04-09T22:00:00Z,2023-04-10T22:00:00Z,daily,599.0,co,µg/m³
36156,2023-04-10T22:00:00Z,2023-04-11T22:00:00Z,daily,665.0,co,µg/m³
36156,2023-04-11T22:00:00Z,2023-04-12T22:00:00Z,daily,790.0,co,µg/m³
36156,2023-04-12T22:00:00Z,2023-04-13T22:00:00Z,daily,972.0,co,µg/m³
36156,2023-04-13T22:00:00Z,2023-04-14T22:00:00Z,daily,214.0,co,µg/m³
36156,2023-04-14T22:00:00Z,2023-04-15T22:00:00Z,daily,225.0,co,µg/m³
36156,2023-04-15T22:00:00Z,2023-04-16T22:00:00Z,daily,286.0,co,µg/m³
36156,2023-04-16T22:00:00Z,2023-04-17T22:00:00Z,daily,247.0,co,µg/m³
36156,2023-04-17T22:00:00Z,2023-04-18T22:00:00Z,daily,166.0,co,µg/m³
36156,2023-04-18T22:00:00Z,2023-04-19T22:00:00Z,daily,392.0,co,µg/m³
36156,2023-04-19T22:00:00Z,2023-04-20T22:00:00Z,daily,308.0,co,µg/m³
36156,2023-04-20T22:00:00Z,2023-04-21T22:00:00Z,daily,364.0,co,µg/m³
36156,2023-04-21T22:00:00Z,2023-04-22T22:00:00Z,daily,467.0,co,µg/m³
36156,2023-04-22T22:00:00Z,2023-04-23T22:00:00Z,daily,388.0,co,µg/m³
36156,2023-04-23T22:00:00Z,2023-04-24T22:00:00Z,daily,432.0,co,µg/m³
36156,2023-04-25T22:00:00Z,2023-04-26T22:00:00Z,daily,408.0,co,µg/m³
36156,2023-04-26T22:00:00Z,2023-04-27T22:00:00Z,daily,420.0,co,µg/m³
36156,2023-04-27T22:00:00Z,2023-04-28T22:00:00Z,daily,388.0,co,µg/m³
36156,2023-04-28T22:00:00Z,2023-04-29T22:00:00Z,daily,280.0,co,µg/m³
36156,2023-04-29T22:00:00Z,2023-04-30T22:00:00Z,daily,325.0,co,µg/m³
36156,2023-04-30T22:00:00Z,2023-05-01T22:00:00Z,daily,222.0,co,µg/m³
36156,2023-05-01T22:00:00Z,2023-05-02T22:00:00Z,daily,314.0,co,µg/m³
36156,2023-05-02T22:00:00Z,2023-05-03T22:00:00Z,daily,283.0,co,µg/m³
36156,2023-05-03T22:00:00Z,2023-05-04T22:00:00Z,daily,361.0,co,µg/m³
36156,2023-05-04T22:00:00Z,2023-05-05T22:00:00Z,daily,268.0,co,µg/m³
36156,2023-05-09T22:00:00Z,2023-05-10T22:00:00Z,daily,263.0,co,µg/m³
36156,2023-05-10T22:00:00Z,2023-05-11T22:00:00Z,daily,239.0,co,µg/m³
36156,2023-05-11T22:00:00Z,2023-05-12T22:00:00Z,daily,297.0,co,µg/m³
36156,2023-05-12T22:00:00Z,2023-05-13T22:00:00Z,daily,460.0,co,µg/m³
36156,2023-05-13T22:00:00Z,2023-05-14T22:00:00Z,daily,538.0,co,µg/m³
36156,2023-05-15T22:00:00Z,2023-05-16T22:00:00Z,daily,506.0,co,µg/m³
36156,2023-05-16T22:00:00Z,2023-05-17T22:00:00Z,daily,567.0,co,µg/m³
36156,2023-05-17T22:00:00Z,2023-05-18T22:00:00Z,daily,315.0,co,µg/m³
36156,2023-05-18T22:00:00Z,2023-05-19T22:00:00Z,daily,349.0,co,µg/m³
36156,2023-05-19T22:00:00Z,2023-05-20T22:00:00Z,daily,305.0,co,µg/m³
36156,2023-05-20T22:00:00Z,2023-05-21T22:00:00Z,daily,346.0,co,µg/m³
36156,2023-05-21T22:00:00Z,2023-05-22T22:00:00Z,daily,500.0,co,µg/m³
36156,2023-05-22T22:00:00Z,2023-05-23T22:00:00Z,daily,747.0,co,µg/m³
36156,2023-05-23T22:00:00Z,2023-05-24T22:00:00Z,daily,491.0,co,µg/m³
36156,2023-05-24T22:00:00Z,2023-05-25T22:00:00Z,daily,526.0,co,µg/m³
36156,2023-05-25T22:00:00Z,2023-05-26T22:00:00Z,daily,483.0,co,µg/m³
36156,2023-05-27T22:00:00Z,2023-05-28T22:00:00Z,daily,278.0,co,µg/m³
36156,2023-05-28T22:00:00Z,2023-05-29T22:00:00Z,daily,689.0,co,µg/m³
36156,2023-05-29T22:00:00Z,2023-05-30T22:00:00Z,daily,472.0,co,µg/m³
36156,2023-05-30T22:00:00Z,2023-05-31T22:00:00Z,daily,668.0,co,µg/m³
36156,2023-05-31T22:00:00Z,2023-06-01T22:00:00Z,daily,487.0,co,µg/m³
36156,2023-06-01T22:00:00Z,2023-06-02T22:00:00Z,daily,404.0,co,µg/m³
36156,2023-06-02T22:00:00Z,2023-06-03T22:00:00Z,daily,365.0,co,µg/m³
36156,2023-06-03T22:00:00Z,2023-06-04T22:00:00Z,daily,380.0,co,µg/m³
36156,2023-06-04T22:00:00Z,2023-06-05T22:00:00Z,daily,406.0,co,µg/m³
36156,2023-06-05T22:00:00Z,2023-06-06T22:00:00Z,daily,539.0,co,µg/m³
36156,2023-06-06T22:00:00Z,2023-06-07T22:00:00Z,daily,395.0,co,µg/m³
36156,2023-06-07T22:00:00Z,2023-06-08T22:00:00Z,daily,307.0,co,µg/m³
36156,2023-06-08T22:00:00Z,2023-06-09T22:00:00Z,daily,332.0,co,µg/m³
36156,2023-06-09T22:00:00Z,2023-06-10T22:00:00Z,daily,298.0,co,µg/m³
36156,2023-06-10T22:00:00Z,2023-06-11T22:00:00Z,daily,276.0,co,µg/m³
36156,2023-06-11T22:00:00Z,2023-06-12T22:00:00Z,daily,285.0,co,µg/m³
36156,2023-06-12T22:00:00Z,2023-06-13T22:00:00Z,daily,314.0,co,µg/m³
36156,2023-06-13T22:00:00Z,2023-06-14T22:00:00Z,daily,282.0,co,µg/m³
36156,2023-06-14T22:00:00Z,2023-06-15T22:00:00Z,daily,467.0,co,µg/m³
36156,2023-06-15T22:00:00Z,2023-06-16T22:00:00Z,daily,695.0,co,µg/m³
36156,2023-06-16T22:00:00Z,2023-06-17T22:00:00Z,daily,386.0,co,µg/m³
36156,2023-06-17T22:00:00Z,2023-06-18T22:00:00Z,daily,477.0,co,µg/m³
36156,2023-06-18T22:00:00Z,2023-06-19T22:00:00Z,daily,567.0,co,µg/m³
36156,2023-06-19T22:00:00Z,2023-06-20T22:00:00Z,daily,559.0,co,µg/m³
36156,2023-06-20T22:00:00Z,2023-06-21T22:00:00Z,daily,491.0,co,µg/m³
36156,2023-06-21T22:00:00Z,2023-06-22T22:00:00Z,daily,536.0,co,µg/m³
36156,2023-06-23T22:00:00Z,2023-06-24T22:00:00Z,daily,431.0,co,µg/m³
36156,2023-06-24T22:00:00Z,2023-06-25T22:00:00Z,daily,857.0,co,µg/m³
36156,2023-06-25T22:00:00Z,2023-06-26T22:00:00Z,daily,620.0,co,µg/m³
36156,2023-06-26T22:00:00Z,2023-06-27T22:00:00Z,daily,344.0,co,µg/m³
36156,2023-06-27T22:00:00Z,2023-06-28T22:00:00Z,daily,132.0,co,µg/m³
36156,2023-06-28T22:00:00Z,2023-06-29T22:00:00Z,daily,492.0,co,µg/m³
36156,2023-06-29T22:00:00Z,2023-06-30T22:00:00Z,daily,484.0,co,µg/m³
36156,2023-06-30T22:00:00Z,2023-07-01T22:00:00Z,daily,440.0,co,µg/m³
36156,2023-07-01T22:00:00Z,2023-07-02T22:00:00Z,daily,319.0,co,µg/m³
36156,2023-07-02T22:00:00Z,2023-07-03T22:00:00Z,daily,369.0,co,µg/m³
36156,2023-07-03T22:00:00Z,2023-07-04T22:00:00Z,daily,472.0,co,µg/m³
36156,2023-07-04T22:00:00Z,2023-07-05T22:00:00Z,daily,363.0,co,µg/m³
36156,2023-07-05T22:00:00Z,2023-07-06T22:00:00Z,daily,590.0,co,µg/m³
36156,2023-07-06T22:00:00Z,2023-07-07T22:00:00Z,daily,1010.0,co,µg/m³
36156,2023-07-07T22:00:00Z,2023-07-08T22:00:00Z,daily,531.0,co,µg/m³
36156,2023-07-08T22:00:00Z,2023-07-09T22:00:00Z,daily,308.0,co,µg/m³
36156,2023-07-09T22:00:00Z,2023-07-10T22:00:00Z,daily,446.0,co,µg/m³
36156,2023-07-10T22:00:00Z,2023-07-11T22:00:00Z,daily,602.0,co,µg/m³
36156,2023-07-11T22:00:00Z,2023-07-12T22:00:00Z,daily,528.0,co,µg/m³
36156,2023-07-12T22:00:00Z,2023-07-13T22:00:00Z,daily,463.0,co,µg/m³
36156,2023-07-16T22:00:00Z,2023-07-17T22:00:00Z,daily,489.0,co,µg/m³
36156,2023-07-17T22:00:00Z,2023-07-18T22:00:00Z,daily,410.0,co,µg/m³
36156,2023-07-18T22:00:00Z,2023-07-19T22:00:00Z,daily,516.0,co,µg/m³
36156,2023-07-19T22:00:00Z,2023-07-20T22:00:00Z,daily,481.0,co,µg/m³
36156,2023-07-20T22:00:00Z,2023-07-21T22:00:00Z,daily,449.0,co,µg/m³
36156,2023-07-21T22:00:00Z,2023-07-22T22:00:00Z,daily,368.0,co,µg/m³
36156,2023-07-22T22:00:00Z,2023-07-23T22:00:00Z,daily,533.0,co,µg/m³
36156,2023-07-23T22:00:00Z,2023-07-24T22:00:00Z,daily,421.0,co,µg/m³
36156,2023-07-24T22:00:00Z,2023-07-25T22:00:00Z,daily,411.0,co,µg/m³
36156,2023-07-25T22:00:00Z,2023-07-26T22:00:00Z,daily,400.0,co,µg/m³
36156,2023-07-26T22:00:00Z,2023-07-27T22:00:00Z,daily,401.0,co,µg/m³
36156,2023-07-27T22:00:00Z,2023-07-28T22:00:00Z,daily,562.0,co,µg/m³
36156,2023-07-28T22:00:00Z,2023-07-29T22:00:00Z,daily,456.0,co,µg/m³
36156,2023-07-29T22:00:00Z,2023-07-30T22:00:00Z,daily,407.0,co,µg/m³
36156,2023-07-30T22:00:00Z,2023-07-31T22:00:00Z,daily,438.0,co,µg/m³
36156,2023-07-31T22:00:00Z,2023-08-01T22:00:00Z,daily,478.0,co,µg/m³
36156,2023-08-01T22:00:00Z,2023-08-02T22:00:00Z,daily,514.0,co,µg/m³
36156,2023-08-02T22:00:00Z,2023-08-03T22:00:00Z,daily,462.0,co,µg/m³
36156,2023-08-03T22:00:00Z,2023-08-04T22:00:00Z,daily,504.0,co,µg/m³
36156,2023-08-04T22:00:00Z,2023-08-05T22:00:00Z,daily,494.0,co,µg/m³
36156,2023-08-05T22:00:00Z,2023-08-06T22:00:00Z,daily,356.0,co,µg/m³
36156,2023-08-06T22:00:00Z,2023-08-07T22:00:00Z,daily,363.0,co,µg/m³
36156,2023-08-07T22:00:00Z,2023-08-08T22:00:00Z,daily,343.0,co,µg/m³
36156,2023-08-08T22:00:00Z,2023-08-09T22:00:00Z,daily,489.0,co,µg/m³
36156,2023-08-09T22:00:00Z,2023-08-10T22:00:00Z,daily,605.0,co,µg/m³
36156,2023-08-10T22:00:00Z,2023-08-11T22:00:00Z,daily,606.0,co,µg/m³
36156,2023-08-11T22:00:00Z,2023-08-12T22:00:00Z,daily,661.0,co,µg/m³
36156,2023-08-12T22:00:00Z,2023-08-13T22:00:00Z,daily,341.0,co,µg/m³
36156,2023-08-13T22:00:00Z,2023-08-14T22:00:00Z,daily,431.0,co,µg/m³
36156,2023-08-14T22:00:00Z,2023-08-15T22:00:00Z,daily,322.0,co,µg/m³
36156,2023-08-15T22:00:00Z,2023-08-16T22:00:00Z,daily,427.0,co,µg/m³
36156,2023-08-16T22:00:00Z,2023-08-17T22:00:00Z,daily,407.0,co,µg/m³
36156,2023-08-17T22:00:00Z,2023-08-18T22:00:00Z,daily,247.0,co,µg/m³
36156,2023-08-23T22:00:00Z,2023-08-24T22:00:00Z,daily,1290.0,co,µg/m³
36156,2023-08-24T22:00:00Z,2023-08-25T22:00:00Z,daily,487.0,co,µg/m³
36156,2023-08-25T22:00:00Z,2023-08-26T22:00:00Z,daily,489.0,co,µg/m³
36156,2023-08-26T22:00:00Z,2023-08-27T22:00:00Z,daily,425.0,co,µg/m³
36156,2023-08-27T22:00:00Z,2023-08-28T22:00:00Z,daily,364.0,co,µg/m³
36156,2023-08-28T22:00:00Z,2023-08-29T22:00:00Z,daily,377.0,co,µg/m³
36156,2023-08-29T22:00:00Z,2023-08-30T22:00:00Z,daily,490.0,co,µg/m³
36156,2023-08-30T22:00:00Z,2023-08-31T22:00:00Z,daily,392.0,co,µg/m³
36156,2023-08-31T22:00:00Z,2023-09-01T22:00:00Z,daily,528.0,co,µg/m³
36156,2023-09-01T22:00:00Z,2023-09-02T22:00:00Z,daily,847.0,co,µg/m³
36156,2023-09-02T22:00:00Z,2023-09-03T22:00:00Z,daily,606.0,co,µg/m³
36156,2023-09-03T22:00:00Z,2023-09-04T22:00:00Z,daily,619.0,co,µg/m³
36156,2023-09-04T22:00:00Z,2023-09-05T22:00:00Z,daily,753.0,co,µg/m³
36156,2023-09-05T22:00:00Z,2023-09-06T22:00:00Z,daily,794.0,co,µg/m³
36156,2023-09-06T22:00:00Z,2023-09-07T22:00:00Z,daily,729.0,co,µg/m³
36156,2023-09-07T22:00:00Z,2023-09-08T22:00:00Z,daily,633.0,co,µg/m³
36156,2023-09-08T22:00:00Z,2023-09-09T22:00:00Z,daily,737.0,co,µg/m³
36156,2023-09-09T22:00:00Z,2023-09-10T22:00:00Z,daily,337.0,co,µg/m³
36156,2023-09-10T22:00:00Z,2023-09-11T22:00:00Z,daily,826.0,co,µg/m³
36156,2023-09-11T22:00:00Z,2023-09-12T22:00:00Z,daily,927.0,co,µg/m³
36156,2023-09-12T22:00:00Z,2023-09-13T22:00:00Z,daily,704.0,co,µg/m³
36156,2023-09-13T22:00:00Z,2023-09-14T22:00:00Z,daily,438.0,co,µg/m³
36156,2023-09-14T22:00:00Z,2023-09-15T22:00:00Z,daily,304.0,co,µg/m³
36156,2023-09-15T22:00:00Z,2023-09-16T22:00:00Z,daily,234.0,co,µg/m³
36156,2023-09-16T22:00:00Z,2023-09-17T22:00:00Z,daily,367.0,co,µg/m³
36156,2023-09-17T22:00:00Z,2023-09-18T22:00:00Z,daily,434.0,co,µg/m³
36156,2023-09-18T22:00:00Z,2023-09-19T22:00:00Z,daily,527.0,co,µg/m³
36156,2023-09-19T22:00:00Z,2023-09-20T22:00:00Z,daily,732.0,co,µg/m³
36156,2023-09-20T22:00:00Z,2023-09-21T22:00:00Z,daily,332.0,co,µg/m³
36156,2023-09-21T22:00:00Z,2023-09-22T22:00:00Z,daily,392.0,co,µg/m³
36156,2023-09-22T22:00:00Z,2023-09-23T22:00:00Z,daily,463.0,co,µg/m³
36156,2023-09-23T22:00:00Z,2023-09-24T22:00:00Z,daily,439.0,co,µg/m³
36156,2023-09-24T22:00:00Z,2023-09-25T22:00:00Z,daily,255.0,co,µg/m³
36156,2023-09-25T22:00:00Z,2023-09-26T22:00:00Z,daily,453.0,co,µg/m³
36156,2023-09-26T22:00:00Z,2023-09-27T22:00:00Z,daily,422.0,co,µg/m³
36156,2023-09-27T22:00:00Z,2023-09-28T22:00:00Z,daily,421.0,co,µg/m³
36156,2023-09-28T22:00:00Z,2023-09-29T22:00:00Z,daily,634.0,co,µg/m³
36156,2023-09-29T22:00:00Z,2023-09-30T22:00:00Z,daily,502.0,co,µg/m³
36156,2023-09-30T22:00:00Z,2023-10-01T22:00:00Z,daily,350.0,co,µg/m³
36156,2023-10-01T22:00:00Z,2023-10-02T22:00:00Z,daily,593.0,co,µg/m³
36156,2023-10-02T22:00:00Z,2023-10-03T22:00:00Z,daily,467.0,co,µg/m³
36156,2023-10-03T22:00:00Z,2023-10-04T22:00:00Z,daily,349.0,co,µg/m³
36156,2023-10-04T22:00:00Z,2023-10-05T22:00:00Z,daily,413.0,co,µg/m³
36156,2023-10-05T22:00:00Z,2023-10-06T22:00:00Z,daily,446.0,co,µg/m³
36156,2023-10-06T22:00:00Z,2023-10-07T22:00:00Z,daily,304.0,co,µg/m³
36156,2023-10-07T22:00:00Z,2023-10-08T22:00:00Z,daily,355.0,co,µg/m³
36156,2023-10-08T22:00:00Z,2023-10-09T22:00:00Z,daily,702.0,co,µg/m³
36156,2023-10-09T22:00:00Z,2023-10-10T22:00:00Z,daily,586.0,co,µg/m³
36156,2023-10-10T22:00:00Z,2023-10-11T22:00:00Z,daily,450.0,co,µg/m³
36156,2023-10-11T22:00:00Z,2023-10-12T22:00:00Z,daily,444.0,co,µg/m³
36156,2023-10-12T22:00:00Z,2023-10-13T22:00:00Z,daily,633.0,co,µg/m³
36156,2023-10-13T22:00:00Z,2023-10-14T22:00:00Z,daily,358.0,co,µg/m³
36156,2023-10-14T22:00:00Z,2023-10-15T22:00:00Z,daily,302.0,co,µg/m³
36156,2023-10-15T22:00:00Z,2023-10-16T22:00:00Z,daily,241.0,co,µg/m³
36156,2023-10-25T22:00:00Z,2023-10-26T22:00:00Z,daily,395.0,co,µg/m³
36156,2023-10-26T22:00:00Z,2023-10-27T22:00:00Z,daily,492.0,co,µg/m³
36156,2023-10-27T22:00:00Z,2023-10-28T22:00:00Z,daily,450.0,co,µg/m³
36156,2023-10-28T22:00:00Z,2023-10-29T23:00:00Z,daily,459.0,co,µg/m³
36156,2023-10-29T23:00:00Z,2023-10-30T23:00:00Z,daily,438.0,co,µg/m³
36156,2023-10-30T23:00:00Z,2023-10-31T23:00:00Z,daily,264.0,co,µg/m³
36156,2023-10-31T23:00:00Z,2023-11-01T23:00:00Z,daily,299.0,co,µg/m³
36156,2023-11-01T23:00:00Z,2023-11-02T23:00:00Z,daily,364.0,co,µg/m³
36156,2023-11-02T23:00:00Z,2023-11-03T23:00:00Z,daily,249.0,co,µg/m³
36156,2023-11-03T23:00:00Z,2023-11-04T23:00:00Z,daily,334.0,co,µg/m³
36156,2023-11-04T23:00:00Z,2023-11-05T23:00:00Z,daily,578.0,co,µg/m³
36156,2023-11-05T23:00:00Z,2023-11-06T23:00:00Z,daily,286.0,co,µg/m³
36156,2023-11-06T23:00:00Z,2023-11-07T23:00:00Z,daily,553.0,co,µg/m³
36156,2023-11-07T23:00:00Z,2023-11-08T23:00:00Z,daily,607.0,co,µg/m³
36156,2023-11-08T23:00:00Z,2023-11-09T23:00:00Z,daily,483.0,co,µg/m³
36156,2023-11-09T23:00:00Z,2023-11-10T23:00:00Z,daily,622.0,co,µg/m³
36156,2023-11-10T23:00:00Z,2023-11-11T23:00:00Z,daily,492.0,co,µg/m³
36156,2023-11-11T23:00:00Z,2023-11-12T23:00:00Z,daily,407.0,co,µg/m³
36156,2023-11-12T23:00:00Z,2023-11-13T23:00:00Z,daily,423.0,co,µg/m³
36156,2023-11-13T23:00:00Z,2023-11-14T23:00:00Z,daily,422.0,co,µg/m³
36156,2023-11-14T23:00:00Z,2023-11-15T23:00:00Z,daily,403.0,co,µg/m³
36156,2023-11-15T23:00:00Z,2023-11-16T23:00:00Z,daily,603.0,co,µg/m³
36156,2023-11-16T23:00:00Z,2023-11-17T23:00:00Z,daily,356.0,co,µg/m³
36156,2023-11-17T23:00:00Z,2023-11-18T23:00:00Z,daily,426.0,co,µg/m³
36156,2023-11-18T23:00:00Z,2023-11-19T23:00:00Z,daily,472.0,co,µg/m³
36156,2023-11-19T23:00:00Z,2023-11-20T23:00:00Z,daily,431.0,co,µg/m³
36156,2023-11-20T23:00:00Z,2023-11-21T23:00:00Z,daily,321.0,co,µg/m³
36156,2023-11-21T23:00:00Z,2023-11-22T23:00:00Z,daily,387.0,co,µg/m³
36156,2023-11-22T23:00:00Z,2023-11-23T23:00:00Z,daily,398.0,co,µg/m³
36156,2023-11-23T23:00:00Z,2023-11-24T23:00:00Z,daily,308.0,co,µg/m³
36156,2023-11-24T23:00:00Z,2023-11-25T23:00:00Z,daily,421.0,co,µg/m³
36156,2023-11-25T23:00:00Z,2023-11-26T23:00:00Z,daily,368.0,co,µg/m³
36156,2023-11-26T23:00:00Z,2023-11-27T23:00:00Z,daily,395.0,co,µg/m³
36156,2023-11-27T23:00:00Z,2023-11-28T23:00:00Z,daily,508.0,co,µg/m³
36156,2023-11-28T23:00:00Z,2023-11-29T23:00:00Z,daily,550.0,co,µg/m³
36156,2023-11-29T23:00:00Z,2023-11-30T23:00:00Z,daily,840.0,co,µg/m³
36156,2023-11-30T23:00:00Z,2023-12-01T23:00:00Z,daily,972.0,co,µg/m³
36156,2023-12-01T23:00:00Z,2023-12-02T23:00:00Z,daily,809.0,co,µg/m³
36156,2023-12-02T23:00:00Z,2023-12-03T23:00:00Z,daily,564.0,co,µg/m³
36156,2023-12-03T23:00:00Z,2023-12-04T23:00:00Z,daily,769.0,co,µg/m³
36156,2023-12-04T23:00:00Z,2023-12-05T23:00:00Z,daily,677.0,co,µg/m³
36156,2023-12-05T23:00:00Z,2023-12-06T23:00:00Z,daily,554.0,co,µg/m³
36156,2023-12-06T23:00:00Z,2023-12-07T23:00:00Z,daily,568.0,co,µg/m³
36156,2023-12-07T23:00:00Z,2023-12-08T23:00:00Z,daily,523.0,co,µg/m³
36156,2023-12-08T23:00:00Z,2023-12-09T23:00:00Z,daily,769.0,co,µg/m³
36156,2023-12-09T23:00:00Z,2023-12-10T23:00:00Z,daily,694.0,co,µg/m³
36156,2023-12-10T23:00:00Z,2023-12-11T23:00:00Z,daily,735.0,co,µg/m³
36156,2023-12-11T23:00:00Z,2023-12-12T23:00:00Z,daily,891.0,co,µg/m³
36156,2023-12-13T23:00:00Z,2023-12-14T23:00:00Z,daily,652.0,co,µg/m³
36156,2023-12-14T23:00:00Z,2023-12-15T23:00:00Z,daily,591.0,co,µg/m³
36156,2023-12-15T23:00:00Z,2023-12-16T23:00:00Z,daily,549.0,co,µg/m³
36156,2023-12-16T23:00:00Z,2023-12-17T23:00:00Z,daily,467.0,co,µg/m³
36156,2023-12-17T23:00:00Z,2023-12-18T23:00:00Z,daily,469.0,co,µg/m³
36156,2023-12-18T23:00:00Z,2023-12-19T23:00:00Z,daily,696.0,co,µg/m³
36156,2023-12-19T23:00:00Z,2023-12-20T23:00:00Z,daily,680.0,co,µg/m³
36156,2023-12-20T23:00:00Z,2023-12-21T23:00:00Z,daily,603.0,co,µg/m³
36156,2023-12-21T23:00:00Z,2023-12-22T23:00:00Z,daily,470.0,co,µg/m³
36156,2023-12-22T23:00:00Z,2023-12-23T23:00:00Z,daily,431.0,co,µg/m³
36156,2023-12-23T23:00:00Z,2023-12-24T23:00:00Z,daily,443.0,co,µg/m³
36156,2023-12-24T23:00:00Z,2023-12-25T23:00:00Z,daily,382.0,co,µg/m³
36156,2023-12-25T23:00:00Z,2023-12-26T23:00:00Z,daily,468.0,co,µg/m³
36156,2023-12-26T23:00:00Z,2023-12-27T23:00:00Z,daily,577.0,co,µg/m³
36156,2023-12-27T23:00:00Z,2023-12-28T23:00:00Z,daily,649.0,co,µg/m³
36156,2023-12-28T23:00:00Z,2023-12-29T23:00:00Z,daily,623.0,co,µg/m³
36156,2023-12-29T23:00:00Z,2023-12-30T23:00:00Z,daily,506.0,co,µg/m³
36160,2022-12-31T23:00:00Z,2023-01-01T23:00:00Z,daily,19.3,no2,µg/m³
36160,2023-01-01T23:00:00Z,2023-01-02T23:00:00Z,daily,42.6,no2,µg/m³
36160,2023-01-02T23:00:00Z,2023-01-03T23:00:00Z,daily,36.1,no2,µg/m³
36160,2023-01-03T23:00:00Z,2023-01-04T23:00:00Z,daily,41.4,no2,µg/m³
36160,2023-01-04T23:00:00Z,2023-01-05T23:00:00Z,daily,22.3,no2,µg/m³
36160,2023-01-05T23:00:00Z,2023-01-06T23:00:00Z,daily,25.7,no2,µg/m³
36160,2023-01-06T23:00:00Z,2023-01-07T23:00:00Z,daily,41.4,no2,µg/m³
36160,2023-01-07T23:00:00Z,2023-01-08T23:00:00Z,daily,14.5,no2,µg/m³
36160,2023-01-08T23:00:00Z,2023-01-09T23:00:00Z,daily,29.4,no2,µg/m³
36160,2023-01-09T23:00:00Z,2023-01-10T23:00:00Z,daily,41.9,no2,µg/m³
36160,2023-01-10T23:00:00Z,2023-01-11T23:00:00Z,daily,37.5,no2,µg/m³
36160,2023-01-15T23:00:00Z,2023-01-16T23:00:00Z,daily,14.6,no2,µg/m³
36160,2023-01-16T23:00:00Z,2023-01-17T23:00:00Z,daily,43.0,no2,µg/m³
36160,2023-01-17T23:00:00Z,2023-01-18T23:00:00Z,daily,35.0,no2,µg/m³
36160,2023-01-18T23:00:00Z,2023-01-19T23:00:00Z,daily,37.6,no2,µg/m³
36160,2023-01-19T23:00:00Z,2023-01-20T23:00:00Z,daily,33.8,no2,µg/m³
36160,2023-01-20T23:00:00Z,2023-01-21T23:00:00Z,daily,17.0,no2,µg/m³
36160,2023-01-21T23:00:00Z,2023-01-22T23:00:00Z,daily,17.8,no2,µg/m³
36160,2023-01-22T23:00:00Z,2023-01-23T23:00:00Z,daily,23.8,no2,µg/m³
36160,2023-01-23T23:00:00Z,2023-01-24T23:00:00Z,daily,27.0,no2,µg/m³
36160,2023-01-24T23:00:00Z,2023-01-25T23:00:00Z,daily,46.7,no2,µg/m³
36160,2023-01-25T23:00:00Z,2023-01-26T23:00:00Z,daily,48.4,no2,µg/m³
36160,2023-01-26T23:00:00Z,2023-01-27T23:00:00Z,daily,36.8,no2,µg/m³
36160,2023-01-27T23:00:00Z,2023-01-28T23:00:00Z,daily,32.5,no2,µg/m³
36160,2023-01-28T23:00:00Z,2023-01-29T23:00:00Z,daily,24.3,no2,µg/m³
36160,2023-01-29T23:00:00Z,2023-01-30T23:00:00Z,daily,29.2,no2,µg/m³
36160,2023-01-30T23:00:00Z,2023-01-31T23:00:00Z,daily,30.6,no2,µg/m³
36160,2023-01-31T23:00:00Z,2023-02-01T23:00:00Z,daily,25.9,no2,µg/m³
36160,2023-02-01T23:00:00Z,2023-02-02T23:00:00Z,daily,20.2,no2,µg/m³
36160,2023-02-13T23:00:00Z,2023-02-14T23:00:00Z,daily,37.4,no2,µg/m³
36160,2023-02-14T23:00:00Z,2023-02-15T23:00:00Z,daily,49.5,no2,µg/m³
36160,2023-02-15T23:00:00Z,2023-02-16T23:00:00Z,daily,40.7,no2,µg/m³
36160,2023-03-18T23:00:00Z,2023-03-19T23:00:00Z,daily,65.8,no2,µg/m³
36160,2023-03-19T23:00:00Z,2023-03-20T23:00:00Z,daily,72.2,no2,µg/m³
36160,2023-03-20T23:00:00Z,2023-03-21T23:00:00Z,daily,56.9,no2,µg/m³
36160,2023-03-21T23:00:00Z,2023-03-22T23:00:00Z,daily,55.4,no2,µg/m³
36160,2023-03-22T23:00:00Z,2023-03-23T23:00:00Z,daily,41.5,no2,µg/m³
36160,2023-03-23T23:00:00Z,2023-03-24T23:00:00Z,daily,58.6,no2,µg/m³
36160,2023-03-24T23:00:00Z,2023-03-26T22:00:00Z,daily,42.5,no2,µg/m³
36160,2023-03-25T23:00:00Z,2023-03-26T22:00:00Z,daily,33.6,no2,µg/m³
36160,2023-03-26T22:00:00Z,2023-03-27T22:00:00Z,daily,44.0,no2,µg/m³
36160,2023-03-27T22:00:00Z,2023-03-28T22:00:00Z,daily,46.7,no2,µg/m³
36160,2023-03-28T22:00:00Z,2023-03-29T22:00:00Z,daily,49.2,no2,µg/m³
36160,2023-03-29T22:00:00Z,2023-03-30T22:00:00Z,daily,52.2,no2,µg/m³
36160,2023-03-30T22:00:00Z,2023-03-31T22:00:00Z,daily,52.0,no2,µg/m³
36160,2023-03-31T22:00:00Z,2023-04-01T22:00:00Z,daily,44.5,no2,µg/m³
36160,2023-04-01T22:00:00Z,2023-04-02T22:00:00Z,daily,27.9,no2,µg/m³
36160,2023-04-02T22:00:00Z,2023-04-03T22:00:00Z,daily,26.1,no2,µg/m³
36160,2023-04-03T22:00:00Z,2023-04-04T22:00:00Z,daily,45.4,no2,µg/m³
36160,2023-04-04T22:00:00Z,2023-04-05T22:00:00Z,daily,51.7,no2,µg/m³
36160,2023-04-05T22:00:00Z,2023-04-06T22:00:00Z,daily,42.2,no2,µg/m³
36160,2023-04-06T22:00:00Z,2023-04-07T22:00:00Z,daily,21.8,no2,µg/m³
36160,2023-04-07T22:00:00Z,2023-04-08T22:00:00Z,daily,20.1,no2,µg/m³
36160,2023-04-08T22:00:00Z,2023-04-09T22:00:00Z,daily,37.2,no2,µg/m³
36160,2023-04-09T22:00:00Z,2023-04-10T22:00:00Z,daily,31.3,no2,µg/m³
36160,2023-04-10T22:00:00Z,2023-04-11T22:00:00Z,daily,39.0,no2,µg/m³
36160,2023-04-11T22:00:00Z,2023-04-12T22:00:00Z,daily,58.0,no2,µg/m³
36160,2023-04-12T22:00:00Z,2023-04-13T22:00:00Z,daily,65.8,no2,µg/m³
36160,2023-04-13T22:00:00Z,2023-04-14T22:00:00Z,daily,18.0,no2,µg/m³
36160,2023-04-14T22:00:00Z,2023-04-15T22:00:00Z,daily,19.1,no2,µg/m³
36160,2023-04-15T22:00:00Z,2023-04-16T22:00:00Z,daily,22.9,no2,µg/m³
36160,2023-04-16T22:00:00Z,2023-04-17T22:00:00Z,daily,18.6,no2,µg/m³
36160,2023-04-17T22:00:00Z,2023-04-18T22:00:00Z,daily,10.1,no2,µg/m³
36160,2023-04-18T22:00:00Z,2023-04-19T22:00:00Z,daily,48.9,no2,µg/m³
36160,2023-04-19T22:00:00Z,2023-04-20T22:00:00Z,daily,36.6,no2,µg/m³
36160,2023-04-20T22:00:00Z,2023-04-21T22:00:00Z,daily,42.1,no2,µg/m³
36160,2023-04-21T22:00:00Z,2023-04-22T22:00:00Z,daily,48.4,no2,µg/m³
36160,2023-04-22T22:00:00Z,2023-04-23T22:00:00Z,daily,40.4,no2,µg/m³
36160,2023-04-23T22:00:00Z,2023-04-24T22:00:00Z,daily,56.2,no2,µg/m³
36160,2023-04-25T22:00:00Z,2023-04-26T22:00:00Z,daily,44.0,no2,µg/m³
36160,2023-04-26T22:00:00Z,2023-04-27T22:00:00Z,daily,49.8,no2,µg/m³
36160,2023-04-27T22:00:00Z,2023-04-28T22:00:00Z,daily,60.8,no2,µg/m³
36160,2023-04-28T22:00:00Z,2023-04-29T22:00:00Z,daily,37.2,no2,µg/m³
36160,2023-04-29T22:00:00Z,2023-04-30T22:00:00Z,daily,39.8,no2,µg/m³
36160,2023-04-30T22:00:00Z,2023-05-01T22:00:00Z,daily,25.8,no2,µg/m³
36160,2023-05-01T22:00:00Z,2023-05-02T22:00:00Z,daily,40.9,no2,µg/m³
36160,2023-05-02T22:00:00Z,2023-05-03T22:00:00Z,daily,35.6,no2,µg/m³
36160,2023-05-03T22:00:00Z,2023-05-04T22:00:00Z,daily,48.5,no2,µg/m³
36160,2023-05-04T22:00:00Z,2023-05-05T22:00:00Z,daily,36.7,no2,µg/m³
36160,2023-05-09T22:00:00Z,2023-05-10T22:00:00Z,daily,30.5,no2,µg/m³
36160,2023-05-10T22:00:00Z,2023-05-11T22:00:00Z,daily,25.0,no2,µg/m³
36160,2023-05-11T22:00:00Z,2023-05-12T22:00:00Z,daily,31.7,no2,µg/m³
36160,2023-05-12T22:00:00Z,2023-05-13T22:00:00Z,daily,56.4,no2,µg/m³
36160,2023-05-13T22:00:00Z,2023-05-14T22:00:00Z,daily,59.7,no2,µg/m³
36160,2023-05-15T22:00:00Z,2023-05-16T22:00:00Z,daily,61.2,no2,µg/m³
36160,2023-05-16T22:00:00Z,2023-05-17T22:00:00Z,daily,53.3,no2,µg/m³
36160,2023-05-17T22:00:00Z,2023-05-18T22:00:00Z,daily,31.4,no2,µg/m³
36160,2023-05-18T22:00:00Z,2023-05-19T22:00:00Z,daily,29.0,no2,µg/m³
36160,2023-05-19T22:00:00Z,2023-05-20T22:00:00Z,daily,25.8,no2,µg/m³
36160,2023-05-20T22:00:00Z,2023-05-21T22:00:00Z,daily,30.0,no2,µg/m³
36160,2023-05-21T22:00:00Z,2023-05-22T22:00:00Z,daily,53.4,no2,µg/m³
36160,2023-05-22T22:00:00Z,2023-05-23T22:00:00Z,daily,78.1,no2,µg/m³
36160,2023-05-23T22:00:00Z,2023-05-24T22:00:00Z,daily,57.8,no2,µg/m³
36160,2023-05-24T22:00:00Z,2023-05-25T22:00:00Z,daily,54.1,no2,µg/m³
36160,2023-05-25T22:00:00Z,2023-05-26T22:00:00Z,daily,54.5,no2,µg/m³
36160,2023-05-27T22:00:00Z,2023-05-28T22:00:00Z,daily,26.4,no2,µg/m³
36160,2023-05-28T22:00:00Z,2023-05-29T22:00:00Z,daily,69.9,no2,µg/m³
36160,2023-05-29T22:00:00Z,2023-05-30T22:00:00Z,daily,51.4,no2,µg/m³
36160,2023-05-30T22:00:00Z,2023-05-31T22:00:00Z,daily,85.2,no2,µg/m³
36160,2023-05-31T22:00:00Z,2023-06-01T22:00:00Z,daily,67.0,no2,µg/m³
36160,2023-06-01T22:00:00Z,2023-06-02T22:00:00Z,daily,38.2,no2,µg/m³
36160,2023-06-02T22:00:00Z,2023-06-03T22:00:00Z,daily,32.9,no2,µg/m³
36160,2023-06-03T22:00:00Z,2023-06-04T22:00:00Z,daily,37.1,no2,µg/m³
36160,2023-06-04T22:00:00Z,2023-06-05T22:00:00Z,daily,48.7,no2,µg/m³
36160,2023-06-05T22:00:00Z,2023-06-06T22:00:00Z,daily,76.5,no2,µg/m³
36160,2023-06-06T22:00:00Z,2023-06-07T22:00:00Z,daily,41.5,no2,µg/m³
36160,2023-06-07T22:00:00Z,2023-06-08T22:00:00Z,daily,18.3,no2,µg/m³
36160,2023-06-08T22:00:00Z,2023-06-09T22:00:00Z,daily,25.0,no2,µg/m³
36160,2023-06-09T22:00:00Z,2023-06-10T22:00:00Z,daily,17.7,no2,µg/m³
36160,2023-06-10T22:00:00Z,2023-06-11T22:00:00Z,daily,14.4,no2,µg/m³
36160,2023-06-11T22:00:00Z,2023-06-12T22:00:00Z,daily,18.8,no2,µg/m³
36160,2023-06-12T22:00:00Z,2023-06-13T22:00:00Z,daily,23.5,no2,µg/m³
36160,2023-06-13T22:00:00Z,2023-06-14T22:00:00Z,daily,31.1,no2,µg/m³
36160,2023-06-14T22:00:00Z,2023-06-15T22:00:00Z,daily,47.6,no2,µg/m³
36160,2023-06-15T22:00:00Z,2023-06-16T22:00:00Z,daily,91.4,no2,µg/m³
36160,2023-06-16T22:00:00Z,2023-06-17T22:00:00Z,daily,53.4,no2,µg/m³
36160,2023-06-17T22:00:00Z,2023-06-18T22:00:00Z,daily,61.4,no2,µg/m³
36160,2023-06-18T22:00:00Z,2023-06-19T22:00:00Z,daily,79.8,no2,µg/m³
36160,2023-06-19T22:00:00Z,2023-06-20T22:00:00Z,daily,90.8,no2,µg/m³
36160,2023-06-20T22:00:00Z,2023-06-21T22:00:00Z,daily,65.7,no2,µg/m³
36160,2023-06-21T22:00:00Z,2023-06-22T22:00:00Z,daily,68.9,no2,µg/m³
36160,2023-06-23T22:00:00Z,2023-06-24T22:00:00Z,daily,54.8,no2,µg/m³
36160,2023-06-24T22:00:00Z,2023-06-25T22:00:00Z,daily,76.1,no2,µg/m³
36160,2023-06-25T22:00:00Z,2023-06-26T22:00:00Z,daily,84.7,no2,µg/m³
36160,2023-06-26T22:00:00Z,2023-06-27T22:00:00Z,daily,46.9,no2,µg/m³
36160,2023-06-27T22:00:00Z,2023-06-28T22:00:00Z,daily,22.5,no2,µg/m³
36160,2023-06-28T22:00:00Z,2023-06-29T22:00:00Z,daily,71.7,no2,µg/m³
36160,2023-06-29T22:00:00Z,2023-06-30T22:00:00Z,daily,69.6,no2,µg/m³
36160,2023-06-30T22:00:00Z,2023-07-01T22:00:00Z,daily,44.5,no2,µg/m³
36160,2023-07-01T22:00:00Z,2023-07-02T22:00:00Z,daily,32.3,no2,µg/m³
36160,2023-07-02T22:00:00Z,2023-07-03T22:00:00Z,daily,50.5,no2,µg/m³
36160,2023-07-03T22:00:00Z,2023-07-04T22:00:00Z,daily,69.1,no2,µg/m³
36160,2023-07-04T22:00:00Z,2023-07-05T22:00:00Z,daily,59.0,no2,µg/m³
36160,2023-07-05T22:00:00Z,2023-07-06T22:00:00Z,daily,63.1,no2,µg/m³
36160,2023-07-06T22:00:00Z,2023-07-07T22:00:00Z,daily,91.4,no2,µg/m³
36160,2023-07-07T22:00:00Z,2023-07-08T22:00:00Z,daily,68.3,no2,µg/m³
36160,2023-07-08T22:00:00Z,2023-07-09T22:00:00Z,daily,32.9,no2,µg/m³
36160,2023-07-09T22:00:00Z,2023-07-10T22:00:00Z,daily,55.4,no2,µg/m³
36160,2023-07-10T22:00:00Z,2023-07-11T22:00:00Z,daily,68.8,no2,µg/m³
36160,2023-07-11T22:00:00Z,2023-07-12T22:00:00Z,daily,50.2,no2,µg/m³
36160,2023-07-12T22:00:00Z,2023-07-13T22:00:00Z,daily,52.6,no2,µg/m³
36160,2023-07-16T22:00:00Z,2023-07-17T22:00:00Z,daily,61.9,no2,µg/m³
36160,2023-07-17T22:00:00Z,2023-07-18T22:00:00Z,daily,45.4,no2,µg/m³
36160,2023-07-18T22:00:00Z,2023-07-19T22:00:00Z,daily,67.9,no2,µg/m³
36160,2023-07-19T22:00:00Z,2023-07-20T22:00:00Z,daily,49.8,no2,µg/m³
36160,2023-07-20T22:00:00Z,2023-07-21T22:00:00Z,daily,52.0,no2,µg/m³
36160,2023-07-21T22:00:00Z,2023-07-22T22:00:00Z,daily,38.4,no2,µg/m³
36160,2023-07-22T22:00:00Z,2023-07-23T22:00:00Z,daily,55.5,no2,µg/m³
36160,2023-07-23T22:00:00Z,2023-07-24T22:00:00Z,daily,51.6,no2,µg/m³
36160,2023-07-24T22:00:00Z,2023-07-25T22:00:00Z,daily,37.7,no2,µg/m³
36160,2023-07-25T22:00:00Z,2023-07-26T22:00:00Z,daily,39.2,no2,µg/m³
36160,2023-07-26T22:00:00Z,2023-07-27T22:00:00Z,daily,44.1,no2,µg/m³
36160,2023-07-27T22:00:00Z,2023-07-28T22:00:00Z,daily,52.9,no2,µg/m³
36160,2023-07-28T22:00:00Z,2023-07-29T22:00:00Z,daily,37.3,no2,µg/m³
36160,2023-07-29T22:00:00Z,2023-07-30T22:00:00Z,daily,36.1,no2,µg/m³
36160,2023-07-30T22:00:00Z,2023-07-31T22:00:00Z,daily,43.8,no2,µg/m³
36160,2023-07-31T22:00:00Z,2023-08-01T22:00:00Z,daily,46.9,no2,µg/m³
36160,2023-08-01T22:00:00Z,2023-08-02T22:00:00Z,daily,49.3,no2,µg/m³
36160,2023-08-02T22:00:00Z,2023-08-03T22:00:00Z,daily,43.4,no2,µg/m³
36160,2023-08-03T22:00:00Z,2023-08-04T22:00:00Z,daily,49.6,no2,µg/m³
36160,2023-08-04T22:00:00Z,2023-08-05T22:00:00Z,daily,37.0,no2,µg/m³
36160,2023-08-05T22:00:00Z,2023-08-06T22:00:00Z,daily,17.9,no2,µg/m³
36160,2023-08-06T22:00:00Z,2023-08-07T22:00:00Z,daily,32.7,no2,µg/m³
36160,2023-08-07T22:00:00Z,2023-08-08T22:00:00Z,daily,30.3,no2,µg/m³
36160,2023-08-08T22:00:00Z,2023-08-09T22:00:00Z,daily,46.8,no2,µg/m³
36160,2023-08-09T22:00:00Z,2023-08-10T22:00:00Z,daily,64.2,no2,µg/m³
36160,2023-08-10T22:00:00Z,2023-08-11T22:00:00Z,daily,73.9,no2,µg/m³
36160,2023-08-11T22:00:00Z,2023-08-12T22:00:00Z,daily,73.2,no2,µg/m³
36160,2023-08-12T22:00:00Z,2023-08-13T22:00:00Z,daily,43.9,no2,µg/m³
36160,2023-08-13T22:00:00Z,2023-08-14T22:00:00Z,daily,48.0,no2,µg/m³
36160,2023-08-14T22:00:00Z,2023-08-15T22:00:00Z,daily,43.1,no2,µg/m³
36160,2023-08-15T22:00:00Z,2023-08-16T22:00:00Z,daily,60.7,no2,µg/m³
36160,2023-08-16T22:00:00Z,2023-08-17T22:00:00Z,daily,60.3,no2,µg/m³
36160,2023-08-17T22:00:00Z,2023-08-18T22:00:00Z,daily,34.7,no2,µg/m³
36160,2023-08-23T22:00:00Z,2023-08-24T22:00:00Z,daily,106.0,no2,µg/m³
36160,2023-08-24T22:00:00Z,2023-08-25T22:00:00Z,daily,57.0,no2,µg/m³
36160,2023-08-25T22:00:00Z,2023-08-26T22:00:00Z,daily,61.3,no2,µg/m³
36160,2023-08-26T22:00:00Z,2023-08-27T22:00:00Z,daily,49.2,no2,µg/m³
36160,2023-08-27T22:00:00Z,2023-08-28T22:00:00Z,daily,41.7,no2,µg/m³
36160,2023-08-28T22:00:00Z,2023-08-29T22:00:00Z,daily,37.8,no2,µg/m³
36160,2023-08-29T22:00:00Z,2023-08-30T22:00:00Z,daily,42.8,no2,µg/m³
36160,2023-08-30T22:00:00Z,2023-08-31T22:00:00Z,daily,41.5,no2,µg/m³
36160,2023-08-31T22:00:00Z,2023-09-01T22:00:00Z,daily,59.0,no2,µg/m³
36160,2023-09-01T22:00:00Z,2023-09-02T22:00:00Z,daily,68.8,no2,µg/m³
36160,2023-09-02T22:00:00Z,2023-09-03T22:00:00Z,daily,58.5,no2,µg/m³
36160,2023-09-03T22:00:00Z,2023-09-04T22:00:00Z,daily,57.4,no2,µg/m³
36160,2023-09-04T22:00:00Z,2023-09-05T22:00:00Z,daily,82.7,no2,µg/m³
36160,2023-09-05T22:00:00Z,2023-09-06T22:00:00Z,daily,89.6,no2,µg/m³
36160,2023-09-06T22:00:00Z,2023-09-07T22:00:00Z,daily,65.1,no2,µg/m³
36160,2023-09-07T22:00:00Z,2023-09-08T22:00:00Z,daily,72.9,no2,µg/m³
36160,2023-09-08T22:00:00Z,2023-09-09T22:00:00Z,daily,68.5,no2,µg/m³
36160,2023-09-09T22:00:00Z,2023-09-10T22:00:00Z,daily,34.9,no2,µg/m³
36160,2023-09-10T22:00:00Z,2023-09-11T22:00:00Z,daily,80.4,no2,µg/m³
36160,2023-09-11T22:00:00Z,2023-09-12T22:00:00Z,daily,97.9,no2,µg/m³
36160,2023-09-12T22:00:00Z,2023-09-13T22:00:00Z,daily,87.3,no2,µg/m³
36160,2023-09-13T22:00:00Z,2023-09-14T22:00:00Z,daily,41.5,no2,µg/m³
36160,2023-09-14T22:00:00Z,2023-09-15T22:00:00Z,daily,31.1,no2,µg/m³
36160,2023-09-15T22:00:00Z,2023-09-16T22:00:00Z,daily,20.1,no2,µg/m³
36160,2023-09-16T22:00:00Z,2023-09-17T22:00:00Z,daily,37.5,no2,µg/m³
36160,2023-09-17T22:00:00Z,2023-09-18T22:00:00Z,daily,48.9,no2,µg/m³
36160,2023-09-18T22:00:00Z,2023-09-19T22:00:00Z,daily,50.1,no2,µg/m³
36160,2023-09-19T22:00:00Z,2023-09-20T22:00:00Z,daily,69.7,no2,µg/m³
36160,2023-09-20T22:00:00Z,2023-09-21T22:00:00Z,daily,34.9,no2,µg/m³
36160,2023-09-21T22:00:00Z,2023-09-22T22:00:00Z,daily,40.7,no2,µg/m³
36160,2023-09-22T22:00:00Z,2023-09-23T22:00:00Z,daily,43.2,no2,µg/m³
36160,2023-09-23T22:00:00Z,2023-09-24T22:00:00Z,daily,39.1,no2,µg/m³
36160,2023-09-24T22:00:00Z,2023-09-25T22:00:00Z,daily,25.9,no2,µg/m³
36160,2023-09-25T22:00:00Z,2023-09-26T22:00:00Z,daily,36.4,no2,µg/m³
36160,2023-09-26T22:00:00Z,2023-09-27T22:00:00Z,daily,40.9,no2,µg/m³
36160,2023-09-27T22:00:00Z,2023-09-28T22:00:00Z,daily,52.6,no2,µg/m³
36160,2023-09-28T22:00:00Z,2023-09-29T22:00:00Z,daily,69.2,no2,µg/m³
36160,2023-09-29T22:00:00Z,2023-09-30T22:00:00Z,daily,53.6,no2,µg/m³
36160,2023-09-30T22:00:00Z,2023-10-01T22:00:00Z,daily,32.2,no2,µg/m³
36160,2023-10-01T22:00:00Z,2023-10-02T22:00:00Z,daily,60.8,no2,µg/m³
36160,2023-10-02T22:00:00Z,2023-10-03T22:00:00Z,daily,47.6,no2,µg/m³
36160,2023-10-03T22:00:00Z,2023-10-04T22:00:00Z,daily,30.8,no2,µg/m³
36160,2023-10-04T22:00:00Z,2023-10-05T22:00:00Z,daily,37.3,no2,µg/m³
36160,2023-10-05T22:00:00Z,2023-10-06T22:00:00Z,daily,37.8,no2,µg/m³
36160,2023-10-06T22:00:00Z,2023-10-07T22:00:00Z,daily,21.1,no2,µg/m³
36160,2023-10-07T22:00:00Z,2023-10-08T22:00:00Z,daily,26.0,no2,µg/m³
36160,2023-10-08T22:00:00Z,2023-10-09T22:00:00Z,daily,54.5,no2,µg/m³
36160,2023-10-09T22:00:00Z,2023-10-10T22:00:00Z,daily,51.4,no2,µg/m³
36160,2023-10-10T22:00:00Z,2023-10-11T22:00:00Z,daily,32.6,no2,µg/m³
36160,2023-10-11T22:00:00Z,2023-10-12T22:00:00Z,daily,48.4,no2,µg/m³
36160,2023-10-12T22:00:00Z,2023-10-13T22:00:00Z,daily,52.9,no2,µg/m³
36160,2023-10-13T22:00:00Z,2023-10-14T22:00:00Z,daily,37.1,no2,µg/m³
36160,2023-10-14T22:00:00Z,2023-10-15T22:00:00Z,daily,25.7,no2,µg/m³
36160,2023-10-15T22:00:00Z,2023-10-16T22:00:00Z,daily,25.6,no2,µg/m³
36160,2023-10-25T22:00:00Z,2023-10-26T22:00:00Z,daily,25.8,no2,µg/m³
36160,2023-10-26T22:00:00Z,2023-10-27T22:00:00Z,daily,29.1,no2,µg/m³
36160,2023-10-27T22:00:00Z,2023-10-28T22:00:00Z,daily,22.9,no2,µg/m³
36160,2023-10-28T22:00:00Z,2023-10-29T23:00:00Z,daily,23.8,no2,µg/m³
36160,2023-10-29T23:00:00Z,2023-10-30T23:00:00Z,daily,37.3,no2,µg/m³
36160,2023-10-30T23:00:00Z,2023-10-31T23:00:00Z,daily,20.2,no2,µg/m³
36160,2023-10-31T23:00:00Z,2023-11-01T23:00:00Z,daily,23.6,no2,µg/m³
36160,2023-11-01T23:00:00Z,2023-11-02T23:00:00Z,daily,19.3,no2,µg/m³
36160,2023-11-02T23:00:00Z,2023-11-03T23:00:00Z,daily,21.7,no2,µg/m³
36160,2023-11-03T23:00:00Z,2023-11-04T23:00:00Z,daily,25.4,no2,µg/m³
36160,2023-11-04T23:00:00Z,2023-11-05T23:00:00Z,daily,34.5,no2,µg/m³
36160,2023-11-05T23:00:00Z,2023-11-06T23:00:00Z,daily,22.3,no2,µg/m³
36160,2023-11-06T23:00:00Z,2023-11-07T23:00:00Z,daily,49.3,no2,µg/m³
36160,2023-11-07T23:00:00Z,2023-11-08T23:00:00Z,daily,50.4,no2,µg/m³
36160,2023-11-08T23:00:00Z,2023-11-09T23:00:00Z,daily,41.5,no2,µg/m³
36160,2023-11-09T23:00:00Z,2023-11-10T23:00:00Z,daily,57.7,no2,µg/m³
36160,2023-11-10T23:00:00Z,2023-11-11T23:00:00Z,daily,34.6,no2,µg/m³
36160,2023-11-11T23:00:00Z,2023-11-12T23:00:00Z,daily,23.1,no2,µg/m³
36160,2023-11-12T23:00:00Z,2023-11-13T23:00:00Z,daily,31.2,no2,µg/m³
36160,2023-11-13T23:00:00Z,2023-11-14T23:00:00Z,daily,34.5,no2,µg/m³
36160,2023-11-14T23:00:00Z,2023-11-15T23:00:00Z,daily,32.8,no2,µg/m³
36160,2023-11-15T23:00:00Z,2023-11-16T23:00:00Z,daily,40.7,no2,µg/m³
36160,2023-11-16T23:00:00Z,2023-11-17T23:00:00Z,daily,22.0,no2,µg/m³
36160,2023-11-17T23:00:00Z,2023-11-18T23:00:00Z,daily,24.1,no2,µg/m³
36160,2023-11-18T23:00:00Z,2023-11-19T23:00:00Z,daily,23.6,no2,µg/m³
36160,2023-11-19T23:00:00Z,2023-11-20T23:00:00Z,daily,20.5,no2,µg/m³
36160,2023-11-20T23:00:00Z,2023-11-21T23:00:00Z,daily,16.1,no2,µg/m³
36160,2023-11-21T23:00:00Z,2023-11-22T23:00:00Z,daily,28.9,no2,µg/m³
36160,2023-11-22T23:00:00Z,2023-11-23T23:00:00Z,daily,28.6,no2,µg/m³
36160,2023-11-23T23:00:00Z,2023-11-24T23:00:00Z,daily,22.7,no2,µg/m³
36160,2023-11-24T23:00:00Z,2023-11-25T23:00:00Z,daily,29.3,no2,µg/m³
36160,2023-11-25T23:00:00Z,2023-11-26T23:00:00Z,daily,19.0,no2,µg/m³
36160,2023-11-26T23:00:00Z,2023-11-27T23:00:00Z,daily,21.0,no2,µg/m³
36160,2023-11-27T23:00:00Z,2023-11-28T23:00:00Z,daily,30.3,no2,µg/m³
36160,2023-11-28T23:00:00Z,2023-11-29T23:00:00Z,daily,33.2,no2,µg/m³
36160,2023-11-29T23:00:00Z,2023-11-30T23:00:00Z,daily,47.5,no2,µg/m³
36160,2023-11-30T23:00:00Z,2023-12-01T23:00:00Z,daily,54.0,no2,µg/m³
36160,2023-12-01T23:00:00Z,2023-12-02T23:00:00Z,daily,35.8,no2,µg/m³
36160,2023-12-02T23:00:00Z,2023-12-03T23:00:00Z,daily,23.4,no2,µg/m³
36160,2023-12-03T23:00:00Z,2023-12-04T23:00:00Z,daily,54.2,no2,µg/m³
36160,2023-12-04T23:00:00Z,2023-12-05T23:00:00Z,daily,34.7,no2,µg/m³
36160,2023-12-05T23:00:00Z,2023-12-06T23:00:00Z,daily,20.7,no2,µg/m³
36160,2023-12-06T23:00:00Z,2023-12-07T23:00:00Z,daily,24.1,no2,µg/m³
36160,2023-12-07T23:00:00Z,2023-12-08T23:00:00Z,daily,21.5,no2,µg/m³
36160,2023-12-08T23:00:00Z,2023-12-09T23:00:00Z,daily,35.0,no2,µg/m³
36160,2023-12-09T23:00:00Z,2023-12-10T23:00:00Z,daily,22.1,no2,µg/m³
36160,2023-12-10T23:00:00Z,2023-12-11T23:00:00Z,daily,38.2,no2,µg/m³
36160,2023-12-11T23:00:00Z,2023-12-12T23:00:00Z,daily,45.5,no2,µg/m³
36160,2023-12-13T23:00:00Z,2023-12-14T23:00:00Z,daily,21.5,no2,µg/m³
36160,2023-12-14T23:00:00Z,2023-12-15T23:00:00Z,daily,24.3,no2,µg/m³
36160,2023-12-15T23:00:00Z,2023-12-16T23:00:00Z,daily,23.0,no2,µg/m³
36160,2023-12-16T23:00:00Z,2023-12-17T23:00:00Z,daily,14.3,no2,µg/m³
36160,2023-12-17T23:00:00Z,2023-12-18T23:00:00Z,daily,18.9,no2,µg/m³
36160,2023-12-18T23:00:00Z,2023-12-19T23:00:00Z,daily,45.0,no2,µg/m³
36160,2023-12-19T23:00:00Z,2023-12-20T23:00:00Z,daily,48.9,no2,µg/m³
36160,2023-12-20T23:00:00Z,2023-12-21T23:00:00Z,daily,43.5,no2,µg/m³
36160,2023-12-21T23:00:00Z,2023-12-22T23:00:00Z,daily,21.0,no2,µg/m³
36160,2023-12-22T23:00:00Z,2023-12-23T23:00:00Z,daily,11.5,no2,µg/m³
36160,2023-12-23T23:00:00Z,2023-12-24T23:00:00Z,daily,11.5,no2,µg/m³
36160,2023-12-24T23:00:00Z,2023-12-25T23:00:00Z,daily,6.66,no2,µg/m³
36160,2023-12-25T23:00:00Z,2023-12-26T23:00:00Z,daily,17.9,no2,µg/m³
36160,2023-12-26T23:00:00Z,2023-12-27T23:00:00Z,daily,27.5,no2,µg/m³
36160,2023-12-27T23:00:00Z,2023-12-28T23:00:00Z,daily,32.7,no2,µg/m³
36160,2023-12-28T23:00:00Z,2023-12-29T23:00:00Z,daily,34.8,no2,µg/m³
36160,2023-12-29T23:00:00Z,2023-12-30T23:00:00Z,daily,21.9,no2,µg/m³
36161,2022-12-31T23:00:00Z,2023-01-01T23:00:00Z,daily,27.8,pm10,µg/m³
36161,2023-01-01T23:00:00Z,2023-01-02T23:00:00Z,daily,42.4,pm10,µg/m³
36161,2023-01-02T23:00:00Z,2023-01-03T23:00:00Z,daily,38.3,pm10,µg/m³
36161,2023-01-03T23:00:00Z,2023-01-04T23:00:00Z,daily,41.7,pm10,µg/m³
36161,2023-01-04T23:00:00Z,2023-01-05T23:00:00Z,daily,8.05,pm10,µg/m³
36161,2023-01-05T23:00:00Z,2023-01-06T23:00:00Z,daily,19.9,pm10,µg/m³
36161,2023-01-06T23:00:00Z,2023-01-07T23:00:00Z,daily,26.3,pm10,µg/m³
36161,2023-01-07T23:00:00Z,2023-01-08T23:00:00Z,daily,25.7,pm10,µg/m³
36161,2023-01-08T23:00:00Z,2023-01-09T23:00:00Z,daily,28.3,pm10,µg/m³
36161,2023-01-09T23:00:00Z,2023-01-10T23:00:00Z,daily,40.5,pm10,µg/m³
36161,2023-01-10T23:00:00Z,2023-01-11T23:00:00Z,daily,28.8,pm10,µg/m³
36161,2023-01-15T23:00:00Z,2023-01-16T23:00:00Z,daily,19.2,pm10,µg/m³
36161,2023-01-16T23:00:00Z,2023-01-17T23:00:00Z,daily,28.1,pm10,µg/m³
36161,2023-01-17T23:00:00Z,2023-01-18T23:00:00Z,daily,21.2,pm10,µg/m³
36161,2023-01-18T23:00:00Z,2023-01-19T23:00:00Z,daily,25.9,pm10,µg/m³
36161,2023-01-19T23:00:00Z,2023-01-20T23:00:00Z,daily,23.1,pm10,µg/m³
36161,2023-01-20T23:00:00Z,2023-01-21T23:00:00Z,daily,12.7,pm10,µg/m³
36161,2023-01-21T23:00:00Z,2023-01-22T23:00:00Z,daily,22.1,pm10,µg/m³
36161,2023-01-22T23:00:00Z,2023-01-23T23:00:00Z,daily,29.4,pm10,µg/m³
36161,2023-01-23T23:00:00Z,2023-01-24T23:00:00Z,daily,39.8,pm10,µg/m³
36161,2023-01-24T23:00:00Z,2023-01-25T23:00:00Z,daily,52.5,pm10,µg/m³
36161,2023-01-25T23:00:00Z,2023-01-26T23:00:00Z,daily,51.2,pm10,µg/m³
36161,2023-01-26T23:00:00Z,2023-01-27T23:00:00Z,daily,42.0,pm10,µg/m³
36161,2023-01-27T23:00:00Z,2023-01-28T23:00:00Z,daily,21.1,pm10,µg/m³
36161,2023-01-28T23:00:00Z,2023-01-29T23:00:00Z,daily,27.7,pm10,µg/m³
36161,2023-01-29T23:00:00Z,2023-01-30T23:00:00Z,daily,18.7,pm10,µg/m³
36161,2023-01-30T23:00:00Z,2023-01-31T23:00:00Z,daily,20.3,pm10,µg/m³
36161,2023-01-31T23:00:00Z,2023-02-01T23:00:00Z,daily,12.2,pm10,µg/m³
36161,2023-02-01T23:00:00Z,2023-02-02T23:00:00Z,daily,11.0,pm10,µg/m³
36161,2023-02-13T23:00:00Z,2023-02-14T23:00:00Z,daily,31.6,pm10,µg/m³
36161,2023-02-14T23:00:00Z,2023-02-15T23:00:00Z,daily,45.6,pm10,µg/m³
36161,2023-02-15T23:00:00Z,2023-02-16T23:00:00Z,daily,55.9,pm10,µg/m³
36161,2023-03-18T23:00:00Z,2023-03-19T23:00:00Z,daily,78.6,pm10,µg/m³
36161,2023-03-19T23:00:00Z,2023-03-20T23:00:00Z,daily,103.0,pm10,µg/m³
36161,2023-03-20T23:00:00Z,2023-03-21T23:00:00Z,daily,31.3,pm10,µg/m³
36161,2023-03-21T23:00:00Z,2023-03-22T23:00:00Z,daily,58.9,pm10,µg/m³
36161,2023-03-22T23:00:00Z,2023-03-23T23:00:00Z,daily,56.0,pm10,µg/m³
36161,2023-03-23T23:00:00Z,2023-03-24T23:00:00Z,daily,40.7,pm10,µg/m³
36161,2023-03-24T23:00:00Z,2023-03-26T22:00:00Z,daily,19.7,pm10,µg/m³
36161,2023-03-25T23:00:00Z,2023-03-26T22:00:00Z,daily,16.5,pm10,µg/m³
36161,2023-03-26T22:00:00Z,2023-03-27T22:00:00Z,daily,37.0,pm10,µg/m³
36161,2023-03-27T22:00:00Z,2023-03-28T22:00:00Z,daily,32.2,pm10,µg/m³
36161,2023-03-28T22:00:00Z,2023-03-29T22:00:00Z,daily,51.9,pm10,µg/m³
36161,2023-03-29T22:00:00Z,2023-03-30T22:00:00Z,daily,45.4,pm10,µg/m³
36161,2023-03-30T22:00:00Z,2023-03-31T22:00:00Z,daily,31.0,pm10,µg/m³
36161,2023-03-31T22:00:00Z,2023-04-01T22:00:00Z,daily,19.8,pm10,µg/m³
36161,2023-04-01T22:00:00Z,2023-04-02T22:00:00Z,daily,13.1,pm10,µg/m³
36161,2023-04-02T22:00:00Z,2023-04-03T22:00:00Z,daily,19.0,pm10,µg/m³
36161,2023-04-03T22:00:00Z,2023-04-04T22:00:00Z,daily,64.6,pm10,µg/m³
36161,2023-04-04T22:00:00Z,2023-04-05T22:00:00Z,daily,50.8,pm10,µg/m³
36161,2023-04-05T22:00:00Z,2023-04-06T22:00:00Z,daily,14.0,pm10,µg/m³
36161,2023-04-06T22:00:00Z,2023-04-07T22:00:00Z,daily,19.1,pm10,µg/m³
36161,2023-04-07T22:00:00Z,2023-04-08T22:00:00Z,daily,16.1,pm10,µg/m³
36161,2023-04-08T22:00:00Z,2023-04-09T22:00:00Z,daily,16.9,pm10,µg/m³
36161,2023-04-09T22:00:00Z,2023-04-10T22:00:00Z,daily,26.5,pm10,µg/m³
36161,2023-04-10T22:00:00Z,2023-04-11T22:00:00Z,daily,40.6,pm10,µg/m³
36161,2023-04-11T22:00:00Z,2023-04-12T22:00:00Z,daily,73.6,pm10,µg/m³
36161,2023-04-12T22:00:00Z,2023-04-13T22:00:00Z,daily,122.0,pm10,µg/m³
36161,2023-04-13T22:00:00Z,2023-04-14T22:00:00Z,daily,24.4,pm10,µg/m³
36161,2023-04-14T22:00:00Z,2023-04-15T22:00:00Z,daily,9.42,pm10,µg/m³
36161,2023-04-15T22:00:00Z,2023-04-16T22:00:00Z,daily,20.0,pm10,µg/m³
36161,2023-04-16T22:00:00Z,2023-04-17T22:00:00Z,daily,26.3,pm10,µg/m³
36161,2023-04-17T22:00:00Z,2023-04-18T22:00:00Z,daily,15.6,pm10,µg/m³
36161,2023-04-18T22:00:00Z,2023-04-19T22:00:00Z,daily,21.8,pm10,µg/m³
36161,2023-04-19T22:00:00Z,2023-04-20T22:00:00Z,daily,36.7,pm10,µg/m³
36161,2023-04-20T22:00:00Z,2023-04-21T22:00:00Z,daily,36.7,pm10,µg/m³
36161,2023-04-21T22:00:00Z,2023-04-22T22:00:00Z,daily,39.7,pm10,µg/m³
36161,2023-04-22T22:00:00Z,2023-04-23T22:00:00Z,daily,37.1,pm10,µg/m³
36161,2023-04-23T22:00:00Z,2023-04-24T22:00:00Z,daily,50.0,pm10,µg/m³
36161,2023-04-25T22:00:00Z,2023-04-26T22:00:00Z,daily,28.5,pm10,µg/m³
36161,2023-04-26T22:00:00Z,2023-04-27T22:00:00Z,daily,39.1,pm10,µg/m³
36161,2023-04-27T22:00:00Z,2023-04-28T22:00:00Z,daily,52.0,pm10,µg/m³
36161,2023-04-28T22:00:00Z,2023-04-29T22:00:00Z,daily,44.3,pm10,µg/m³
36161,2023-04-29T22:00:00Z,2023-04-30T22:00:00Z,daily,37.8,pm10,µg/m³
36161,2023-04-30T22:00:00Z,2023-05-01T22:00:00Z,daily,27.9,pm10,µg/m³
36161,2023-05-01T22:00:00Z,2023-05-02T22:00:00Z,daily,63.5,pm10,µg/m³
36161,2023-05-02T22:00:00Z,2023-05-03T22:00:00Z,daily,37.2,pm10,µg/m³
36161,2023-05-03T22:00:00Z,2023-05-04T22:00:00Z,daily,40.8,pm10,µg/m³
36161,2023-05-04T22:00:00Z,2023-05-05T22:00:00Z,daily,39.3,pm10,µg/m³
36161,2023-05-09T22:00:00Z,2023-05-10T22:00:00Z,daily,25.2,pm10,µg/m³
36161,2023-05-10T22:00:00Z,2023-05-11T22:00:00Z,daily,25.5,pm10,µg/m³
36161,2023-05-11T22:00:00Z,2023-05-12T22:00:00Z,daily,35.0,pm10,µg/m³
36161,2023-05-12T22:00:00Z,2023-05-13T22:00:00Z,daily,52.2,pm10,µg/m³
36161,2023-05-13T22:00:00Z,2023-05-14T22:00:00Z,daily,47.3,pm10,µg/m³
36161,2023-05-15T22:00:00Z,2023-05-16T22:00:00Z,daily,31.5,pm10,µg/m³
36161,2023-05-16T22:00:00Z,2023-05-17T22:00:00Z,daily,20.7,pm10,µg/m³
36161,2023-05-17T22:00:00Z,2023-05-18T22:00:00Z,daily,17.4,pm10,µg/m³
36161,2023-05-18T22:00:00Z,2023-05-19T22:00:00Z,daily,18.7,pm10,µg/m³
36161,2023-05-19T22:00:00Z,2023-05-20T22:00:00Z,daily,30.1,pm10,µg/m³
36161,2023-05-20T22:00:00Z,2023-05-21T22:00:00Z,daily,27.4,pm10,µg/m³
36161,2023-05-21T22:00:00Z,2023-05-22T22:00:00Z,daily,35.5,pm10,µg/m³
36161,2023-05-22T22:00:00Z,2023-05-23T22:00:00Z,daily,58.7,pm10,µg/m³
36161,2023-05-23T22:00:00Z,2023-05-24T22:00:00Z,daily,55.1,pm10,µg/m³
36161,2023-05-24T22:00:00Z,2023-05-25T22:00:00Z,daily,55.6,pm10,µg/m³
36161,2023-05-25T22:00:00Z,2023-05-26T22:00:00Z,daily,45.2,pm10,µg/m³
36161,2023-05-27T22:00:00Z,2023-05-28T22:00:00Z,daily,23.4,pm10,µg/m³
36161,2023-05-28T22:00:00Z,2023-05-29T22:00:00Z,daily,45.1,pm10,µg/m³
36161,2023-05-29T22:00:00Z,2023-05-30T22:00:00Z,daily,42.0,pm10,µg/m³
36161,2023-05-30T22:00:00Z,2023-05-31T22:00:00Z,daily,44.3,pm10,µg/m³
36161,2023-05-31T22:00:00Z,2023-06-01T22:00:00Z,daily,46.8,pm10,µg/m³
36161,2023-06-01T22:00:00Z,2023-06-02T22:00:00Z,daily,29.5,pm10,µg/m³
36161,2023-06-02T22:00:00Z,2023-06-03T22:00:00Z,daily,23.0,pm10,µg/m³
36161,2023-06-03T22:00:00Z,2023-06-04T22:00:00Z,daily,22.0,pm10,µg/m³
36161,2023-06-04T22:00:00Z,2023-06-05T22:00:00Z,daily,29.8,pm10,µg/m³
36161,2023-06-05T22:00:00Z,2023-06-06T22:00:00Z,daily,33.6,pm10,µg/m³
36161,2023-06-06T22:00:00Z,2023-06-07T22:00:00Z,daily,37.9,pm10,µg/m³
36161,2023-06-07T22:00:00Z,2023-06-08T22:00:00Z,daily,26.9,pm10,µg/m³
36161,2023-06-08T22:00:00Z,2023-06-09T22:00:00Z,daily,30.4,pm10,µg/m³
36161,2023-06-09T22:00:00Z,2023-06-10T22:00:00Z,daily,32.9,pm10,µg/m³
36161,2023-06-10T22:00:00Z,2023-06-11T22:00:00Z,daily,25.9,pm10,µg/m³
36161,2023-06-11T22:00:00Z,2023-06-12T22:00:00Z,daily,25.6,pm10,µg/m³
36161,2023-06-12T22:00:00Z,2023-06-13T22:00:00Z,daily,17.2,pm10,µg/m³
36161,2023-06-13T22:00:00Z,2023-06-14T22:00:00Z,daily,26.4,pm10,µg/m³
36161,2023-06-14T22:00:00Z,2023-06-15T22:00:00Z,daily,30.7,pm10,µg/m³
36161,2023-06-15T22:00:00Z,2023-06-16T22:00:00Z,daily,40.1,pm10,µg/m³
36161,2023-06-16T22:00:00Z,2023-06-17T22:00:00Z,daily,29.4,pm10,µg/m³
36161,2023-06-17T22:00:00Z,2023-06-18T22:00:00Z,daily,33.7,pm10,µg/m³
36161,2023-06-18T22:00:00Z,2023-06-19T22:00:00Z,daily,38.2,pm10,µg/m³
36161,2023-06-19T22:00:00Z,2023-06-20T22:00:00Z,daily,45.3,pm10,µg/m³
36161,2023-06-20T22:00:00Z,2023-06-21T22:00:00Z,daily,41.5,pm10,µg/m³
36161,2023-06-21T22:00:00Z,2023-06-22T22:00:00Z,daily,40.3,pm10,µg/m³
36161,2023-06-23T22:00:00Z,2023-06-24T22:00:00Z,daily,33.0,pm10,µg/m³
36161,2023-06-24T22:00:00Z,2023-06-25T22:00:00Z,daily,48.4,pm10,µg/m³
36161,2023-06-25T22:00:00Z,2023-06-26T22:00:00Z,daily,44.4,pm10,µg/m³
36161,2023-06-26T22:00:00Z,2023-06-27T22:00:00Z,daily,31.4,pm10,µg/m³
36161,2023-06-27T22:00:00Z,2023-06-28T22:00:00Z,daily,18.4,pm10,µg/m³
36161,2023-06-28T22:00:00Z,2023-06-29T22:00:00Z,daily,30.9,pm10,µg/m³
36161,2023-06-29T22:00:00Z,2023-06-30T22:00:00Z,daily,36.5,pm10,µg/m³
36161,2023-06-30T22:00:00Z,2023-07-01T22:00:00Z,daily,29.2,pm10,µg/m³
36161,2023-07-01T22:00:00Z,2023-07-02T22:00:00Z,daily,32.6,pm10,µg/m³
36161,2023-07-02T22:00:00Z,2023-07-03T22:00:00Z,daily,44.3,pm10,µg/m³
36161,2023-07-03T22:00:00Z,2023-07-04T22:00:00Z,daily,51.9,pm10,µg/m³
36161,2023-07-04T22:00:00Z,2023-07-05T22:00:00Z,daily,41.5,pm10,µg/m³
36161,2023-07-05T22:00:00Z,2023-07-06T22:00:00Z,daily,37.9,pm10,µg/m³
36161,2023-07-06T22:00:00Z,2023-07-07T22:00:00Z,daily,51.8,pm10,µg/m³
36161,2023-07-07T22:00:00Z,2023-07-08T22:00:00Z,daily,41.6,pm10,µg/m³
36161,2023-07-08T22:00:00Z,2023-07-09T22:00:00Z,daily,21.2,pm10,µg/m³
36161,2023-07-09T22:00:00Z,2023-07-10T22:00:00Z,daily,35.0,pm10,µg/m³
36161,2023-07-10T22:00:00Z,2023-07-11T22:00:00Z,daily,35.7,pm10,µg/m³
36161,2023-07-11T22:00:00Z,2023-07-12T22:00:00Z,daily,32.1,pm10,µg/m³
36161,2023-07-12T22:00:00Z,2023-07-13T22:00:00Z,daily,35.0,pm10,µg/m³
36161,2023-07-16T22:00:00Z,2023-07-17T22:00:00Z,daily,29.5,pm10,µg/m³
36161,2023-07-17T22:00:00Z,2023-07-18T22:00:00Z,daily,23.1,pm10,µg/m³
36161,2023-07-18T22:00:00Z,2023-07-19T22:00:00Z,daily,34.3,pm10,µg/m³
36161,2023-07-19T22:00:00Z,2023-07-20T22:00:00Z,daily,22.2,pm10,µg/m³
36161,2023-07-20T22:00:00Z,2023-07-21T22:00:00Z,daily,26.0,pm10,µg/m³
36161,2023-07-21T22:00:00Z,2023-07-22T22:00:00Z,daily,28.3,pm10,µg/m³
36161,2023-07-22T22:00:00Z,2023-07-23T22:00:00Z,daily,33.3,pm10,µg/m³
36161,2023-07-23T22:00:00Z,2023-07-24T22:00:00Z,daily,33.9,pm10,µg/m³
36161,2023-07-24T22:00:00Z,2023-07-25T22:00:00Z,daily,35.1,pm10,µg/m³
36161,2023-07-25T22:00:00Z,2023-07-26T22:00:00Z,daily,24.0,pm10,µg/m³
36161,2023-07-26T22:00:00Z,2023-07-27T22:00:00Z,daily,18.3,pm10,µg/m³
36161,2023-07-27T22:00:00Z,2023-07-28T22:00:00Z,daily,20.4,pm10,µg/m³
36161,2023-07-28T22:00:00Z,2023-07-29T22:00:00Z,daily,22.8,pm10,µg/m³
36161,2023-07-29T22:00:00Z,2023-07-30T22:00:00Z,daily,22.0,pm10,µg/m³
36161,2023-07-30T22:00:00Z,2023-07-31T22:00:00Z,daily,24.8,pm10,µg/m³
36161,2023-07-31T22:00:00Z,2023-08-01T22:00:00Z,daily,23.1,pm10,µg/m³
36161,2023-08-01T22:00:00Z,2023-08-02T22:00:00Z,daily,27.0,pm10,µg/m³
36161,2023-08-02T22:00:00Z,2023-08-03T22:00:00Z,daily,24.3,pm10,µg/m³
36161,2023-08-03T22:00:00Z,2023-08-04T22:00:00Z,daily,32.9,pm10,µg/m³
36161,2023-08-04T22:00:00Z,2023-08-05T22:00:00Z,daily,24.9,pm10,µg/m³
36161,2023-08-05T22:00:00Z,2023-08-06T22:00:00Z,daily,23.3,pm10,µg/m³
36161,2023-08-06T22:00:00Z,2023-08-07T22:00:00Z,daily,21.7,pm10,µg/m³
36161,2023-08-07T22:00:00Z,2023-08-08T22:00:00Z,daily,23.5,pm10,µg/m³
36161,2023-08-08T22:00:00Z,2023-08-09T22:00:00Z,daily,23.5,pm10,µg/m³
36161,2023-08-09T22:00:00Z,2023-08-10T22:00:00Z,daily,33.1,pm10,µg/m³
36161,2023-08-10T22:00:00Z,2023-08-11T22:00:00Z,daily,43.0,pm10,µg/m³
36161,2023-08-11T22:00:00Z,2023-08-12T22:00:00Z,daily,35.8,pm10,µg/m³
36161,2023-08-12T22:00:00Z,2023-08-13T22:00:00Z,daily,35.5,pm10,µg/m³
36161,2023-08-13T22:00:00Z,2023-08-14T22:00:00Z,daily,33.2,pm10,µg/m³
36161,2023-08-14T22:00:00Z,2023-08-15T22:00:00Z,daily,32.5,pm10,µg/m³
36161,2023-08-15T22:00:00Z,2023-08-16T22:00:00Z,daily,43.4,pm10,µg/m³
36161,2023-08-16T22:00:00Z,2023-08-17T22:00:00Z,daily,38.7,pm10,µg/m³
36161,2023-08-17T22:00:00Z,2023-08-18T22:00:00Z,daily,24.8,pm10,µg/m³
36161,2023-08-23T22:00:00Z,2023-08-24T22:00:00Z,daily,61.1,pm10,µg/m³
36161,2023-08-24T22:00:00Z,2023-08-25T22:00:00Z,daily,39.7,pm10,µg/m³
36161,2023-08-25T22:00:00Z,2023-08-26T22:00:00Z,daily,31.1,pm10,µg/m³
36161,2023-08-26T22:00:00Z,2023-08-27T22:00:00Z,daily,24.6,pm10,µg/m³
36161,2023-08-27T22:00:00Z,2023-08-28T22:00:00Z,daily,22.2,pm10,µg/m³
36161,2023-08-28T22:00:00Z,2023-08-29T22:00:00Z,daily,31.3,pm10,µg/m³
36161,2023-08-29T22:00:00Z,2023-08-30T22:00:00Z,daily,23.6,pm10,µg/m³
36161,2023-08-30T22:00:00Z,2023-08-31T22:00:00Z,daily,19.4,pm10,µg/m³
36161,2023-08-31T22:00:00Z,2023-09-01T22:00:00Z,daily,29.4,pm10,µg/m³
36161,2023-09-01T22:00:00Z,2023-09-02T22:00:00Z,daily,34.6,pm10,µg/m³
36161,2023-09-02T22:00:00Z,2023-09-03T22:00:00Z,daily,29.0,pm10,µg/m³
36161,2023-09-03T22:00:00Z,2023-09-04T22:00:00Z,daily,30.4,pm10,µg/m³
36161,2023-09-04T22:00:00Z,2023-09-05T22:00:00Z,daily,51.5,pm10,µg/m³
36161,2023-09-05T22:00:00Z,2023-09-06T22:00:00Z,daily,50.1,pm10,µg/m³
36161,2023-09-06T22:00:00Z,2023-09-07T22:00:00Z,daily,46.1,pm10,µg/m³
36161,2023-09-07T22:00:00Z,2023-09-08T22:00:00Z,daily,50.0,pm10,µg/m³
36161,2023-09-08T22:00:00Z,2023-09-09T22:00:00Z,daily,49.7,pm10,µg/m³
36161,2023-09-09T22:00:00Z,2023-09-10T22:00:00Z,daily,46.7,pm10,µg/m³
36161,2023-09-10T22:00:00Z,2023-09-11T22:00:00Z,daily,54.5,pm10,µg/m³
36161,2023-09-11T22:00:00Z,2023-09-12T22:00:00Z,daily,71.0,pm10,µg/m³
36161,2023-09-12T22:00:00Z,2023-09-13T22:00:00Z,daily,54.4,pm10,µg/m³
36161,2023-09-13T22:00:00Z,2023-09-14T22:00:00Z,daily,28.1,pm10,µg/m³
36161,2023-09-14T22:00:00Z,2023-09-15T22:00:00Z,daily,17.9,pm10,µg/m³
36161,2023-09-15T22:00:00Z,2023-09-16T22:00:00Z,daily,20.6,pm10,µg/m³
36161,2023-09-16T22:00:00Z,2023-09-17T22:00:00Z,daily,25.2,pm10,µg/m³
36161,2023-09-17T22:00:00Z,2023-09-18T22:00:00Z,daily,28.7,pm10,µg/m³
36161,2023-09-18T22:00:00Z,2023-09-19T22:00:00Z,daily,33.2,pm10,µg/m³
36161,2023-09-19T22:00:00Z,2023-09-20T22:00:00Z,daily,29.7,pm10,µg/m³
36161,2023-09-20T22:00:00Z,2023-09-21T22:00:00Z,daily,22.8,pm10,µg/m³
36161,2023-09-21T22:00:00Z,2023-09-22T22:00:00Z,daily,29.1,pm10,µg/m³
36161,2023-09-22T22:00:00Z,2023-09-23T22:00:00Z,daily,22.7,pm10,µg/m³
36161,2023-09-23T22:00:00Z,2023-09-24T22:00:00Z,daily,16.0,pm10,µg/m³
36161,2023-09-24T22:00:00Z,2023-09-25T22:00:00Z,daily,15.1,pm10,µg/m³
36161,2023-09-25T22:00:00Z,2023-09-26T22:00:00Z,daily,34.6,pm10,µg/m³
36161,2023-09-26T22:00:00Z,2023-09-27T22:00:00Z,daily,49.1,pm10,µg/m³
36161,2023-09-27T22:00:00Z,2023-09-28T22:00:00Z,daily,47.7,pm10,µg/m³
36161,2023-09-28T22:00:00Z,2023-09-29T22:00:00Z,daily,57.9,pm10,µg/m³
36161,2023-09-29T22:00:00Z,2023-09-30T22:00:00Z,daily,33.2,pm10,µg/m³
36161,2023-09-30T22:00:00Z,2023-10-01T22:00:00Z,daily,24.6,pm10,µg/m³
36161,2023-10-01T22:00:00Z,2023-10-02T22:00:00Z,daily,40.9,pm10,µg/m³
36161,2023-10-02T22:00:00Z,2023-10-03T22:00:00Z,daily,33.5,pm10,µg/m³
36161,2023-10-03T22:00:00Z,2023-10-04T22:00:00Z,daily,26.1,pm10,µg/m³
36161,2023-10-04T22:00:00Z,2023-10-05T22:00:00Z,daily,26.6,pm10,µg/m³
36161,2023-10-05T22:00:00Z,2023-10-06T22:00:00Z,daily,31.0,pm10,µg/m³
36161,2023-10-06T22:00:00Z,2023-10-07T22:00:00Z,daily,14.4,pm10,µg/m³
36161,2023-10-07T22:00:00Z,2023-10-08T22:00:00Z,daily,18.4,pm10,µg/m³
36161,2023-10-08T22:00:00Z,2023-10-09T22:00:00Z,daily,42.7,pm10,µg/m³
36161,2023-10-09T22:00:00Z,2023-10-10T22:00:00Z,daily,43.1,pm10,µg/m³
36161,2023-10-10T22:00:00Z,2023-10-11T22:00:00Z,daily,38.9,pm10,µg/m³
36161,2023-10-11T22:00:00Z,2023-10-12T22:00:00Z,daily,35.8,pm10,µg/m³
36161,2023-10-12T22:00:00Z,2023-10-13T22:00:00Z,daily,40.6,pm10,µg/m³
36161,2023-10-13T22:00:00Z,2023-10-14T22:00:00Z,daily,33.1,pm10,µg/m³
36161,2023-10-14T22:00:00Z,2023-10-15T22:00:00Z,daily,18.1,pm10,µg/m³
36161,2023-10-15T22:00:00Z,2023-10-16T22:00:00Z,daily,20.9,pm10,µg/m³
36161,2023-10-25T22:00:00Z,2023-10-26T22:00:00Z,daily,15.8,pm10,µg/m³
36161,2023-10-26T22:00:00Z,2023-10-27T22:00:00Z,daily,20.0,pm10,µg/m³
36161,2023-10-27T22:00:00Z,2023-10-28T22:00:00Z,daily,20.4,pm10,µg/m³
36161,2023-10-28T22:00:00Z,2023-10-29T23:00:00Z,daily,25.2,pm10,µg/m³
36161,2023-10-29T23:00:00Z,2023-10-30T23:00:00Z,daily,30.2,pm10,µg/m³
36161,2023-10-30T23:00:00Z,2023-10-31T23:00:00Z,daily,23.7,pm10,µg/m³
36161,2023-10-31T23:00:00Z,2023-11-01T23:00:00Z,daily,31.5,pm10,µg/m³
36161,2023-11-01T23:00:00Z,2023-11-02T23:00:00Z,daily,26.5,pm10,µg/m³
36161,2023-11-02T23:00:00Z,2023-11-03T23:00:00Z,daily,14.3,pm10,µg/m³
36161,2023-11-03T23:00:00Z,2023-11-04T23:00:00Z,daily,15.4,pm10,µg/m³
36161,2023-11-04T23:00:00Z,2023-11-05T23:00:00Z,daily,25.8,pm10,µg/m³
36161,2023-11-05T23:00:00Z,2023-11-06T23:00:00Z,daily,15.4,pm10,µg/m³
36161,2023-11-06T23:00:00Z,2023-11-07T23:00:00Z,daily,28.8,pm10,µg/m³
36161,2023-11-07T23:00:00Z,2023-11-08T23:00:00Z,daily,40.3,pm10,µg/m³
36161,2023-11-08T23:00:00Z,2023-11-09T23:00:00Z,daily,24.0,pm10,µg/m³
36161,2023-11-09T23:00:00Z,2023-11-10T23:00:00Z,daily,35.6,pm10,µg/m³
36161,2023-11-10T23:00:00Z,2023-11-11T23:00:00Z,daily,34.5,pm10,µg/m³
36161,2023-11-11T23:00:00Z,2023-11-12T23:00:00Z,daily,30.9,pm10,µg/m³
36161,2023-11-12T23:00:00Z,2023-11-13T23:00:00Z,daily,28.3,pm10,µg/m³
36161,2023-11-13T23:00:00Z,2023-11-14T23:00:00Z,daily,21.1,pm10,µg/m³
36161,2023-11-14T23:00:00Z,2023-11-15T23:00:00Z,daily,19.1,pm10,µg/m³
36161,2023-11-15T23:00:00Z,2023-11-16T23:00:00Z,daily,33.4,pm10,µg/m³
36161,2023-11-16T23:00:00Z,2023-11-17T23:00:00Z,daily,17.3,pm10,µg/m³
36161,2023-11-17T23:00:00Z,2023-11-18T23:00:00Z,daily,14.8,pm10,µg/m³
36161,2023-11-18T23:00:00Z,2023-11-19T23:00:00Z,daily,26.8,pm10,µg/m³
36161,2023-11-19T23:00:00Z,2023-11-20T23:00:00Z,daily,14.2,pm10,µg/m³
36161,2023-11-20T23:00:00Z,2023-11-21T23:00:00Z,daily,28.2,pm10,µg/m³
36161,2023-11-21T23:00:00Z,2023-11-22T23:00:00Z,daily,32.5,pm10,µg/m³
36161,2023-11-22T23:00:00Z,2023-11-23T23:00:00Z,daily,28.0,pm10,µg/m³
36161,2023-11-23T23:00:00Z,2023-11-24T23:00:00Z,daily,13.0,pm10,µg/m³
36161,2023-11-24T23:00:00Z,2023-11-25T23:00:00Z,daily,10.3,pm10,µg/m³
36161,2023-11-25T23:00:00Z,2023-11-26T23:00:00Z,daily,13.9,pm10,µg/m³
36161,2023-11-26T23:00:00Z,2023-11-27T23:00:00Z,daily,25.4,pm10,µg/m³
36161,2023-11-27T23:00:00Z,2023-11-28T23:00:00Z,daily,42.7,pm10,µg/m³
36161,2023-11-28T23:00:00Z,2023-11-29T23:00:00Z,daily,47.2,pm10,µg/m³
36161,2023-11-29T23:00:00Z,2023-11-30T23:00:00Z,daily,52.7,pm10,µg/m³
36161,2023-11-30T23:00:00Z,2023-12-01T23:00:00Z,daily,59.3,pm10,µg/m³
36161,2023-12-01T23:00:00Z,2023-12-02T23:00:00Z,daily,62.5,pm10,µg/m³
36161,2023-12-02T23:00:00Z,2023-12-03T23:00:00Z,daily,47.6,pm10,µg/m³
36161,2023-12-03T23:00:00Z,2023-12-04T23:00:00Z,daily,33.1,pm10,µg/m³
36161,2023-12-04T23:00:00Z,2023-12-05T23:00:00Z,daily,49.8,pm10,µg/m³
36161,2023-12-05T23:00:00Z,2023-12-06T23:00:00Z,daily,44.5,pm10,µg/m³
36161,2023-12-06T23:00:00Z,2023-12-07T23:00:00Z,daily,35.6,pm10,µg/m³
36161,2023-12-07T23:00:00Z,2023-12-08T23:00:00Z,daily,35.8,pm10,µg/m³
36161,2023-12-08T23:00:00Z,2023-12-09T23:00:00Z,daily,50.5,pm10,µg/m³
36161,2023-12-09T23:00:00Z,2023-12-10T23:00:00Z,daily,40.3,pm10,µg/m³
36161,2023-12-10T23:00:00Z,2023-12-11T23:00:00Z,daily,28.5,pm10,µg/m³
36161,2023-12-11T23:00:00Z,2023-12-12T23:00:00Z,daily,28.1,pm10,µg/m³
36161,2023-12-13T23:00:00Z,2023-12-14T23:00:00Z,daily,28.4,pm10,µg/m³
36161,2023-12-14T23:00:00Z,2023-12-15T23:00:00Z,daily,20.8,pm10,µg/m³
36161,2023-12-15T23:00:00Z,2023-12-16T23:00:00Z,daily,22.4,pm10,µg/m³
36161,2023-12-16T23:00:00Z,2023-12-17T23:00:00Z,daily,19.8,pm10,µg/m³
36161,2023-12-17T23:00:00Z,2023-12-18T23:00:00Z,daily,19.6,pm10,µg/m³
36161,2023-12-18T23:00:00Z,2023-12-19T23:00:00Z,daily,20.7,pm10,µg/m³
36161,2023-12-19T23:00:00Z,2023-12-20T23:00:00Z,daily,13.7,pm10,µg/m³
36161,2023-12-20T23:00:00Z,2023-12-21T23:00:00Z,daily,10.6,pm10,µg/m³
36161,2023-12-21T23:00:00Z,2023-12-22T23:00:00Z,daily,11.5,pm10,µg/m³
36161,2023-12-22T23:00:00Z,2023-12-23T23:00:00Z,daily,12.4,pm10,µg/m³
36161,2023-12-23T23:00:00Z,2023-12-24T23:00:00Z,daily,11.2,pm10,µg/m³
36161,2023-12-24T23:00:00Z,2023-12-25T23:00:00Z,daily,5.83,pm10,µg/m³
36161,2023-12-25T23:00:00Z,2023-12-26T23:00:00Z,daily,8.28,pm10,µg/m³
36161,2023-12-26T23:00:00Z,2023-12-27T23:00:00Z,daily,20.7,pm10,µg/m³
36161,2023-12-27T23:00:00Z,2023-12-28T23:00:00Z,daily,28.8,pm10,µg/m³
36161,2023-12-28T23:00:00Z,2023-12-29T23:00:00Z,daily,25.8,pm10,µg/m³
36161,2023-12-29T23:00:00Z,2023-12-30T23:00:00Z,daily,9.03,pm10,µg/m³
36162,2022-12-31T23:00:00Z,2023-01-01T23:00:00Z,daily,10.9,pm25,µg/m³
36162,2023-01-01T23:00:00Z,2023-01-02T23:00:00Z,daily,18.4,pm25,µg/m³
36162,2023-01-02T23:00:00Z,2023-01-03T23:00:00Z,daily,11.6,pm25,µg/m³
36162,2023-01-03T23:00:00Z,2023-01-04T23:00:00Z,daily,19.5,pm25,µg/m³
36162,2023-01-04T23:00:00Z,2023-01-05T23:00:00Z,daily,4.08,pm25,µg/m³
36162,2023-01-05T23:00:00Z,2023-01-06T23:00:00Z,daily,11.6,pm25,µg/m³
36162,2023-01-06T23:00:00Z,2023-01-07T23:00:00Z,daily,21.5,pm25,µg/m³
36162,2023-01-07T23:00:00Z,2023-01-08T23:00:00Z,daily,20.2,pm25,µg/m³
36162,2023-01-08T23:00:00Z,2023-01-09T23:00:00Z,daily,22.4,pm25,µg/m³
36162,2023-01-09T23:00:00Z,2023-01-10T23:00:00Z,daily,27.3,pm25,µg/m³
36162,2023-01-10T23:00:00Z,2023-01-11T23:00:00Z,daily,19.3,pm25,µg/m³
36162,2023-01-15T23:00:00Z,2023-01-16T23:00:00Z,daily,15.9,pm25,µg/m³
36162,2023-01-16T23:00:00Z,2023-01-17T23:00:00Z,daily,17.8,pm25,µg/m³
36162,2023-01-17T23:00:00Z,2023-01-18T23:00:00Z,daily,17.7,pm25,µg/m³
36162,2023-01-18T23:00:00Z,2023-01-19T23:00:00Z,daily,20.6,pm25,µg/m³
36162,2023-01-19T23:00:00Z,2023-01-20T23:00:00Z,daily,18.0,pm25,µg/m³
36162,2023-01-20T23:00:00Z,2023-01-21T23:00:00Z,daily,9.14,pm25,µg/m³
36162,2023-01-21T23:00:00Z,2023-01-22T23:00:00Z,daily,18.8,pm25,µg/m³
36162,2023-01-22T23:00:00Z,2023-01-23T23:00:00Z,daily,23.7,pm25,µg/m³
36162,2023-01-23T23:00:00Z,2023-01-24T23:00:00Z,daily,28.9,pm25,µg/m³
36162,2023-01-24T23:00:00Z,2023-01-25T23:00:00Z,daily,28.3,pm25,µg/m³
36162,2023-01-25T23:00:00Z,2023-01-26T23:00:00Z,daily,28.0,pm25,µg/m³
36162,2023-01-26T23:00:00Z,2023-01-27T23:00:00Z,daily,31.5,pm25,µg/m³
36162,2023-01-27T23:00:00Z,2023-01-28T23:00:00Z,daily,15.5,pm25,µg/m³
36162,2023-01-28T23:00:00Z,2023-01-29T23:00:00Z,daily,16.0,pm25,µg/m³
36162,2023-01-29T23:00:00Z,2023-01-30T23:00:00Z,daily,13.1,pm25,µg/m³
36162,2023-01-30T23:00:00Z,2023-01-31T23:00:00Z,daily,9.51,pm25,µg/m³
36162,2023-01-31T23:00:00Z,2023-02-01T23:00:00Z,daily,7.02,pm25,µg/m³
36162,2023-02-01T23:00:00Z,2023-02-02T23:00:00Z,daily,7.8,pm25,µg/m³
36162,2023-02-13T23:00:00Z,2023-02-14T23:00:00Z,daily,18.7,pm25,µg/m³
36162,2023-02-14T23:00:00Z,2023-02-15T23:00:00Z,daily,26.4,pm25,µg/m³
36162,2023-02-15T23:00:00Z,2023-02-16T23:00:00Z,daily,44.7,pm25,µg/m³
36162,2023-03-18T23:00:00Z,2023-03-19T23:00:00Z,daily,30.3,pm25,µg/m³
36162,2023-03-19T23:00:00Z,2023-03-20T23:00:00Z,daily,45.9,pm25,µg/m³
36162,2023-03-20T23:00:00Z,2023-03-21T23:00:00Z,daily,15.7,pm25,µg/m³
36162,2023-03-21T23:00:00Z,2023-03-22T23:00:00Z,daily,29.5,pm25,µg/m³
36162,2023-03-22T23:00:00Z,2023-03-23T23:00:00Z,daily,32.2,pm25,µg/m³
36162,2023-03-23T23:00:00Z,2023-03-24T23:00:00Z,daily,15.5,pm25,µg/m³
36162,2023-03-24T23:00:00Z,2023-03-26T22:00:00Z,daily,10.5,pm25,µg/m³
36162,2023-03-25T23:00:00Z,2023-03-26T22:00:00Z,daily,8.77,pm25,µg/m³
36162,2023-03-26T22:00:00Z,2023-03-27T22:00:00Z,daily,12.7,pm25,µg/m³
36162,2023-03-27T22:00:00Z,2023-03-28T22:00:00Z,daily,12.7,pm25,µg/m³
36162,2023-03-28T22:00:00Z,2023-03-29T22:00:00Z,daily,14.7,pm25,µg/m³
36162,2023-03-29T22:00:00Z,2023-03-30T22:00:00Z,daily,21.3,pm25,µg/m³
36162,2023-03-30T22:00:00Z,2023-03-31T22:00:00Z,daily,13.5,pm25,µg/m³
36162,2023-03-31T22:00:00Z,2023-04-01T22:00:00Z,daily,11.4,pm25,µg/m³
36162,2023-04-01T22:00:00Z,2023-04-02T22:00:00Z,daily,8.38,pm25,µg/m³
36162,2023-04-02T22:00:00Z,2023-04-03T22:00:00Z,daily,6.25,pm25,µg/m³
36162,2023-04-03T22:00:00Z,2023-04-04T22:00:00Z,daily,14.7,pm25,µg/m³
36162,2023-04-04T22:00:00Z,2023-04-05T22:00:00Z,daily,17.4,pm25,µg/m³
36162,2023-04-05T22:00:00Z,2023-04-06T22:00:00Z,daily,10.4,pm25,µg/m³
36162,2023-04-06T22:00:00Z,2023-04-07T22:00:00Z,daily,14.0,pm25,µg/m³
36162,2023-04-07T22:00:00Z,2023-04-08T22:00:00Z,daily,10.8,pm25,µg/m³
36162,2023-04-08T22:00:00Z,2023-04-09T22:00:00Z,daily,11.2,pm25,µg/m³
36162,2023-04-09T22:00:00Z,2023-04-10T22:00:00Z,daily,13.4,pm25,µg/m³
36162,2023-04-10T22:00:00Z,2023-04-11T22:00:00Z,daily,18.6,pm25,µg/m³
36162,2023-04-11T22:00:00Z,2023-04-12T22:00:00Z,daily,23.7,pm25,µg/m³
36162,2023-04-12T22:00:00Z,2023-04-13T22:00:00Z,daily,33.3,pm25,µg/m³
36162,2023-04-13T22:00:00Z,2023-04-14T22:00:00Z,daily,13.0,pm25,µg/m³
36162,2023-04-14T22:00:00Z,2023-04-15T22:00:00Z,daily,6.48,pm25,µg/m³
36162,2023-04-15T22:00:00Z,2023-04-16T22:00:00Z,daily,10.8,pm25,µg/m³
36162,2023-04-16T22:00:00Z,2023-04-17T22:00:00Z,daily,13.7,pm25,µg/m³
36162,2023-04-17T22:00:00Z,2023-04-18T22:00:00Z,daily,12.3,pm25,µg/m³
36162,2023-04-18T22:00:00Z,2023-04-19T22:00:00Z,daily,12.3,pm25,µg/m³
36162,2023-04-19T22:00:00Z,2023-04-20T22:00:00Z,daily,15.6,pm25,µg/m³
36162,2023-04-20T22:00:00Z,2023-04-21T22:00:00Z,daily,14.1,pm25,µg/m³
36162,2023-04-21T22:00:00Z,2023-04-22T22:00:00Z,daily,15.6,pm25,µg/m³
36162,2023-04-22T22:00:00Z,2023-04-23T22:00:00Z,daily,17.7,pm25,µg/m³
36162,2023-04-23T22:00:00Z,2023-04-24T22:00:00Z,daily,19.1,pm25,µg/m³
36162,2023-04-25T22:00:00Z,2023-04-26T22:00:00Z,daily,9.83,pm25,µg/m³
36162,2023-04-26T22:00:00Z,2023-04-27T22:00:00Z,daily,16.0,pm25,µg/m³
36162,2023-04-27T22:00:00Z,2023-04-28T22:00:00Z,daily,22.4,pm25,µg/m³
36162,2023-04-28T22:00:00Z,2023-04-29T22:00:00Z,daily,20.3,pm25,µg/m³
36162,2023-04-29T22:00:00Z,2023-04-30T22:00:00Z,daily,15.3,pm25,µg/m³
36162,2023-04-30T22:00:00Z,2023-05-01T22:00:00Z,daily,11.3,pm25,µg/m³
36162,2023-05-01T22:00:00Z,2023-05-02T22:00:00Z,daily,19.1,pm25,µg/m³
36162,2023-05-02T22:00:00Z,2023-05-03T22:00:00Z,daily,10.2,pm25,µg/m³
36162,2023-05-03T22:00:00Z,2023-05-04T22:00:00Z,daily,15.1,pm25,µg/m³
36162,2023-05-04T22:00:00Z,2023-05-05T22:00:00Z,daily,14.8,pm25,µg/m³
36162,2023-05-09T22:00:00Z,2023-05-10T22:00:00Z,daily,10.2,pm25,µg/m³
36162,2023-05-10T22:00:00Z,2023-05-11T22:00:00Z,daily,10.3,pm25,µg/m³
36162,2023-05-11T22:00:00Z,2023-05-12T22:00:00Z,daily,13.2,pm25,µg/m³
36162,2023-05-12T22:00:00Z,2023-05-13T22:00:00Z,daily,23.0,pm25,µg/m³
36162,2023-05-13T22:00:00Z,2023-05-14T22:00:00Z,daily,24.9,pm25,µg/m³
36162,2023-05-15T22:00:00Z,2023-05-16T22:00:00Z,daily,12.7,pm25,µg/m³
36162,2023-05-16T22:00:00Z,2023-05-17T22:00:00Z,daily,13.6,pm25,µg/m³
36162,2023-05-17T22:00:00Z,2023-05-18T22:00:00Z,daily,6.9,pm25,µg/m³
36162,2023-05-18T22:00:00Z,2023-05-19T22:00:00Z,daily,9.93,pm25,µg/m³
36162,2023-05-19T22:00:00Z,2023-05-20T22:00:00Z,daily,13.6,pm25,µg/m³
36162,2023-05-20T22:00:00Z,2023-05-21T22:00:00Z,daily,10.2,pm25,µg/m³
36162,2023-05-21T22:00:00Z,2023-05-22T22:00:00Z,daily,12.2,pm25,µg/m³
36162,2023-05-22T22:00:00Z,2023-05-23T22:00:00Z,daily,20.4,pm25,µg/m³
36162,2023-05-23T22:00:00Z,2023-05-24T22:00:00Z,daily,20.6,pm25,µg/m³
36162,2023-05-24T22:00:00Z,2023-05-25T22:00:00Z,daily,27.2,pm25,µg/m³
36162,2023-05-25T22:00:00Z,2023-05-26T22:00:00Z,daily,14.9,pm25,µg/m³
36162,2023-05-27T22:00:00Z,2023-05-28T22:00:00Z,daily,6.91,pm25,µg/m³
36162,2023-05-28T22:00:00Z,2023-05-29T22:00:00Z,daily,13.4,pm25,µg/m³
36162,2023-05-29T22:00:00Z,2023-05-30T22:00:00Z,daily,10.2,pm25,µg/m³
36162,2023-05-30T22:00:00Z,2023-05-31T22:00:00Z,daily,10.7,pm25,µg/m³
36162,2023-05-31T22:00:00Z,2023-06-01T22:00:00Z,daily,12.3,pm25,µg/m³
36162,2023-06-01T22:00:00Z,2023-06-02T22:00:00Z,daily,10.6,pm25,µg/m³
36162,2023-06-02T22:00:00Z,2023-06-03T22:00:00Z,daily,6.57,pm25,µg/m³
36162,2023-06-03T22:00:00Z,2023-06-04T22:00:00Z,daily,7.27,pm25,µg/m³
36162,2023-06-04T22:00:00Z,2023-06-05T22:00:00Z,daily,8.98,pm25,µg/m³
36162,2023-06-05T22:00:00Z,2023-06-06T22:00:00Z,daily,12.4,pm25,µg/m³
36162,2023-06-06T22:00:00Z,2023-06-07T22:00:00Z,daily,15.0,pm25,µg/m³
36162,2023-06-07T22:00:00Z,2023-06-08T22:00:00Z,daily,14.5,pm25,µg/m³
36162,2023-06-08T22:00:00Z,2023-06-09T22:00:00Z,daily,15.4,pm25,µg/m³
36162,2023-06-09T22:00:00Z,2023-06-10T22:00:00Z,daily,14.8,pm25,µg/m³
36162,2023-06-10T22:00:00Z,2023-06-11T22:00:00Z,daily,9.88,pm25,µg/m³
36162,2023-06-11T22:00:00Z,2023-06-12T22:00:00Z,daily,8.02,pm25,µg/m³
36162,2023-06-12T22:00:00Z,2023-06-13T22:00:00Z,daily,9.96,pm25,µg/m³
36162,2023-06-13T22:00:00Z,2023-06-14T22:00:00Z,daily,11.9,pm25,µg/m³
36162,2023-06-14T22:00:00Z,2023-06-15T22:00:00Z,daily,15.7,pm25,µg/m³
36162,2023-06-15T22:00:00Z,2023-06-16T22:00:00Z,daily,21.1,pm25,µg/m³
36162,2023-06-16T22:00:00Z,2023-06-17T22:00:00Z,daily,17.0,pm25,µg/m³
36162,2023-06-17T22:00:00Z,2023-06-18T22:00:00Z,daily,20.5,pm25,µg/m³
36162,2023-06-18T22:00:00Z,2023-06-19T22:00:00Z,daily,17.0,pm25,µg/m³
36162,2023-06-19T22:00:00Z,2023-06-20T22:00:00Z,daily,21.4,pm25,µg/m³
36162,2023-06-20T22:00:00Z,2023-06-21T22:00:00Z,daily,24.6,pm25,µg/m³
36162,2023-06-21T22:00:00Z,2023-06-22T22:00:00Z,daily,21.0,pm25,µg/m³
36162,2023-06-23T22:00:00Z,2023-06-24T22:00:00Z,daily,11.8,pm25,µg/m³
36162,2023-06-24T22:00:00Z,2023-06-25T22:00:00Z,daily,18.3,pm25,µg/m³
36162,2023-06-25T22:00:00Z,2023-06-26T22:00:00Z,daily,15.1,pm25,µg/m³
36162,2023-06-26T22:00:00Z,2023-06-27T22:00:00Z,daily,11.5,pm25,µg/m³
36162,2023-06-27T22:00:00Z,2023-06-28T22:00:00Z,daily,7.45,pm25,µg/m³
36162,2023-06-28T22:00:00Z,2023-06-29T22:00:00Z,daily,11.9,pm25,µg/m³
36162,2023-06-29T22:00:00Z,2023-06-30T22:00:00Z,daily,13.9,pm25,µg/m³
36162,2023-06-30T22:00:00Z,2023-07-01T22:00:00Z,daily,15.4,pm25,µg/m³
36162,2023-07-01T22:00:00Z,2023-07-02T22:00:00Z,daily,13.0,pm25,µg/m³
36162,2023-07-02T22:00:00Z,2023-07-03T22:00:00Z,daily,15.3,pm25,µg/m³
36162,2023-07-03T22:00:00Z,2023-07-04T22:00:00Z,daily,19.4,pm25,µg/m³
36162,2023-07-04T22:00:00Z,2023-07-05T22:00:00Z,daily,23.4,pm25,µg/m³
36162,2023-07-05T22:00:00Z,2023-07-06T22:00:00Z,daily,12.3,pm25,µg/m³
36162,2023-07-06T22:00:00Z,2023-07-07T22:00:00Z,daily,16.8,pm25,µg/m³
36162,2023-07-07T22:00:00Z,2023-07-08T22:00:00Z,daily,14.8,pm25,µg/m³
36162,2023-07-08T22:00:00Z,2023-07-09T22:00:00Z,daily,9.15,pm25,µg/m³
36162,2023-07-09T22:00:00Z,2023-07-10T22:00:00Z,daily,10.6,pm25,µg/m³
36162,2023-07-10T22:00:00Z,2023-07-11T22:00:00Z,daily,10.9,pm25,µg/m³
36162,2023-07-11T22:00:00Z,2023-07-12T22:00:00Z,daily,13.3,pm25,µg/m³
36162,2023-07-12T22:00:00Z,2023-07-13T22:00:00Z,daily,15.0,pm25,µg/m³
36162,2023-07-16T22:00:00Z,2023-07-17T22:00:00Z,daily,12.7,pm25,µg/m³
36162,2023-07-17T22:00:00Z,2023-07-18T22:00:00Z,daily,9.32,pm25,µg/m³
36162,2023-07-18T22:00:00Z,2023-07-19T22:00:00Z,daily,10.3,pm25,µg/m³
36162,2023-07-19T22:00:00Z,2023-07-20T22:00:00Z,daily,10.1,pm25,µg/m³
36162,2023-07-20T22:00:00Z,2023-07-21T22:00:00Z,daily,10.2,pm25,µg/m³
36162,2023-07-21T22:00:00Z,2023-07-22T22:00:00Z,daily,12.4,pm25,µg/m³
36162,2023-07-22T22:00:00Z,2023-07-23T22:00:00Z,daily,12.2,pm25,µg/m³
36162,2023-07-23T22:00:00Z,2023-07-24T22:00:00Z,daily,11.6,pm25,µg/m³
36162,2023-07-24T22:00:00Z,2023-07-25T22:00:00Z,daily,12.0,pm25,µg/m³
36162,2023-07-25T22:00:00Z,2023-07-26T22:00:00Z,daily,9.24,pm25,µg/m³
36162,2023-07-26T22:00:00Z,2023-07-27T22:00:00Z,daily,8.14,pm25,µg/m³
36162,2023-07-27T22:00:00Z,2023-07-28T22:00:00Z,daily,9.73,pm25,µg/m³
36162,2023-07-28T22:00:00Z,2023-07-29T22:00:00Z,daily,10.6,pm25,µg/m³
36162,2023-07-29T22:00:00Z,2023-07-30T22:00:00Z,daily,9.26,pm25,µg/m³
36162,2023-07-30T22:00:00Z,2023-07-31T22:00:00Z,daily,8.78,pm25,µg/m³
36162,2023-07-31T22:00:00Z,2023-08-01T22:00:00Z,daily,9.57,pm25,µg/m³
36162,2023-08-01T22:00:00Z,2023-08-02T22:00:00Z,daily,9.37,pm25,µg/m³
36162,2023-08-02T22:00:00Z,2023-08-03T22:00:00Z,daily,8.8,pm25,µg/m³
36162,2023-08-03T22:00:00Z,2023-08-04T22:00:00Z,daily,9.1,pm25,µg/m³
36162,2023-08-04T22:00:00Z,2023-08-05T22:00:00Z,daily,11.8,pm25,µg/m³
36162,2023-08-05T22:00:00Z,2023-08-06T22:00:00Z,daily,12.1,pm25,µg/m³
36162,2023-08-06T22:00:00Z,2023-08-07T22:00:00Z,daily,6.47,pm25,µg/m³
36162,2023-08-07T22:00:00Z,2023-08-08T22:00:00Z,daily,7.38,pm25,µg/m³
36162,2023-08-08T22:00:00Z,2023-08-09T22:00:00Z,daily,8.78,pm25,µg/m³
36162,2023-08-09T22:00:00Z,2023-08-10T22:00:00Z,daily,13.4,pm25,µg/m³
36162,2023-08-10T22:00:00Z,2023-08-11T22:00:00Z,daily,13.3,pm25,µg/m³
36162,2023-08-11T22:00:00Z,2023-08-12T22:00:00Z,daily,12.3,pm25,µg/m³
36162,2023-08-12T22:00:00Z,2023-08-13T22:00:00Z,daily,15.1,pm25,µg/m³
36162,2023-08-13T22:00:00Z,2023-08-14T22:00:00Z,daily,16.0,pm25,µg/m³
36162,2023-08-14T22:00:00Z,2023-08-15T22:00:00Z,daily,16.5,pm25,µg/m³
36162,2023-08-15T22:00:00Z,2023-08-16T22:00:00Z,daily,18.9,pm25,µg/m³
36162,2023-08-16T22:00:00Z,2023-08-17T22:00:00Z,daily,18.2,pm25,µg/m³
36162,2023-08-17T22:00:00Z,2023-08-18T22:00:00Z,daily,12.5,pm25,µg/m³
36162,2023-08-23T22:00:00Z,2023-08-24T22:00:00Z,daily,17.4,pm25,µg/m³
36162,2023-08-24T22:00:00Z,2023-08-25T22:00:00Z,daily,20.2,pm25,µg/m³
36162,2023-08-25T22:00:00Z,2023-08-26T22:00:00Z,daily,14.2,pm25,µg/m³
36162,2023-08-26T22:00:00Z,2023-08-27T22:00:00Z,daily,13.3,pm25,µg/m³
36162,2023-08-27T22:00:00Z,2023-08-28T22:00:00Z,daily,11.0,pm25,µg/m³
36162,2023-08-28T22:00:00Z,2023-08-29T22:00:00Z,daily,13.2,pm25,µg/m³
36162,2023-08-29T22:00:00Z,2023-08-30T22:00:00Z,daily,14.1,pm25,µg/m³
36162,2023-08-30T22:00:00Z,2023-08-31T22:00:00Z,daily,8.62,pm25,µg/m³
36162,2023-08-31T22:00:00Z,2023-09-01T22:00:00Z,daily,10.1,pm25,µg/m³
36162,2023-09-01T22:00:00Z,2023-09-02T22:00:00Z,daily,14.5,pm25,µg/m³
36162,2023-09-02T22:00:00Z,2023-09-03T22:00:00Z,daily,13.5,pm25,µg/m³
36162,2023-09-03T22:00:00Z,2023-09-04T22:00:00Z,daily,10.9,pm25,µg/m³
36162,2023-09-04T22:00:00Z,2023-09-05T22:00:00Z,daily,15.5,pm25,µg/m³
36162,2023-09-05T22:00:00Z,2023-09-06T22:00:00Z,daily,17.0,pm25,µg/m³
36162,2023-09-06T22:00:00Z,2023-09-07T22:00:00Z,daily,19.2,pm25,µg/m³
36162,2023-09-07T22:00:00Z,2023-09-08T22:00:00Z,daily,19.6,pm25,µg/m³
36162,2023-09-08T22:00:00Z,2023-09-09T22:00:00Z,daily,23.7,pm25,µg/m³
36162,2023-09-09T22:00:00Z,2023-09-10T22:00:00Z,daily,22.6,pm25,µg/m³
36162,2023-09-10T22:00:00Z,2023-09-11T22:00:00Z,daily,22.5,pm25,µg/m³
36162,2023-09-11T22:00:00Z,2023-09-12T22:00:00Z,daily,30.0,pm25,µg/m³
36162,2023-09-12T22:00:00Z,2023-09-13T22:00:00Z,daily,26.0,pm25,µg/m³
36162,2023-09-13T22:00:00Z,2023-09-14T22:00:00Z,daily,10.7,pm25,µg/m³
36162,2023-09-14T22:00:00Z,2023-09-15T22:00:00Z,daily,6.2,pm25,µg/m³
36162,2023-09-15T22:00:00Z,2023-09-16T22:00:00Z,daily,8.16,pm25,µg/m³
36162,2023-09-16T22:00:00Z,2023-09-17T22:00:00Z,daily,12.8,pm25,µg/m³
36162,2023-09-17T22:00:00Z,2023-09-18T22:00:00Z,daily,14.5,pm25,µg/m³
36162,2023-09-18T22:00:00Z,2023-09-19T22:00:00Z,daily,14.6,pm25,µg/m³
36162,2023-09-19T22:00:00Z,2023-09-20T22:00:00Z,daily,11.7,pm25,µg/m³
36162,2023-09-20T22:00:00Z,2023-09-21T22:00:00Z,daily,12.0,pm25,µg/m³
36162,2023-09-21T22:00:00Z,2023-09-22T22:00:00Z,daily,12.3,pm25,µg/m³
36162,2023-09-22T22:00:00Z,2023-09-23T22:00:00Z,daily,12.1,pm25,µg/m³
36162,2023-09-23T22:00:00Z,2023-09-24T22:00:00Z,daily,7.98,pm25,µg/m³
36162,2023-09-24T22:00:00Z,2023-09-25T22:00:00Z,daily,7.11,pm25,µg/m³
36162,2023-09-25T22:00:00Z,2023-09-26T22:00:00Z,daily,17.4,pm25,µg/m³
36162,2023-09-26T22:00:00Z,2023-09-27T22:00:00Z,daily,24.2,pm25,µg/m³
36162,2023-09-27T22:00:00Z,2023-09-28T22:00:00Z,daily,22.9,pm25,µg/m³
36162,2023-09-28T22:00:00Z,2023-09-29T22:00:00Z,daily,25.0,pm25,µg/m³
36162,2023-09-29T22:00:00Z,2023-09-30T22:00:00Z,daily,15.4,pm25,µg/m³
36162,2023-09-30T22:00:00Z,2023-10-01T22:00:00Z,daily,10.1,pm25,µg/m³
36162,2023-10-01T22:00:00Z,2023-10-02T22:00:00Z,daily,15.6,pm25,µg/m³
36162,2023-10-02T22:00:00Z,2023-10-03T22:00:00Z,daily,13.6,pm25,µg/m³
36162,2023-10-03T22:00:00Z,2023-10-04T22:00:00Z,daily,8.75,pm25,µg/m³
36162,2023-10-04T22:00:00Z,2023-10-05T22:00:00Z,daily,11.3,pm25,µg/m³
36162,2023-10-05T22:00:00Z,2023-10-06T22:00:00Z,daily,12.6,pm25,µg/m³
36162,2023-10-06T22:00:00Z,2023-10-07T22:00:00Z,daily,7.65,pm25,µg/m³
36162,2023-10-07T22:00:00Z,2023-10-08T22:00:00Z,daily,6.45,pm25,µg/m³
36162,2023-10-08T22:00:00Z,2023-10-09T22:00:00Z,daily,14.8,pm25,µg/m³
36162,2023-10-09T22:00:00Z,2023-10-10T22:00:00Z,daily,23.3,pm25,µg/m³
36162,2023-10-10T22:00:00Z,2023-10-11T22:00:00Z,daily,22.4,pm25,µg/m³
36162,2023-10-11T22:00:00Z,2023-10-12T22:00:00Z,daily,13.7,pm25,µg/m³
36162,2023-10-12T22:00:00Z,2023-10-13T22:00:00Z,daily,17.5,pm25,µg/m³
36162,2023-10-13T22:00:00Z,2023-10-14T22:00:00Z,daily,13.8,pm25,µg/m³
36162,2023-10-14T22:00:00Z,2023-10-15T22:00:00Z,daily,8.23,pm25,µg/m³
36162,2023-10-15T22:00:00Z,2023-10-16T22:00:00Z,daily,7.93,pm25,µg/m³
36162,2023-10-25T22:00:00Z,2023-10-26T22:00:00Z,daily,12.2,pm25,µg/m³
36162,2023-10-26T22:00:00Z,2023-10-27T22:00:00Z,daily,12.3,pm25,µg/m³
36162,2023-10-27T22:00:00Z,2023-10-28T22:00:00Z,daily,9.99,pm25,µg/m³
36162,2023-10-28T22:00:00Z,2023-10-29T23:00:00Z,daily,17.7,pm25,µg/m³
36162,2023-10-29T23:00:00Z,2023-10-30T23:00:00Z,daily,14.8,pm25,µg/m³
36162,2023-10-30T23:00:00Z,2023-10-31T23:00:00Z,daily,13.6,pm25,µg/m³
36162,2023-10-31T23:00:00Z,2023-11-01T23:00:00Z,daily,8.4,pm25,µg/m³
36162,2023-11-01T23:00:00Z,2023-11-02T23:00:00Z,daily,18.0,pm25,µg/m³
36162,2023-11-02T23:00:00Z,2023-11-03T23:00:00Z,daily,7.66,pm25,µg/m³
36162,2023-11-03T23:00:00Z,2023-11-04T23:00:00Z,daily,9.2,pm25,µg/m³
36162,2023-11-04T23:00:00Z,2023-11-05T23:00:00Z,daily,19.5,pm25,µg/m³
36162,2023-11-05T23:00:00Z,2023-11-06T23:00:00Z,daily,6.44,pm25,µg/m³
36162,2023-11-06T23:00:00Z,2023-11-07T23:00:00Z,daily,12.3,pm25,µg/m³
36162,2023-11-07T23:00:00Z,2023-11-08T23:00:00Z,daily,18.6,pm25,µg/m³
36162,2023-11-08T23:00:00Z,2023-11-09T23:00:00Z,daily,15.4,pm25,µg/m³
36162,2023-11-09T23:00:00Z,2023-11-10T23:00:00Z,daily,16.2,pm25,µg/m³
36162,2023-11-10T23:00:00Z,2023-11-11T23:00:00Z,daily,26.0,pm25,µg/m³
36162,2023-11-11T23:00:00Z,2023-11-12T23:00:00Z,daily,21.1,pm25,µg/m³
36162,2023-11-12T23:00:00Z,2023-11-13T23:00:00Z,daily,16.8,pm25,µg/m³
36162,2023-11-13T23:00:00Z,2023-11-14T23:00:00Z,daily,13.8,pm25,µg/m³
36162,2023-11-14T23:00:00Z,2023-11-15T23:00:00Z,daily,10.5,pm25,µg/m³
36162,2023-11-15T23:00:00Z,2023-11-16T23:00:00Z,daily,20.3,pm25,µg/m³
36162,2023-11-16T23:00:00Z,2023-11-17T23:00:00Z,daily,13.2,pm25,µg/m³
36162,2023-11-17T23:00:00Z,2023-11-18T23:00:00Z,daily,12.1,pm25,µg/m³
36162,2023-11-18T23:00:00Z,2023-11-19T23:00:00Z,daily,22.2,pm25,µg/m³
36162,2023-11-19T23:00:00Z,2023-11-20T23:00:00Z,daily,11.5,pm25,µg/m³
36162,2023-11-20T23:00:00Z,2023-11-21T23:00:00Z,daily,18.3,pm25,µg/m³
36162,2023-11-21T23:00:00Z,2023-11-22T23:00:00Z,daily,14.6,pm25,µg/m³
36162,2023-11-22T23:00:00Z,2023-11-23T23:00:00Z,daily,18.7,pm25,µg/m³
36162,2023-11-23T23:00:00Z,2023-11-24T23:00:00Z,daily,6.03,pm25,µg/m³
36162,2023-11-24T23:00:00Z,2023-11-25T23:00:00Z,daily,7.6,pm25,µg/m³
36162,2023-11-25T23:00:00Z,2023-11-26T23:00:00Z,daily,9.14,pm25,µg/m³
36162,2023-11-26T23:00:00Z,2023-11-27T23:00:00Z,daily,20.0,pm25,µg/m³
36162,2023-11-27T23:00:00Z,2023-11-28T23:00:00Z,daily,34.2,pm25,µg/m³
36162,2023-11-28T23:00:00Z,2023-11-29T23:00:00Z,daily,31.1,pm25,µg/m³
36162,2023-11-29T23:00:00Z,2023-11-30T23:00:00Z,daily,39.8,pm25,µg/m³
36162,2023-11-30T23:00:00Z,2023-12-01T23:00:00Z,daily,46.7,pm25,µg/m³
36162,2023-12-01T23:00:00Z,2023-12-02T23:00:00Z,daily,48.7,pm25,µg/m³
36162,2023-12-02T23:00:00Z,2023-12-03T23:00:00Z,daily,27.0,pm25,µg/m³
36162,2023-12-03T23:00:00Z,2023-12-04T23:00:00Z,daily,23.7,pm25,µg/m³
36162,2023-12-04T23:00:00Z,2023-12-05T23:00:00Z,daily,41.4,pm25,µg/m³
36162,2023-12-05T23:00:00Z,2023-12-06T23:00:00Z,daily,36.1,pm25,µg/m³
36162,2023-12-06T23:00:00Z,2023-12-07T23:00:00Z,daily,28.7,pm25,µg/m³
36162,2023-12-07T23:00:00Z,2023-12-08T23:00:00Z,daily,29.5,pm25,µg/m³
36162,2023-12-08T23:00:00Z,2023-12-09T23:00:00Z,daily,40.2,pm25,µg/m³
36162,2023-12-09T23:00:00Z,2023-12-10T23:00:00Z,daily,32.8,pm25,µg/m³
36162,2023-12-10T23:00:00Z,2023-12-11T23:00:00Z,daily,21.6,pm25,µg/m³
36162,2023-12-11T23:00:00Z,2023-12-12T23:00:00Z,daily,21.8,pm25,µg/m³
36162,2023-12-13T23:00:00Z,2023-12-14T23:00:00Z,daily,23.4,pm25,µg/m³
36162,2023-12-14T23:00:00Z,2023-12-15T23:00:00Z,daily,16.8,pm25,µg/m³
36162,2023-12-15T23:00:00Z,2023-12-16T23:00:00Z,daily,17.8,pm25,µg/m³
36162,2023-12-16T23:00:00Z,2023-12-17T23:00:00Z,daily,16.0,pm25,µg/m³
36162,2023-12-17T23:00:00Z,2023-12-18T23:00:00Z,daily,15.0,pm25,µg/m³
36162,2023-12-18T23:00:00Z,2023-12-19T23:00:00Z,daily,14.9,pm25,µg/m³
36162,2023-12-19T23:00:00Z,2023-12-20T23:00:00Z,daily,9.77,pm25,µg/m³
36162,2023-12-20T23:00:00Z,2023-12-21T23:00:00Z,daily,7.4,pm25,µg/m³
36162,2023-12-21T23:00:00Z,2023-12-22T23:00:00Z,daily,6.6,pm25,µg/m³
36162,2023-12-22T23:00:00Z,2023-12-23T23:00:00Z,daily,6.8,pm25,µg/m³
36162,2023-12-23T23:00:00Z,2023-12-24T23:00:00Z,daily,7.65,pm25,µg/m³
36162,2023-12-24T23:00:00Z,2023-12-25T23:00:00Z,daily,4.03,pm25,µg/m³
36162,2023-12-25T23:00:00Z,2023-12-26T23:00:00Z,daily,6.01,pm25,µg/m³
36162,2023-12-26T23:00:00Z,2023-12-27T23:00:00Z,daily,10.7,pm25,µg/m³
36162,2023-12-27T23:00:00Z,2023-12-28T23:00:00Z,daily,19.3,pm25,µg/m³
36162,2023-12-28T23:00:00Z,2023-12-29T23:00:00Z,daily,14.9,pm25,µg/m³
36162,2023-12-29T23:00:00Z,2023-12-30T23:00:00Z,daily,5.42,pm25,µg/m³
36163,2022-12-31T23:00:00Z,2023-01-01T23:00:00Z,daily,9.75,no2,µg/m³
36163,2023-01-01T23:00:00Z,2023-01-02T23:00:00Z,daily,25.5,no2,µg/m³
36163,2023-01-02T23:00:00Z,2023-01-03T23:00:00Z,daily,20.3,no2,µg/m³
36163,2023-01-03T23:00:00Z,2023-01-04T23:00:00Z,daily,25.1,no2,µg/m³
36163,2023-01-04T23:00:00Z,2023-01-05T23:00:00Z,daily,12.6,no2,µg/m³
36163,2023-01-05T23:00:00Z,2023-01-06T23:00:00Z,daily,9.44,no2,µg/m³
36163,2023-01-06T23:00:00Z,2023-01-07T23:00:00Z,daily,25.3,no2,µg/m³
36163,2023-01-07T23:00:00Z,2023-01-08T23:00:00Z,daily,9.75,no2,µg/m³
36163,2023-01-08T23:00:00Z,2023-01-09T23:00:00Z,daily,21.4,no2,µg/m³
36163,2023-01-09T23:00:00Z,2023-01-10T23:00:00Z,daily,27.7,no2,µg/m³
36163,2023-01-10T23:00:00Z,2023-01-11T23:00:00Z,daily,25.0,no2,µg/m³
36163,2023-01-15T23:00:00Z,2023-01-16T23:00:00Z,daily,9.05,no2,µg/m³
36163,2023-01-16T23:00:00Z,2023-01-17T23:00:00Z,daily,27.3,no2,µg/m³
36163,2023-01-17T23:00:00Z,2023-01-18T23:00:00Z,daily,24.2,no2,µg/m³
36163,2023-01-18T23:00:00Z,2023-01-19T23:00:00Z,daily,27.8,no2,µg/m³
36163,2023-01-19T23:00:00Z,2023-01-20T23:00:00Z,daily,19.7,no2,µg/m³
36163,2023-01-20T23:00:00Z,2023-01-21T23:00:00Z,daily,12.2,no2,µg/m³
36163,2023-01-22T23:00:00Z,2023-01-23T23:00:00Z,daily,18.3,no2,µg/m³
36163,2023-01-23T23:00:00Z,2023-01-24T23:00:00Z,daily,16.8,no2,µg/m³
36163,2023-01-24T23:00:00Z,2023-01-25T23:00:00Z,daily,20.3,no2,µg/m³
36163,2023-01-25T23:00:00Z,2023-01-26T23:00:00Z,daily,24.0,no2,µg/m³
36163,2023-01-26T23:00:00Z,2023-01-27T23:00:00Z,daily,25.7,no2,µg/m³
36163,2023-01-27T23:00:00Z,2023-01-28T23:00:00Z,daily,18.8,no2,µg/m³
36163,2023-01-28T23:00:00Z,2023-01-29T23:00:00Z,daily,10.2,no2,µg/m³
36163,2023-01-29T23:00:00Z,2023-01-30T23:00:00Z,daily,15.7,no2,µg/m³
36163,2023-01-30T23:00:00Z,2023-01-31T23:00:00Z,daily,17.6,no2,µg/m³
36163,2023-01-31T23:00:00Z,2023-02-01T23:00:00Z,daily,15.1,no2,µg/m³
36163,2023-02-01T23:00:00Z,2023-02-02T23:00:00Z,daily,8.0,no2,µg/m³
36163,2023-02-13T23:00:00Z,2023-02-14T23:00:00Z,daily,19.4,no2,µg/m³
36163,2023-02-14T23:00:00Z,2023-02-15T23:00:00Z,daily,22.4,no2,µg/m³
36163,2023-02-15T23:00:00Z,2023-02-16T23:00:00Z,daily,42.2,no2,µg/m³
36163,2023-03-18T23:00:00Z,2023-03-19T23:00:00Z,daily,0.44,no2,µg/m³
36163,2023-03-19T23:00:00Z,2023-03-20T23:00:00Z,daily,0.44,no2,µg/m³
36163,2023-03-23T23:00:00Z,2023-03-24T23:00:00Z,daily,20.0,no2,µg/m³
36163,2023-03-24T23:00:00Z,2023-03-26T22:00:00Z,daily,13.5,no2,µg/m³
36163,2023-03-25T23:00:00Z,2023-03-26T22:00:00Z,daily,13.7,no2,µg/m³
36163,2023-03-26T22:00:00Z,2023-03-27T22:00:00Z,daily,20.3,no2,µg/m³
36163,2023-03-27T22:00:00Z,2023-03-28T22:00:00Z,daily,19.1,no2,µg/m³
36163,2023-03-28T22:00:00Z,2023-03-29T22:00:00Z,daily,19.0,no2,µg/m³
36163,2023-03-29T22:00:00Z,2023-03-30T22:00:00Z,daily,23.4,no2,µg/m³
36163,2023-03-30T22:00:00Z,2023-03-31T22:00:00Z,daily,16.4,no2,µg/m³
36163,2023-03-31T22:00:00Z,2023-04-01T22:00:00Z,daily,11.9,no2,µg/m³
36163,2023-04-01T22:00:00Z,2023-04-02T22:00:00Z,daily,9.88,no2,µg/m³
36163,2023-04-02T22:00:00Z,2023-04-03T22:00:00Z,daily,10.5,no2,µg/m³
36163,2023-04-03T22:00:00Z,2023-04-04T22:00:00Z,daily,16.2,no2,µg/m³
36163,2023-04-04T22:00:00Z,2023-04-05T22:00:00Z,daily,28.7,no2,µg/m³
36163,2023-04-05T22:00:00Z,2023-04-06T22:00:00Z,daily,19.2,no2,µg/m³
36163,2023-04-06T22:00:00Z,2023-04-07T22:00:00Z,daily,12.9,no2,µg/m³
36163,2023-04-07T22:00:00Z,2023-04-08T22:00:00Z,daily,9.4,no2,µg/m³
36163,2023-04-08T22:00:00Z,2023-04-09T22:00:00Z,daily,14.4,no2,µg/m³
36163,2023-04-09T22:00:00Z,2023-04-10T22:00:00Z,daily,22.8,no2,µg/m³
36163,2023-04-10T22:00:00Z,2023-04-11T22:00:00Z,daily,21.4,no2,µg/m³
36163,2023-04-11T22:00:00Z,2023-04-12T22:00:00Z,daily,21.5,no2,µg/m³
36163,2023-04-12T22:00:00Z,2023-04-13T22:00:00Z,daily,47.7,no2,µg/m³
36163,2023-04-13T22:00:00Z,2023-04-14T22:00:00Z,daily,11.0,no2,µg/m³
36163,2023-04-14T22:00:00Z,2023-04-15T22:00:00Z,daily,5.54,no2,µg/m³
36163,2023-04-15T22:00:00Z,2023-04-16T22:00:00Z,daily,7.55,no2,µg/m³
36163,2023-04-16T22:00:00Z,2023-04-17T22:00:00Z,daily,9.48,no2,µg/m³
36163,2023-04-17T22:00:00Z,2023-04-18T22:00:00Z,daily,4.6,no2,µg/m³
36163,2023-04-18T22:00:00Z,2023-04-19T22:00:00Z,daily,21.8,no2,µg/m³
36163,2023-04-19T22:00:00Z,2023-04-20T22:00:00Z,daily,22.7,no2,µg/m³
36163,2023-04-20T22:00:00Z,2023-04-21T22:00:00Z,daily,29.9,no2,µg/m³
36163,2023-04-21T22:00:00Z,2023-04-22T22:00:00Z,daily,45.8,no2,µg/m³
36163,2023-04-22T22:00:00Z,2023-04-23T22:00:00Z,daily,10.3,no2,µg/m³
36163,2023-04-23T22:00:00Z,2023-04-24T22:00:00Z,daily,15.8,no2,µg/m³
36163,2023-04-25T22:00:00Z,2023-04-26T22:00:00Z,daily,13.3,no2,µg/m³
36163,2023-04-26T22:00:00Z,2023-04-27T22:00:00Z,daily,19.4,no2,µg/m³
36163,2023-04-27T22:00:00Z,2023-04-28T22:00:00Z,daily,22.5,no2,µg/m³
36163,2023-04-28T22:00:00Z,2023-04-29T22:00:00Z,daily,10.0,no2,µg/m³
36163,2023-04-29T22:00:00Z,2023-04-30T22:00:00Z,daily,11.7,no2,µg/m³
36163,2023-04-30T22:00:00Z,2023-05-01T22:00:00Z,daily,7.64,no2,µg/m³
36163,2023-05-01T22:00:00Z,2023-05-02T22:00:00Z,daily,9.42,no2,µg/m³
36163,2023-05-02T22:00:00Z,2023-05-03T22:00:00Z,daily,12.2,no2,µg/m³
36163,2023-05-03T22:00:00Z,2023-05-04T22:00:00Z,daily,25.8,no2,µg/m³
36163,2023-05-04T22:00:00Z,2023-05-05T22:00:00Z,daily,13.8,no2,µg/m³
36163,2023-05-05T22:00:00Z,2023-05-06T22:00:00Z,daily,5.68,no2,µg/m³
36163,2023-05-06T22:00:00Z,2023-05-07T22:00:00Z,daily,4.65,no2,µg/m³
36163,2023-05-07T22:00:00Z,2023-05-08T22:00:00Z,daily,28.8,no2,µg/m³
36163,2023-05-09T22:00:00Z,2023-05-10T22:00:00Z,daily,10.3,no2,µg/m³
36163,2023-05-10T22:00:00Z,2023-05-11T22:00:00Z,daily,8.38,no2,µg/m³
36163,2023-05-11T22:00:00Z,2023-05-12T22:00:00Z,daily,15.1,no2,µg/m³
36163,2023-05-12T22:00:00Z,2023-05-13T22:00:00Z,daily,39.4,no2,µg/m³
36163,2023-05-13T22:00:00Z,2023-05-14T22:00:00Z,daily,46.1,no2,µg/m³
36163,2023-05-15T22:00:00Z,2023-05-16T22:00:00Z,daily,20.6,no2,µg/m³
36163,2023-05-16T22:00:00Z,2023-05-17T22:00:00Z,daily,24.2,no2,µg/m³
36163,2023-05-17T22:00:00Z,2023-05-18T22:00:00Z,daily,13.0,no2,µg/m³
36163,2023-05-18T22:00:00Z,2023-05-19T22:00:00Z,daily,19.9,no2,µg/m³
36163,2023-05-19T22:00:00Z,2023-05-20T22:00:00Z,daily,9.19,no2,µg/m³
36163,2023-05-20T22:00:00Z,2023-05-21T22:00:00Z,daily,14.7,no2,µg/m³
36163,2023-05-21T22:00:00Z,2023-05-22T22:00:00Z,daily,23.3,no2,µg/m³
36163,2023-05-22T22:00:00Z,2023-05-23T22:00:00Z,daily,58.9,no2,µg/m³
36163,2023-05-23T22:00:00Z,2023-05-24T22:00:00Z,daily,19.9,no2,µg/m³
36163,2023-05-24T22:00:00Z,2023-05-25T22:00:00Z,daily,15.7,no2,µg/m³
36163,2023-05-25T22:00:00Z,2023-05-26T22:00:00Z,daily,10.9,no2,µg/m³
36163,2023-05-27T22:00:00Z,2023-05-28T22:00:00Z,daily,13.1,no2,µg/m³
36163,2023-05-28T22:00:00Z,2023-05-29T22:00:00Z,daily,36.1,no2,µg/m³
36163,2023-05-29T22:00:00Z,2023-05-30T22:00:00Z,daily,10.9,no2,µg/m³
36163,2023-05-30T22:00:00Z,2023-05-31T22:00:00Z,daily,28.8,no2,µg/m³
36163,2023-05-31T22:00:00Z,2023-06-01T22:00:00Z,daily,19.4,no2,µg/m³
36163,2023-06-01T22:00:00Z,2023-06-02T22:00:00Z,daily,9.73,no2,µg/m³
36163,2023-06-02T22:00:00Z,2023-06-03T22:00:00Z,daily,7.8,no2,µg/m³
36163,2023-06-03T22:00:00Z,2023-06-04T22:00:00Z,daily,17.6,no2,µg/m³
36163,2023-06-04T22:00:00Z,2023-06-05T22:00:00Z,daily,23.2,no2,µg/m³
36163,2023-06-05T22:00:00Z,2023-06-06T22:00:00Z,daily,58.5,no2,µg/m³
36163,2023-06-06T22:00:00Z,2023-06-07T22:00:00Z,daily,24.1,no2,µg/m³
36163,2023-06-07T22:00:00Z,2023-06-08T22:00:00Z,daily,7.47,no2,µg/m³
36163,2023-06-08T22:00:00Z,2023-06-09T22:00:00Z,daily,12.5,no2,µg/m³
36163,2023-06-09T22:00:00Z,2023-06-10T22:00:00Z,daily,4.29,no2,µg/m³
36163,2023-06-10T22:00:00Z,2023-06-11T22:00:00Z,daily,3.3,no2,µg/m³
36163,2023-06-11T22:00:00Z,2023-06-12T22:00:00Z,daily,5.61,no2,µg/m³
36163,2023-06-12T22:00:00Z,2023-06-13T22:00:00Z,daily,9.97,no2,µg/m³
36163,2023-06-13T22:00:00Z,2023-06-14T22:00:00Z,daily,14.1,no2,µg/m³
36163,2023-06-14T22:00:00Z,2023-06-15T22:00:00Z,daily,26.5,no2,µg/m³
36163,2023-06-15T22:00:00Z,2023-06-16T22:00:00Z,daily,59.7,no2,µg/m³
36163,2023-06-16T22:00:00Z,2023-06-17T22:00:00Z,daily,14.7,no2,µg/m³
36163,2023-06-17T22:00:00Z,2023-06-18T22:00:00Z,daily,17.8,no2,µg/m³
36163,2023-06-18T22:00:00Z,2023-06-19T22:00:00Z,daily,32.2,no2,µg/m³
36163,2023-06-19T22:00:00Z,2023-06-20T22:00:00Z,daily,30.4,no2,µg/m³
36163,2023-06-20T22:00:00Z,2023-06-21T22:00:00Z,daily,25.2,no2,µg/m³
36163,2023-06-21T22:00:00Z,2023-06-22T22:00:00Z,daily,22.1,no2,µg/m³
36163,2023-06-23T22:00:00Z,2023-06-24T22:00:00Z,daily,15.3,no2,µg/m³
36163,2023-06-24T22:00:00Z,2023-06-25T22:00:00Z,daily,45.0,no2,µg/m³
36163,2023-06-25T22:00:00Z,2023-06-26T22:00:00Z,daily,32.3,no2,µg/m³
36163,2023-06-26T22:00:00Z,2023-06-27T22:00:00Z,daily,20.9,no2,µg/m³
36163,2023-06-27T22:00:00Z,2023-06-28T22:00:00Z,daily,10.4,no2,µg/m³
36163,2023-06-28T22:00:00Z,2023-06-29T22:00:00Z,daily,9.08,no2,µg/m³
36163,2023-06-29T22:00:00Z,2023-06-30T22:00:00Z,daily,22.2,no2,µg/m³
36163,2023-06-30T22:00:00Z,2023-07-01T22:00:00Z,daily,9.57,no2,µg/m³
36163,2023-07-01T22:00:00Z,2023-07-02T22:00:00Z,daily,9.47,no2,µg/m³
36163,2023-07-02T22:00:00Z,2023-07-03T22:00:00Z,daily,13.9,no2,µg/m³
36163,2023-07-03T22:00:00Z,2023-07-04T22:00:00Z,daily,22.4,no2,µg/m³
36163,2023-07-04T22:00:00Z,2023-07-05T22:00:00Z,daily,69.2,no2,µg/m³
36163,2023-07-05T22:00:00Z,2023-07-06T22:00:00Z,daily,27.3,no2,µg/m³
36163,2023-07-06T22:00:00Z,2023-07-07T22:00:00Z,daily,96.6,no2,µg/m³
36163,2023-07-07T22:00:00Z,2023-07-08T22:00:00Z,daily,41.0,no2,µg/m³
36163,2023-07-08T22:00:00Z,2023-07-09T22:00:00Z,daily,18.7,no2,µg/m³
36163,2023-07-09T22:00:00Z,2023-07-10T22:00:00Z,daily,28.7,no2,µg/m³
36163,2023-07-10T22:00:00Z,2023-07-11T22:00:00Z,daily,20.3,no2,µg/m³
36163,2023-07-11T22:00:00Z,2023-07-12T22:00:00Z,daily,31.7,no2,µg/m³
36163,2023-07-12T22:00:00Z,2023-07-13T22:00:00Z,daily,31.7,no2,µg/m³
36163,2023-07-16T22:00:00Z,2023-07-17T22:00:00Z,daily,19.8,no2,µg/m³
36163,2023-07-17T22:00:00Z,2023-07-18T22:00:00Z,daily,21.8,no2,µg/m³
36163,2023-07-18T22:00:00Z,2023-07-19T22:00:00Z,daily,38.8,no2,µg/m³
36163,2023-07-19T22:00:00Z,2023-07-20T22:00:00Z,daily,22.7,no2,µg/m³
36163,2023-07-20T22:00:00Z,2023-07-21T22:00:00Z,daily,39.8,no2,µg/m³
36163,2023-07-21T22:00:00Z,2023-07-22T22:00:00Z,daily,18.5,no2,µg/m³
36163,2023-07-22T22:00:00Z,2023-07-23T22:00:00Z,daily,33.9,no2,µg/m³
36163,2023-07-23T22:00:00Z,2023-07-24T22:00:00Z,daily,27.4,no2,µg/m³
36163,2023-07-24T22:00:00Z,2023-07-25T22:00:00Z,daily,12.8,no2,µg/m³
36163,2023-07-25T22:00:00Z,2023-07-26T22:00:00Z,daily,19.8,no2,µg/m³
36163,2023-07-26T22:00:00Z,2023-07-27T22:00:00Z,daily,29.7,no2,µg/m³
36163,2023-07-27T22:00:00Z,2023-07-28T22:00:00Z,daily,28.7,no2,µg/m³
36163,2023-07-28T22:00:00Z,2023-07-29T22:00:00Z,daily,14.3,no2,µg/m³
36163,2023-07-29T22:00:00Z,2023-07-30T22:00:00Z,daily,15.2,no2,µg/m³
36163,2023-07-30T22:00:00Z,2023-07-31T22:00:00Z,daily,24.4,no2,µg/m³
36163,2023-07-31T22:00:00Z,2023-08-01T22:00:00Z,daily,17.8,no2,µg/m³
36163,2023-08-01T22:00:00Z,2023-08-02T22:00:00Z,daily,19.8,no2,µg/m³
36163,2023-08-02T22:00:00Z,2023-08-03T22:00:00Z,daily,17.7,no2,µg/m³
36163,2023-08-03T22:00:00Z,2023-08-04T22:00:00Z,daily,17.5,no2,µg/m³
36163,2023-08-04T22:00:00Z,2023-08-05T22:00:00Z,daily,20.9,no2,µg/m³
36163,2023-08-05T22:00:00Z,2023-08-06T22:00:00Z,daily,4.83,no2,µg/m³
36163,2023-08-06T22:00:00Z,2023-08-07T22:00:00Z,daily,9.61,no2,µg/m³
36163,2023-08-07T22:00:00Z,2023-08-08T22:00:00Z,daily,8.31,no2,µg/m³
36163,2023-08-08T22:00:00Z,2023-08-09T22:00:00Z,daily,13.7,no2,µg/m³
36163,2023-08-09T22:00:00Z,2023-08-10T22:00:00Z,daily,22.2,no2,µg/m³
36163,2023-08-10T22:00:00Z,2023-08-11T22:00:00Z,daily,33.2,no2,µg/m³
36163,2023-08-11T22:00:00Z,2023-08-12T22:00:00Z,daily,35.4,no2,µg/m³
36163,2023-08-12T22:00:00Z,2023-08-13T22:00:00Z,daily,22.1,no2,µg/m³
36163,2023-08-13T22:00:00Z,2023-08-14T22:00:00Z,daily,25.3,no2,µg/m³
36163,2023-08-14T22:00:00Z,2023-08-15T22:00:00Z,daily,14.8,no2,µg/m³
36163,2023-08-15T22:00:00Z,2023-08-16T22:00:00Z,daily,24.4,no2,µg/m³
36163,2023-08-16T22:00:00Z,2023-08-17T22:00:00Z,daily,24.5,no2,µg/m³
36163,2023-08-17T22:00:00Z,2023-08-18T22:00:00Z,daily,14.5,no2,µg/m³
36163,2023-08-23T22:00:00Z,2023-08-24T22:00:00Z,daily,79.0,no2,µg/m³
36163,2023-08-24T22:00:00Z,2023-08-25T22:00:00Z,daily,40.0,no2,µg/m³
36163,2023-08-25T22:00:00Z,2023-08-26T22:00:00Z,daily,20.5,no2,µg/m³
36163,2023-08-26T22:00:00Z,2023-08-27T22:00:00Z,daily,30.7,no2,µg/m³
36163,2023-08-27T22:00:00Z,2023-08-28T22:00:00Z,daily,26.8,no2,µg/m³
36163,2023-08-28T22:00:00Z,2023-08-29T22:00:00Z,daily,17.5,no2,µg/m³
36163,2023-08-29T22:00:00Z,2023-08-30T22:00:00Z,daily,21.6,no2,µg/m³
36163,2023-08-30T22:00:00Z,2023-08-31T22:00:00Z,daily,17.5,no2,µg/m³
36163,2023-08-31T22:00:00Z,2023-09-01T22:00:00Z,daily,24.1,no2,µg/m³
36163,2023-09-01T22:00:00Z,2023-09-02T22:00:00Z,daily,45.2,no2,µg/m³
36163,2023-09-02T22:00:00Z,2023-09-03T22:00:00Z,daily,30.3,no2,µg/m³
36163,2023-09-03T22:00:00Z,2023-09-04T22:00:00Z,daily,32.1,no2,µg/m³
36163,2023-09-04T22:00:00Z,2023-09-05T22:00:00Z,daily,42.5,no2,µg/m³
36163,2023-09-05T22:00:00Z,2023-09-06T22:00:00Z,daily,50.0,no2,µg/m³
36163,2023-09-06T22:00:00Z,2023-09-07T22:00:00Z,daily,47.0,no2,µg/m³
36163,2023-09-07T22:00:00Z,2023-09-08T22:00:00Z,daily,50.8,no2,µg/m³
36163,2023-09-08T22:00:00Z,2023-09-09T22:00:00Z,daily,43.0,no2,µg/m³
36163,2023-09-09T22:00:00Z,2023-09-10T22:00:00Z,daily,20.4,no2,µg/m³
36163,2023-09-10T22:00:00Z,2023-09-11T22:00:00Z,daily,49.3,no2,µg/m³
36163,2023-09-11T22:00:00Z,2023-09-12T22:00:00Z,daily,70.5,no2,µg/m³
36163,2023-09-12T22:00:00Z,2023-09-13T22:00:00Z,daily,49.2,no2,µg/m³
36163,2023-09-13T22:00:00Z,2023-09-14T22:00:00Z,daily,21.6,no2,µg/m³
36163,2023-09-14T22:00:00Z,2023-09-15T22:00:00Z,daily,28.7,no2,µg/m³
36163,2023-09-15T22:00:00Z,2023-09-16T22:00:00Z,daily,14.2,no2,µg/m³
36163,2023-09-16T22:00:00Z,2023-09-17T22:00:00Z,daily,17.7,no2,µg/m³
36163,2023-09-17T22:00:00Z,2023-09-18T22:00:00Z,daily,25.1,no2,µg/m³
36163,2023-09-18T22:00:00Z,2023-09-19T22:00:00Z,daily,28.1,no2,µg/m³
36163,2023-09-19T22:00:00Z,2023-09-20T22:00:00Z,daily,54.0,no2,µg/m³
36163,2023-09-20T22:00:00Z,2023-09-21T22:00:00Z,daily,26.5,no2,µg/m³
36163,2023-09-21T22:00:00Z,2023-09-22T22:00:00Z,daily,19.5,no2,µg/m³
36163,2023-09-22T22:00:00Z,2023-09-23T22:00:00Z,daily,22.2,no2,µg/m³
36163,2023-09-23T22:00:00Z,2023-09-24T22:00:00Z,daily,27.5,no2,µg/m³
36163,2023-09-24T22:00:00Z,2023-09-25T22:00:00Z,daily,26.1,no2,µg/m³
36163,2023-09-25T22:00:00Z,2023-09-26T22:00:00Z,daily,41.7,no2,µg/m³
36163,2023-09-26T22:00:00Z,2023-09-27T22:00:00Z,daily,28.3,no2,µg/m³
36163,2023-09-27T22:00:00Z,2023-09-28T22:00:00Z,daily,22.4,no2,µg/m³
36163,2023-09-28T22:00:00Z,2023-09-29T22:00:00Z,daily,19.2,no2,µg/m³
36163,2023-09-29T22:00:00Z,2023-09-30T22:00:00Z,daily,17.1,no2,µg/m³
36163,2023-09-30T22:00:00Z,2023-10-01T22:00:00Z,daily,12.1,no2,µg/m³
36163,2023-10-01T22:00:00Z,2023-10-02T22:00:00Z,daily,29.3,no2,µg/m³
36163,2023-10-02T22:00:00Z,2023-10-03T22:00:00Z,daily,13.6,no2,µg/m³
36163,2023-10-03T22:00:00Z,2023-10-04T22:00:00Z,daily,10.1,no2,µg/m³
36163,2023-10-04T22:00:00Z,2023-10-05T22:00:00Z,daily,11.7,no2,µg/m³
36163,2023-10-05T22:00:00Z,2023-10-06T22:00:00Z,daily,13.3,no2,µg/m³
36163,2023-10-06T22:00:00Z,2023-10-07T22:00:00Z,daily,5.94,no2,µg/m³
36163,2023-10-07T22:00:00Z,2023-10-08T22:00:00Z,daily,4.21,no2,µg/m³
36163,2023-10-08T22:00:00Z,2023-10-09T22:00:00Z,daily,33.2,no2,µg/m³
36163,2023-10-09T22:00:00Z,2023-10-10T22:00:00Z,daily,25.4,no2,µg/m³
36163,2023-10-10T22:00:00Z,2023-10-11T22:00:00Z,daily,15.6,no2,µg/m³
36163,2023-10-11T22:00:00Z,2023-10-12T22:00:00Z,daily,22.0,no2,µg/m³
36163,2023-10-12T22:00:00Z,2023-10-13T22:00:00Z,daily,26.2,no2,µg/m³
36163,2023-10-13T22:00:00Z,2023-10-14T22:00:00Z,daily,12.4,no2,µg/m³
36163,2023-10-14T22:00:00Z,2023-10-15T22:00:00Z,daily,9.12,no2,µg/m³
36163,2023-10-15T22:00:00Z,2023-10-16T22:00:00Z,daily,14.8,no2,µg/m³
36163,2023-10-25T22:00:00Z,2023-10-26T22:00:00Z,daily,15.5,no2,µg/m³
36163,2023-10-26T22:00:00Z,2023-10-27T22:00:00Z,daily,19.0,no2,µg/m³
36163,2023-10-27T22:00:00Z,2023-10-28T22:00:00Z,daily,14.3,no2,µg/m³
36163,2023-10-28T22:00:00Z,2023-10-29T23:00:00Z,daily,14.5,no2,µg/m³
36163,2023-10-29T23:00:00Z,2023-10-30T23:00:00Z,daily,27.6,no2,µg/m³
36163,2023-10-30T23:00:00Z,2023-10-31T23:00:00Z,daily,16.0,no2,µg/m³
36163,2023-10-31T23:00:00Z,2023-11-01T23:00:00Z,daily,13.6,no2,µg/m³
36163,2023-11-01T23:00:00Z,2023-11-02T23:00:00Z,daily,19.0,no2,µg/m³
36163,2023-11-02T23:00:00Z,2023-11-03T23:00:00Z,daily,11.7,no2,µg/m³
36163,2023-11-03T23:00:00Z,2023-11-04T23:00:00Z,daily,15.8,no2,µg/m³
36163,2023-11-04T23:00:00Z,2023-11-05T23:00:00Z,daily,21.4,no2,µg/m³
36163,2023-11-05T23:00:00Z,2023-11-06T23:00:00Z,daily,12.2,no2,µg/m³
36163,2023-11-06T23:00:00Z,2023-11-07T23:00:00Z,daily,29.0,no2,µg/m³
36163,2023-11-07T23:00:00Z,2023-11-08T23:00:00Z,daily,34.3,no2,µg/m³
36163,2023-11-08T23:00:00Z,2023-11-09T23:00:00Z,daily,29.4,no2,µg/m³
36163,2023-11-09T23:00:00Z,2023-11-10T23:00:00Z,daily,34.7,no2,µg/m³
36163,2023-11-10T23:00:00Z,2023-11-11T23:00:00Z,daily,25.5,no2,µg/m³
36163,2023-11-11T23:00:00Z,2023-11-12T23:00:00Z,daily,18.1,no2,µg/m³
36163,2023-11-12T23:00:00Z,2023-11-13T23:00:00Z,daily,28.4,no2,µg/m³
36163,2023-11-13T23:00:00Z,2023-11-14T23:00:00Z,daily,26.0,no2,µg/m³
36163,2023-11-14T23:00:00Z,2023-11-15T23:00:00Z,daily,23.4,no2,µg/m³
36163,2023-11-15T23:00:00Z,2023-11-16T23:00:00Z,daily,39.7,no2,µg/m³
36163,2023-11-16T23:00:00Z,2023-11-17T23:00:00Z,daily,21.1,no2,µg/m³
36163,2023-11-17T23:00:00Z,2023-11-18T23:00:00Z,daily,18.7,no2,µg/m³
36163,2023-11-18T23:00:00Z,2023-11-19T23:00:00Z,daily,23.5,no2,µg/m³
36163,2023-11-19T23:00:00Z,2023-11-20T23:00:00Z,daily,24.7,no2,µg/m³
36163,2023-11-20T23:00:00Z,2023-11-21T23:00:00Z,daily,17.5,no2,µg/m³
36163,2023-11-21T23:00:00Z,2023-11-22T23:00:00Z,daily,34.3,no2,µg/m³
36163,2023-11-22T23:00:00Z,2023-11-23T23:00:00Z,daily,23.9,no2,µg/m³
36163,2023-11-23T23:00:00Z,2023-11-24T23:00:00Z,daily,22.5,no2,µg/m³
36163,2023-11-24T23:00:00Z,2023-11-25T23:00:00Z,daily,26.4,no2,µg/m³
36163,2023-11-25T23:00:00Z,2023-11-26T23:00:00Z,daily,7.21,no2,µg/m³
36163,2023-11-26T23:00:00Z,2023-11-27T23:00:00Z,daily,26.7,no2,µg/m³
36163,2023-11-27T23:00:00Z,2023-11-28T23:00:00Z,daily,43.3,no2,µg/m³
36163,2023-11-28T23:00:00Z,2023-11-29T23:00:00Z,daily,30.4,no2,µg/m³
36163,2023-11-29T23:00:00Z,2023-11-30T23:00:00Z,daily,62.6,no2,µg/m³
36163,2023-11-30T23:00:00Z,2023-12-01T23:00:00Z,daily,65.9,no2,µg/m³
36163,2023-12-01T23:00:00Z,2023-12-02T23:00:00Z,daily,45.9,no2,µg/m³
36163,2023-12-02T23:00:00Z,2023-12-03T23:00:00Z,daily,26.2,no2,µg/m³
36163,2023-12-03T23:00:00Z,2023-12-04T23:00:00Z,daily,67.9,no2,µg/m³
36163,2023-12-04T23:00:00Z,2023-12-05T23:00:00Z,daily,72.3,no2,µg/m³
36163,2023-12-05T23:00:00Z,2023-12-06T23:00:00Z,daily,30.8,no2,µg/m³
36163,2023-12-06T23:00:00Z,2023-12-07T23:00:00Z,daily,42.9,no2,µg/m³
36163,2023-12-07T23:00:00Z,2023-12-08T23:00:00Z,daily,29.5,no2,µg/m³
36163,2023-12-08T23:00:00Z,2023-12-09T23:00:00Z,daily,41.2,no2,µg/m³
36163,2023-12-09T23:00:00Z,2023-12-10T23:00:00Z,daily,34.9,no2,µg/m³
36163,2023-12-10T23:00:00Z,2023-12-11T23:00:00Z,daily,51.3,no2,µg/m³
36163,2023-12-11T23:00:00Z,2023-12-12T23:00:00Z,daily,70.4,no2,µg/m³
36163,2023-12-13T23:00:00Z,2023-12-14T23:00:00Z,daily,34.4,no2,µg/m³
36163,2023-12-14T23:00:00Z,2023-12-15T23:00:00Z,daily,28.9,no2,µg/m³
36163,2023-12-15T23:00:00Z,2023-12-16T23:00:00Z,daily,39.4,no2,µg/m³
36163,2023-12-16T23:00:00Z,2023-12-17T23:00:00Z,daily,24.5,no2,µg/m³
36163,2023-12-17T23:00:00Z,2023-12-18T23:00:00Z,daily,31.8,no2,µg/m³
36163,2023-12-18T23:00:00Z,2023-12-19T23:00:00Z,daily,62.5,no2,µg/m³
36163,2023-12-19T23:00:00Z,2023-12-20T23:00:00Z,daily,72.5,no2,µg/m³
36163,2023-12-20T23:00:00Z,2023-12-21T23:00:00Z,daily,49.1,no2,µg/m³
36163,2023-12-21T23:00:00Z,2023-12-22T23:00:00Z,daily,18.9,no2,µg/m³
36163,2023-12-22T23:00:00Z,2023-12-23T23:00:00Z,daily,4.9,no2,µg/m³
36163,2023-12-23T23:00:00Z,2023-12-24T23:00:00Z,daily,13.4,no2,µg/m³
36163,2023-12-24T23:00:00Z,2023-12-25T23:00:00Z,daily,5.33,no2,µg/m³
36163,2023-12-25T23:00:00Z,2023-12-26T23:00:00Z,daily,8.73,no2,µg/m³
36163,2023-12-26T23:00:00Z,2023-12-27T23:00:00Z,daily,20.3,no2,µg/m³
36163,2023-12-27T23:00:00Z,2023-12-28T23:00:00Z,daily,16.8,no2,µg/m³
36163,2023-12-28T23:00:00Z,2023-12-29T23:00:00Z,daily,16.5,no2,µg/m³
36163,2023-12-29T23:00:00Z,2023-12-30T23:00:00Z,daily,9.96,no2,µg/m³
36297,2022-12-31T23:00:00Z,2023-01-01T23:00:00Z,daily,43.2,o3,µg/m³
36297,2023-01-01T23:00:00Z,2023-01-02T23:00:00Z,daily,20.9,o3,µg/m³
36297,2023-01-02T23:00:00Z,2023-01-03T23:00:00Z,daily,47.2,o3,µg/m³
36297,2023-01-03T23:00:00Z,2023-01-04T23:00:00Z,daily,30.9,o3,µg/m³
36297,2023-01-04T23:00:00Z,2023-01-05T23:00:00Z,daily,43.3,o3,µg/m³
36297,2023-01-05T23:00:00Z,2023-01-06T23:00:00Z,daily,48.2,o3,µg/m³
36297,2023-01-06T23:00:00Z,2023-01-07T23:00:00Z,daily,16.2,o3,µg/m³
36297,2023-01-07T23:00:00Z,2023-01-08T23:00:00Z,daily,33.2,o3,µg/m³
36297,2023-01-08T23:00:00Z,2023-01-09T23:00:00Z,daily,16.1,o3,µg/m³
36297,2023-01-09T23:00:00Z,2023-01-10T23:00:00Z,daily,10.4,o3,µg/m³
36297,2023-01-10T23:00:00Z,2023-01-11T23:00:00Z,daily,22.2,o3,µg/m³
36297,2023-01-15T23:00:00Z,2023-01-16T23:00:00Z,daily,36.7,o3,µg/m³
36297,2023-01-16T23:00:00Z,2023-01-17T23:00:00Z,daily,20.8,o3,µg/m³
36297,2023-01-17T23:00:00Z,2023-01-18T23:00:00Z,daily,19.2,o3,µg/m³
36297,2023-01-18T23:00:00Z,2023-01-19T23:00:00Z,daily,14.7,o3,µg/m³
36297,2023-01-19T23:00:00Z,2023-01-20T23:00:00Z,daily,28.3,o3,µg/m³
36297,2023-01-20T23:00:00Z,2023-01-21T23:00:00Z,daily,31.2,o3,µg/m³
36297,2023-01-22T23:00:00Z,2023-01-23T23:00:00Z,daily,10.2,o3,µg/m³
36297,2023-01-23T23:00:00Z,2023-01-24T23:00:00Z,daily,3.45,o3,µg/m³
36297,2023-01-24T23:00:00Z,2023-01-25T23:00:00Z,daily,33.2,o3,µg/m³
36297,2023-01-25T23:00:00Z,2023-01-26T23:00:00Z,daily,27.2,o3,µg/m³
36297,2023-01-26T23:00:00Z,2023-01-27T23:00:00Z,daily,16.3,o3,µg/m³
36297,2023-01-27T23:00:00Z,2023-01-28T23:00:00Z,daily,20.1,o3,µg/m³
36297,2023-01-28T23:00:00Z,2023-01-29T23:00:00Z,daily,44.6,o3,µg/m³
36297,2023-01-29T23:00:00Z,2023-01-30T23:00:00Z,daily,41.2,o3,µg/m³
36297,2023-01-30T23:00:00Z,2023-01-31T23:00:00Z,daily,47.4,o3,µg/m³
36297,2023-01-31T23:00:00Z,2023-02-01T23:00:00Z,daily,51.1,o3,µg/m³
36297,2023-02-01T23:00:00Z,2023-02-02T23:00:00Z,daily,53.5,o3,µg/m³
36297,2023-02-13T23:00:00Z,2023-02-14T23:00:00Z,daily,44.3,o3,µg/m³
36297,2023-02-14T23:00:00Z,2023-02-15T23:00:00Z,daily,37.6,o3,µg/m³
36297,2023-02-15T23:00:00Z,2023-02-16T23:00:00Z,daily,7.1,o3,µg/m³
36297,2023-03-18T23:00:00Z,2023-03-19T23:00:00Z,daily,57.8,o3,µg/m³
36297,2023-03-19T23:00:00Z,2023-03-20T23:00:00Z,daily,41.7,o3,µg/m³
36297,2023-03-20T23:00:00Z,2023-03-21T23:00:00Z,daily,29.9,o3,µg/m³
36297,2023-03-21T23:00:00Z,2023-03-22T23:00:00Z,daily,32.0,o3,µg/m³
36297,2023-03-22T23:00:00Z,2023-03-23T23:00:00Z,daily,37.1,o3,µg/m³
36297,2023-03-23T23:00:00Z,2023-03-24T23:00:00Z,daily,48.4,o3,µg/m³
36297,2023-03-24T23:00:00Z,2023-03-26T22:00:00Z,daily,58.0,o3,µg/m³
36297,2023-03-25T23:00:00Z,2023-03-26T22:00:00Z,daily,59.7,o3,µg/m³
36297,2023-03-26T22:00:00Z,2023-03-27T22:00:00Z,daily,48.8,o3,µg/m³
36297,2023-03-27T22:00:00Z,2023-03-28T22:00:00Z,daily,53.7,o3,µg/m³
36297,2023-03-28T22:00:00Z,2023-03-29T22:00:00Z,daily,60.9,o3,µg/m³
36297,2023-03-29T22:00:00Z,2023-03-30T22:00:00Z,daily,48.5,o3,µg/m³
36297,2023-03-30T22:00:00Z,2023-03-31T22:00:00Z,daily,54.6,o3,µg/m³
36297,2023-03-31T22:00:00Z,2023-04-01T22:00:00Z,daily,51.5,o3,µg/m³
36297,2023-04-01T22:00:00Z,2023-04-02T22:00:00Z,daily,49.9,o3,µg/m³
36297,2023-04-02T22:00:00Z,2023-04-03T22:00:00Z,daily,71.4,o3,µg/m³
36297,2023-04-03T22:00:00Z,2023-04-04T22:00:00Z,daily,59.3,o3,µg/m³
36297,2023-04-04T22:00:00Z,2023-04-05T22:00:00Z,daily,44.4,o3,µg/m³
36297,2023-04-05T22:00:00Z,2023-04-06T22:00:00Z,daily,38.0,o3,µg/m³
36297,2023-04-06T22:00:00Z,2023-04-07T22:00:00Z,daily,32.7,o3,µg/m³
36297,2023-04-07T22:00:00Z,2023-04-08T22:00:00Z,daily,61.8,o3,µg/m³
36297,2023-04-08T22:00:00Z,2023-04-09T22:00:00Z,daily,55.6,o3,µg/m³
36297,2023-04-09T22:00:00Z,2023-04-10T22:00:00Z,daily,40.2,o3,µg/m³
36297,2023-04-10T22:00:00Z,2023-04-11T22:00:00Z,daily,52.5,o3,µg/m³
36297,2023-04-11T22:00:00Z,2023-04-12T22:00:00Z,daily,52.6,o3,µg/m³
36297,2023-04-12T22:00:00Z,2023-04-13T22:00:00Z,daily,5.74,o3,µg/m³
36297,2023-04-13T22:00:00Z,2023-04-14T22:00:00Z,daily,33.8,o3,µg/m³
36297,2023-04-14T22:00:00Z,2023-04-15T22:00:00Z,daily,54.2,o3,µg/m³
36297,2023-04-15T22:00:00Z,2023-04-16T22:00:00Z,daily,50.3,o3,µg/m³
36297,2023-04-16T22:00:00Z,2023-04-17T22:00:00Z,daily,41.4,o3,µg/m³
36297,2023-04-17T22:00:00Z,2023-04-18T22:00:00Z,daily,48.6,o3,µg/m³
36297,2023-04-18T22:00:00Z,2023-04-19T22:00:00Z,daily,50.4,o3,µg/m³
36297,2023-04-19T22:00:00Z,2023-04-20T22:00:00Z,daily,63.0,o3,µg/m³
36297,2023-04-20T22:00:00Z,2023-04-21T22:00:00Z,daily,63.0,o3,µg/m³
36297,2023-04-21T22:00:00Z,2023-04-22T22:00:00Z,daily,25.1,o3,µg/m³
36297,2023-04-22T22:00:00Z,2023-04-23T22:00:00Z,daily,88.4,o3,µg/m³
36297,2023-04-23T22:00:00Z,2023-04-24T22:00:00Z,daily,85.9,o3,µg/m³
36297,2023-04-25T22:00:00Z,2023-04-26T22:00:00Z,daily,61.2,o3,µg/m³
36297,2023-04-26T22:00:00Z,2023-04-27T22:00:00Z,daily,44.9,o3,µg/m³
36297,2023-04-27T22:00:00Z,2023-04-28T22:00:00Z,daily,74.3,o3,µg/m³
36297,2023-04-28T22:00:00Z,2023-04-29T22:00:00Z,daily,84.2,o3,µg/m³
36297,2023-04-29T22:00:00Z,2023-04-30T22:00:00Z,daily,71.2,o3,µg/m³
36297,2023-04-30T22:00:00Z,2023-05-01T22:00:00Z,daily,78.6,o3,µg/m³
36297,2023-05-01T22:00:00Z,2023-05-02T22:00:00Z,daily,75.3,o3,µg/m³
36297,2023-05-02T22:00:00Z,2023-05-03T22:00:00Z,daily,68.1,o3,µg/m³
36297,2023-05-03T22:00:00Z,2023-05-04T22:00:00Z,daily,56.7,o3,µg/m³
36297,2023-05-04T22:00:00Z,2023-05-05T22:00:00Z,daily,66.8,o3,µg/m³
36297,2023-05-05T22:00:00Z,2023-05-06T22:00:00Z,daily,64.9,o3,µg/m³
36297,2023-05-06T22:00:00Z,2023-05-07T22:00:00Z,daily,71.5,o3,µg/m³
36297,2023-05-07T22:00:00Z,2023-05-08T22:00:00Z,daily,13.0,o3,µg/m³
36297,2023-05-09T22:00:00Z,2023-05-10T22:00:00Z,daily,87.5,o3,µg/m³
36297,2023-05-10T22:00:00Z,2023-05-11T22:00:00Z,daily,89.0,o3,µg/m³
36297,2023-05-11T22:00:00Z,2023-05-12T22:00:00Z,daily,79.6,o3,µg/m³
36297,2023-05-12T22:00:00Z,2023-05-13T22:00:00Z,daily,28.3,o3,µg/m³
36297,2023-05-13T22:00:00Z,2023-05-14T22:00:00Z,daily,5.23,o3,µg/m³
36297,2023-05-15T22:00:00Z,2023-05-16T22:00:00Z,daily,63.0,o3,µg/m³
36297,2023-05-16T22:00:00Z,2023-05-17T22:00:00Z,daily,30.3,o3,µg/m³
36297,2023-05-17T22:00:00Z,2023-05-18T22:00:00Z,daily,45.6,o3,µg/m³
36297,2023-05-18T22:00:00Z,2023-05-19T22:00:00Z,daily,23.0,o3,µg/m³
36297,2023-05-19T22:00:00Z,2023-05-20T22:00:00Z,daily,55.8,o3,µg/m³
36297,2023-05-20T22:00:00Z,2023-05-21T22:00:00Z,daily,61.1,o3,µg/m³
36297,2023-05-21T22:00:00Z,2023-05-22T22:00:00Z,daily,47.6,o3,µg/m³
36297,2023-05-22T22:00:00Z,2023-05-23T22:00:00Z,daily,3.5,o3,µg/m³
36297,2023-05-23T22:00:00Z,2023-05-24T22:00:00Z,daily,62.5,o3,µg/m³
36297,2023-05-24T22:00:00Z,2023-05-25T22:00:00Z,daily,55.6,o3,µg/m³
36297,2023-05-25T22:00:00Z,2023-05-26T22:00:00Z,daily,77.6,o3,µg/m³
36297,2023-05-27T22:00:00Z,2023-05-28T22:00:00Z,daily,55.4,o3,µg/m³
36297,2023-05-28T22:00:00Z,2023-05-29T22:00:00Z,daily,24.5,o3,µg/m³
36297,2023-05-29T22:00:00Z,2023-05-30T22:00:00Z,daily,77.3,o3,µg/m³
36297,2023-05-30T22:00:00Z,2023-05-31T22:00:00Z,daily,77.4,o3,µg/m³
36297,2023-05-31T22:00:00Z,2023-06-01T22:00:00Z,daily,83.6,o3,µg/m³
36297,2023-06-01T22:00:00Z,2023-06-02T22:00:00Z,daily,60.9,o3,µg/m³
36297,2023-06-02T22:00:00Z,2023-06-03T22:00:00Z,daily,57.9,o3,µg/m³
36297,2023-06-03T22:00:00Z,2023-06-04T22:00:00Z,daily,57.1,o3,µg/m³
36297,2023-06-04T22:00:00Z,2023-06-05T22:00:00Z,daily,59.1,o3,µg/m³
36297,2023-06-05T22:00:00Z,2023-06-06T22:00:00Z,daily,21.0,o3,µg/m³
36297,2023-06-06T22:00:00Z,2023-06-07T22:00:00Z,daily,64.9,o3,µg/m³
36297,2023-06-07T22:00:00Z,2023-06-08T22:00:00Z,daily,73.9,o3,µg/m³
36297,2023-06-08T22:00:00Z,2023-06-09T22:00:00Z,daily,73.3,o3,µg/m³
36297,2023-06-09T22:00:00Z,2023-06-10T22:00:00Z,daily,83.8,o3,µg/m³
36297,2023-06-10T22:00:00Z,2023-06-11T22:00:00Z,daily,74.8,o3,µg/m³
36297,2023-06-11T22:00:00Z,2023-06-12T22:00:00Z,daily,78.4,o3,µg/m³
36297,2023-06-12T22:00:00Z,2023-06-13T22:00:00Z,daily,39.6,o3,µg/m³
36297,2023-06-13T22:00:00Z,2023-06-14T22:00:00Z,daily,47.7,o3,µg/m³
36297,2023-06-14T22:00:00Z,2023-06-15T22:00:00Z,daily,8.9,o3,µg/m³
36297,2023-06-15T22:00:00Z,2023-06-16T22:00:00Z,daily,0.5,o3,µg/m³
36297,2023-06-16T22:00:00Z,2023-06-17T22:00:00Z,daily,85.0,o3,µg/m³
36297,2023-06-17T22:00:00Z,2023-06-18T22:00:00Z,daily,57.9,o3,µg/m³
36297,2023-06-18T22:00:00Z,2023-06-19T22:00:00Z,daily,68.2,o3,µg/m³
36297,2023-06-19T22:00:00Z,2023-06-20T22:00:00Z,daily,119.0,o3,µg/m³
36297,2023-06-20T22:00:00Z,2023-06-21T22:00:00Z,daily,73.8,o3,µg/m³
36297,2023-06-21T22:00:00Z,2023-06-22T22:00:00Z,daily,66.1,o3,µg/m³
36297,2023-06-23T22:00:00Z,2023-06-24T22:00:00Z,daily,70.2,o3,µg/m³
36297,2023-06-24T22:00:00Z,2023-06-25T22:00:00Z,daily,28.3,o3,µg/m³
36297,2023-06-25T22:00:00Z,2023-06-26T22:00:00Z,daily,64.3,o3,µg/m³
36297,2023-06-26T22:00:00Z,2023-06-27T22:00:00Z,daily,57.7,o3,µg/m³
36297,2023-06-27T22:00:00Z,2023-06-28T22:00:00Z,daily,36.9,o3,µg/m³
36297,2023-06-28T22:00:00Z,2023-06-29T22:00:00Z,daily,90.1,o3,µg/m³
36297,2023-06-29T22:00:00Z,2023-06-30T22:00:00Z,daily,66.4,o3,µg/m³
36297,2023-06-30T22:00:00Z,2023-07-01T22:00:00Z,daily,68.4,o3,µg/m³
36297,2023-07-01T22:00:00Z,2023-07-02T22:00:00Z,daily,73.3,o3,µg/m³
36297,2023-07-02T22:00:00Z,2023-07-03T22:00:00Z,daily,82.4,o3,µg/m³
36297,2023-07-03T22:00:00Z,2023-07-04T22:00:00Z,daily,90.7,o3,µg/m³
36297,2023-07-04T22:00:00Z,2023-07-05T22:00:00Z,daily,43.1,o3,µg/m³
36297,2023-07-05T22:00:00Z,2023-07-06T22:00:00Z,daily,57.4,o3,µg/m³
36297,2023-07-06T22:00:00Z,2023-07-07T22:00:00Z,daily,6.57,o3,µg/m³
36297,2023-07-07T22:00:00Z,2023-07-08T22:00:00Z,daily,70.4,o3,µg/m³
36297,2023-07-08T22:00:00Z,2023-07-09T22:00:00Z,daily,69.4,o3,µg/m³
36297,2023-07-09T22:00:00Z,2023-07-10T22:00:00Z,daily,56.3,o3,µg/m³
36297,2023-07-10T22:00:00Z,2023-07-11T22:00:00Z,daily,75.3,o3,µg/m³
36297,2023-07-11T22:00:00Z,2023-07-12T22:00:00Z,daily,79.2,o3,µg/m³
36297,2023-07-12T22:00:00Z,2023-07-13T22:00:00Z,daily,63.4,o3,µg/m³
36297,2023-07-16T22:00:00Z,2023-07-17T22:00:00Z,daily,78.6,o3,µg/m³
36297,2023-07-17T22:00:00Z,2023-07-18T22:00:00Z,daily,55.6,o3,µg/m³
36297,2023-07-18T22:00:00Z,2023-07-19T22:00:00Z,daily,55.2,o3,µg/m³
36297,2023-07-19T22:00:00Z,2023-07-20T22:00:00Z,daily,50.3,o3,µg/m³
36297,2023-07-20T22:00:00Z,2023-07-21T22:00:00Z,daily,30.1,o3,µg/m³
36297,2023-07-21T22:00:00Z,2023-07-22T22:00:00Z,daily,60.9,o3,µg/m³
36297,2023-07-22T22:00:00Z,2023-07-23T22:00:00Z,daily,55.5,o3,µg/m³
36297,2023-07-23T22:00:00Z,2023-07-24T22:00:00Z,daily,67.3,o3,µg/m³
36297,2023-07-24T22:00:00Z,2023-07-25T22:00:00Z,daily,78.3,o3,µg/m³
36297,2023-07-25T22:00:00Z,2023-07-26T22:00:00Z,daily,48.1,o3,µg/m³
36297,2023-07-26T22:00:00Z,2023-07-27T22:00:00Z,daily,39.4,o3,µg/m³
36297,2023-07-27T22:00:00Z,2023-07-28T22:00:00Z,daily,35.6,o3,µg/m³
36297,2023-07-28T22:00:00Z,2023-07-29T22:00:00Z,daily,53.5,o3,µg/m³
36297,2023-07-29T22:00:00Z,2023-07-30T22:00:00Z,daily,54.0,o3,µg/m³
36297,2023-07-30T22:00:00Z,2023-07-31T22:00:00Z,daily,52.8,o3,µg/m³
36297,2023-07-31T22:00:00Z,2023-08-01T22:00:00Z,daily,57.8,o3,µg/m³
36297,2023-08-01T22:00:00Z,2023-08-02T22:00:00Z,daily,56.6,o3,µg/m³
36297,2023-08-02T22:00:00Z,2023-08-03T22:00:00Z,daily,56.3,o3,µg/m³
36297,2023-08-03T22:00:00Z,2023-08-04T22:00:00Z,daily,57.9,o3,µg/m³
36297,2023-08-04T22:00:00Z,2023-08-05T22:00:00Z,daily,32.9,o3,µg/m³
36297,2023-08-05T22:00:00Z,2023-08-06T22:00:00Z,daily,45.4,o3,µg/m³
36297,2023-08-06T22:00:00Z,2023-08-07T22:00:00Z,daily,67.8,o3,µg/m³
36297,2023-08-07T22:00:00Z,2023-08-08T22:00:00Z,daily,62.6,o3,µg/m³
36297,2023-08-08T22:00:00Z,2023-08-09T22:00:00Z,daily,55.2,o3,µg/m³
36297,2023-08-09T22:00:00Z,2023-08-10T22:00:00Z,daily,42.9,o3,µg/m³
36297,2023-08-10T22:00:00Z,2023-08-11T22:00:00Z,daily,46.2,o3,µg/m³
36297,2023-08-11T22:00:00Z,2023-08-12T22:00:00Z,daily,60.2,o3,µg/m³
36297,2023-08-12T22:00:00Z,2023-08-13T22:00:00Z,daily,62.3,o3,µg/m³
36297,2023-08-13T22:00:00Z,2023-08-14T22:00:00Z,daily,49.4,o3,µg/m³
36297,2023-08-14T22:00:00Z,2023-08-15T22:00:00Z,daily,71.1,o3,µg/m³
36297,2023-08-15T22:00:00Z,2023-08-16T22:00:00Z,daily,80.7,o3,µg/m³
36297,2023-08-16T22:00:00Z,2023-08-17T22:00:00Z,daily,69.0,o3,µg/m³
36297,2023-08-17T22:00:00Z,2023-08-18T22:00:00Z,daily,64.0,o3,µg/m³
36297,2023-08-23T22:00:00Z,2023-08-24T22:00:00Z,daily,19.1,o3,µg/m³
36297,2023-08-24T22:00:00Z,2023-08-25T22:00:00Z,daily,32.4,o3,µg/m³
36297,2023-08-25T22:00:00Z,2023-08-26T22:00:00Z,daily,66.2,o3,µg/m³
36297,2023-08-26T22:00:00Z,2023-08-27T22:00:00Z,daily,33.3,o3,µg/m³
36297,2023-08-27T22:00:00Z,2023-08-28T22:00:00Z,daily,39.8,o3,µg/m³
36297,2023-08-28T22:00:00Z,2023-08-29T22:00:00Z,daily,46.6,o3,µg/m³
36297,2023-08-29T22:00:00Z,2023-08-30T22:00:00Z,daily,24.7,o3,µg/m³
36297,2023-08-30T22:00:00Z,2023-08-31T22:00:00Z,daily,45.3,o3,µg/m³
36297,2023-08-31T22:00:00Z,2023-09-01T22:00:00Z,daily,55.5,o3,µg/m³
36297,2023-09-01T22:00:00Z,2023-09-02T22:00:00Z,daily,28.2,o3,µg/m³
36297,2023-09-02T22:00:00Z,2023-09-03T22:00:00Z,daily,40.6,o3,µg/m³
36297,2023-09-03T22:00:00Z,2023-09-04T22:00:00Z,daily,44.1,o3,µg/m³
36297,2023-09-04T22:00:00Z,2023-09-05T22:00:00Z,daily,40.2,o3,µg/m³
36297,2023-09-05T22:00:00Z,2023-09-06T22:00:00Z,daily,36.0,o3,µg/m³
36297,2023-09-06T22:00:00Z,2023-09-07T22:00:00Z,daily,29.3,o3,µg/m³
36297,2023-09-07T22:00:00Z,2023-09-08T22:00:00Z,daily,42.8,o3,µg/m³
36297,2023-09-08T22:00:00Z,2023-09-09T22:00:00Z,daily,44.5,o3,µg/m³
36297,2023-09-09T22:00:00Z,2023-09-10T22:00:00Z,daily,64.1,o3,µg/m³
36297,2023-09-10T22:00:00Z,2023-09-11T22:00:00Z,daily,51.6,o3,µg/m³
36297,2023-09-11T22:00:00Z,2023-09-12T22:00:00Z,daily,46.6,o3,µg/m³
36297,2023-09-12T22:00:00Z,2023-09-13T22:00:00Z,daily,67.8,o3,µg/m³
36297,2023-09-13T22:00:00Z,2023-09-14T22:00:00Z,daily,51.6,o3,µg/m³
36297,2023-09-14T22:00:00Z,2023-09-15T22:00:00Z,daily,41.2,o3,µg/m³
36297,2023-09-15T22:00:00Z,2023-09-16T22:00:00Z,daily,55.9,o3,µg/m³
36297,2023-09-16T22:00:00Z,2023-09-17T22:00:00Z,daily,56.5,o3,µg/m³
36297,2023-09-17T22:00:00Z,2023-09-18T22:00:00Z,daily,49.1,o3,µg/m³
36297,2023-09-18T22:00:00Z,2023-09-19T22:00:00Z,daily,37.1,o3,µg/m³
36297,2023-09-19T22:00:00Z,2023-09-20T22:00:00Z,daily,27.0,o3,µg/m³
36297,2023-09-20T22:00:00Z,2023-09-21T22:00:00Z,daily,46.3,o3,µg/m³
36297,2023-09-21T22:00:00Z,2023-09-22T22:00:00Z,daily,60.1,o3,µg/m³
36297,2023-09-22T22:00:00Z,2023-09-23T22:00:00Z,daily,34.6,o3,µg/m³
36297,2023-09-23T22:00:00Z,2023-09-24T22:00:00Z,daily,34.2,o3,µg/m³
36297,2023-09-24T22:00:00Z,2023-09-25T22:00:00Z,daily,44.8,o3,µg/m³
36297,2023-09-25T22:00:00Z,2023-09-26T22:00:00Z,daily,24.8,o3,µg/m³
36297,2023-09-26T22:00:00Z,2023-09-27T22:00:00Z,daily,37.2,o3,µg/m³
36297,2023-09-27T22:00:00Z,2023-09-28T22:00:00Z,daily,44.9,o3,µg/m³
36297,2023-09-28T22:00:00Z,2023-09-29T22:00:00Z,daily,54.6,o3,µg/m³
36297,2023-09-29T22:00:00Z,2023-09-30T22:00:00Z,daily,46.8,o3,µg/m³
36297,2023-09-30T22:00:00Z,2023-10-01T22:00:00Z,daily,45.7,o3,µg/m³
36297,2023-10-01T22:00:00Z,2023-10-02T22:00:00Z,daily,25.1,o3,µg/m³
36297,2023-10-02T22:00:00Z,2023-10-03T22:00:00Z,daily,54.1,o3,µg/m³
36297,2023-10-03T22:00:00Z,2023-10-04T22:00:00Z,daily,50.1,o3,µg/m³
36297,2023-10-04T22:00:00Z,2023-10-05T22:00:00Z,daily,46.5,o3,µg/m³
36297,2023-10-05T22:00:00Z,2023-10-06T22:00:00Z,daily,38.7,o3,µg/m³
36297,2023-10-06T22:00:00Z,2023-10-07T22:00:00Z,daily,52.7,o3,µg/m³
36297,2023-10-07T22:00:00Z,2023-10-08T22:00:00Z,daily,53.1,o3,µg/m³
36297,2023-10-08T22:00:00Z,2023-10-09T22:00:00Z,daily,19.5,o3,µg/m³
36297,2023-10-09T22:00:00Z,2023-10-10T22:00:00Z,daily,27.9,o3,µg/m³
36297,2023-10-10T22:00:00Z,2023-10-11T22:00:00Z,daily,26.9,o3,µg/m³
36297,2023-10-11T22:00:00Z,2023-10-12T22:00:00Z,daily,42.0,o3,µg/m³
36297,2023-10-12T22:00:00Z,2023-10-13T22:00:00Z,daily,19.2,o3,µg/m³
36297,2023-10-13T22:00:00Z,2023-10-14T22:00:00Z,daily,50.4,o3,µg/m³
36297,2023-10-14T22:00:00Z,2023-10-15T22:00:00Z,daily,46.3,o3,µg/m³
36297,2023-10-15T22:00:00Z,2023-10-16T22:00:00Z,daily,43.4,o3,µg/m³
36297,2023-10-25T22:00:00Z,2023-10-26T22:00:00Z,daily,16.0,o3,µg/m³
36297,2023-10-26T22:00:00Z,2023-10-27T22:00:00Z,daily,10.8,o3,µg/m³
36297,2023-10-27T22:00:00Z,2023-10-28T22:00:00Z,daily,9.73,o3,µg/m³
36297,2023-10-28T22:00:00Z,2023-10-29T23:00:00Z,daily,15.0,o3,µg/m³
36297,2023-10-29T23:00:00Z,2023-10-30T23:00:00Z,daily,23.2,o3,µg/m³
36297,2023-10-30T23:00:00Z,2023-10-31T23:00:00Z,daily,30.5,o3,µg/m³
36297,2023-10-31T23:00:00Z,2023-11-01T23:00:00Z,daily,43.2,o3,µg/m³
36297,2023-11-01T23:00:00Z,2023-11-02T23:00:00Z,daily,18.8,o3,µg/m³
36297,2023-11-02T23:00:00Z,2023-11-03T23:00:00Z,daily,55.3,o3,µg/m³
36297,2023-11-03T23:00:00Z,2023-11-04T23:00:00Z,daily,41.3,o3,µg/m³
36297,2023-11-04T23:00:00Z,2023-11-05T23:00:00Z,daily,21.8,o3,µg/m³
36297,2023-11-05T23:00:00Z,2023-11-06T23:00:00Z,daily,47.1,o3,µg/m³
36297,2023-11-06T23:00:00Z,2023-11-07T23:00:00Z,daily,35.7,o3,µg/m³
36297,2023-11-07T23:00:00Z,2023-11-08T23:00:00Z,daily,24.2,o3,µg/m³
36297,2023-11-08T23:00:00Z,2023-11-09T23:00:00Z,daily,20.7,o3,µg/m³
36297,2023-11-09T23:00:00Z,2023-11-10T23:00:00Z,daily,31.1,o3,µg/m³
36297,2023-11-10T23:00:00Z,2023-11-11T23:00:00Z,daily,25.0,o3,µg/m³
36297,2023-11-11T23:00:00Z,2023-11-12T23:00:00Z,daily,25.0,o3,µg/m³
36297,2023-11-12T23:00:00Z,2023-11-13T23:00:00Z,daily,25.3,o3,µg/m³
36297,2023-11-13T23:00:00Z,2023-11-14T23:00:00Z,daily,34.2,o3,µg/m³
36297,2023-11-14T23:00:00Z,2023-11-15T23:00:00Z,daily,35.2,o3,µg/m³
36297,2023-11-15T23:00:00Z,2023-11-16T23:00:00Z,daily,14.8,o3,µg/m³
36297,2023-11-16T23:00:00Z,2023-11-17T23:00:00Z,daily,22.3,o3,µg/m³
36297,2023-11-17T23:00:00Z,2023-11-18T23:00:00Z,daily,12.9,o3,µg/m³
36297,2023-11-18T23:00:00Z,2023-11-19T23:00:00Z,daily,12.3,o3,µg/m³
36297,2023-11-19T23:00:00Z,2023-11-20T23:00:00Z,daily,13.4,o3,µg/m³
36297,2023-11-20T23:00:00Z,2023-11-21T23:00:00Z,daily,26.7,o3,µg/m³
36297,2023-11-21T23:00:00Z,2023-11-22T23:00:00Z,daily,35.7,o3,µg/m³
36297,2023-11-22T23:00:00Z,2023-11-23T23:00:00Z,daily,41.3,o3,µg/m³
36297,2023-11-23T23:00:00Z,2023-11-24T23:00:00Z,daily,61.7,o3,µg/m³
36297,2023-11-24T23:00:00Z,2023-11-25T23:00:00Z,daily,41.6,o3,µg/m³
36297,2023-11-25T23:00:00Z,2023-11-26T23:00:00Z,daily,53.9,o3,µg/m³
36297,2023-11-26T23:00:00Z,2023-11-27T23:00:00Z,daily,32.3,o3,µg/m³
36297,2023-11-27T23:00:00Z,2023-11-28T23:00:00Z,daily,14.5,o3,µg/m³
36297,2023-11-28T23:00:00Z,2023-11-29T23:00:00Z,daily,28.4,o3,µg/m³
36297,2023-11-29T23:00:00Z,2023-11-30T23:00:00Z,daily,9.24,o3,µg/m³
36297,2023-11-30T23:00:00Z,2023-12-01T23:00:00Z,daily,7.01,o3,µg/m³
36297,2023-12-01T23:00:00Z,2023-12-02T23:00:00Z,daily,12.4,o3,µg/m³
36297,2023-12-02T23:00:00Z,2023-12-03T23:00:00Z,daily,23.1,o3,µg/m³
36297,2023-12-03T23:00:00Z,2023-12-04T23:00:00Z,daily,16.1,o3,µg/m³
36297,2023-12-04T23:00:00Z,2023-12-05T23:00:00Z,daily,12.6,o3,µg/m³
36297,2023-12-05T23:00:00Z,2023-12-06T23:00:00Z,daily,31.0,o3,µg/m³
36297,2023-12-06T23:00:00Z,2023-12-07T23:00:00Z,daily,20.1,o3,µg/m³
36297,2023-12-07T23:00:00Z,2023-12-08T23:00:00Z,daily,30.2,o3,µg/m³
36297,2023-12-08T23:00:00Z,2023-12-09T23:00:00Z,daily,22.8,o3,µg/m³
36297,2023-12-09T23:00:00Z,2023-12-10T23:00:00Z,daily,28.7,o3,µg/m³
36297,2023-12-10T23:00:00Z,2023-12-11T23:00:00Z,daily,28.4,o3,µg/m³
36297,2023-12-11T23:00:00Z,2023-12-12T23:00:00Z,daily,13.1,o3,µg/m³
36297,2023-12-13T23:00:00Z,2023-12-14T23:00:00Z,daily,16.7,o3,µg/m³
36297,2023-12-14T23:00:00Z,2023-12-15T23:00:00Z,daily,27.5,o3,µg/m³
36297,2023-12-15T23:00:00Z,2023-12-16T23:00:00Z,daily,26.8,o3,µg/m³
36297,2023-12-16T23:00:00Z,2023-12-17T23:00:00Z,daily,38.8,o3,µg/m³
36297,2023-12-17T23:00:00Z,2023-12-18T23:00:00Z,daily,34.8,o3,µg/m³
36297,2023-12-18T23:00:00Z,2023-12-19T23:00:00Z,daily,29.9,o3,µg/m³
36297,2023-12-19T23:00:00Z,2023-12-20T23:00:00Z,daily,24.7,o3,µg/m³
36297,2023-12-20T23:00:00Z,2023-12-21T23:00:00Z,daily,45.3,o3,µg/m³
36297,2023-12-21T23:00:00Z,2023-12-22T23:00:00Z,daily,69.0,o3,µg/m³
36297,2023-12-22T23:00:00Z,2023-12-23T23:00:00Z,daily,69.4,o3,µg/m³
36297,2023-12-23T23:00:00Z,2023-12-24T23:00:00Z,daily,52.2,o3,µg/m³
36297,2023-12-24T23:00:00Z,2023-12-25T23:00:00Z,daily,66.3,o3,µg/m³
36297,2023-12-25T23:00:00Z,2023-12-26T23:00:00Z,daily,55.5,o3,µg/m³
36297,2023-12-26T23:00:00Z,2023-12-27T23:00:00Z,daily,43.9,o3,µg/m³
36297,2023-12-27T23:00:00Z,2023-12-28T23:00:00Z,daily,33.2,o3,µg/m³
36297,2023-12-28T23:00:00Z,2023-12-29T23:00:00Z,daily,39.7,o3,µg/m³
36297,2023-12-29T23:00:00Z,2023-12-30T23:00:00Z,daily,58.8,o3,µg/m³
36300,2022-12-31T23:00:00Z,2023-01-01T23:00:00Z,daily,7.11,no2,µg/m³
36300,2023-01-01T23:00:00Z,2023-01-02T23:00:00Z,daily,20.0,no2,µg/m³
36300,2023-01-02T23:00:00Z,2023-01-03T23:00:00Z,daily,20.8,no2,µg/m³
36300,2023-01-03T23:00:00Z,2023-01-04T23:00:00Z,daily,20.5,no2,µg/m³
36300,2023-01-04T23:00:00Z,2023-01-05T23:00:00Z,daily,9.8,no2,µg/m³
36300,2023-01-05T23:00:00Z,2023-01-06T23:00:00Z,daily,6.28,no2,µg/m³
36300,2023-01-06T23:00:00Z,2023-01-07T23:00:00Z,daily,19.6,no2,µg/m³
36300,2023-01-07T23:00:00Z,2023-01-08T23:00:00Z,daily,7.46,no2,µg/m³
36300,2023-01-08T23:00:00Z,2023-01-09T23:00:00Z,daily,16.8,no2,µg/m³
36300,2023-01-09T23:00:00Z,2023-01-10T23:00:00Z,daily,26.7,no2,µg/m³
36300,2023-01-10T23:00:00Z,2023-01-11T23:00:00Z,daily,17.1,no2,µg/m³
36300,2023-01-15T23:00:00Z,2023-01-16T23:00:00Z,daily,8.25,no2,µg/m³
36300,2023-01-16T23:00:00Z,2023-01-17T23:00:00Z,daily,21.1,no2,µg/m³
36300,2023-01-17T23:00:00Z,2023-01-18T23:00:00Z,daily,21.7,no2,µg/m³
36300,2023-01-18T23:00:00Z,2023-01-19T23:00:00Z,daily,25.2,no2,µg/m³
36300,2023-01-19T23:00:00Z,2023-01-20T23:00:00Z,daily,21.0,no2,µg/m³
36300,2023-01-20T23:00:00Z,2023-01-21T23:00:00Z,daily,10.5,no2,µg/m³
36300,2023-01-21T23:00:00Z,2023-01-22T23:00:00Z,daily,10.2,no2,µg/m³
36300,2023-01-22T23:00:00Z,2023-01-23T23:00:00Z,daily,18.7,no2,µg/m³
36300,2023-01-23T23:00:00Z,2023-01-24T23:00:00Z,daily,17.8,no2,µg/m³
36300,2023-01-24T23:00:00Z,2023-01-25T23:00:00Z,daily,18.1,no2,µg/m³
36300,2023-01-25T23:00:00Z,2023-01-26T23:00:00Z,daily,16.5,no2,µg/m³
36300,2023-01-26T23:00:00Z,2023-01-27T23:00:00Z,daily,21.9,no2,µg/m³
36300,2023-01-27T23:00:00Z,2023-01-28T23:00:00Z,daily,15.6,no2,µg/m³
36300,2023-01-28T23:00:00Z,2023-01-29T23:00:00Z,daily,8.77,no2,µg/m³
36300,2023-01-29T23:00:00Z,2023-01-30T23:00:00Z,daily,13.4,no2,µg/m³
36300,2023-01-30T23:00:00Z,2023-01-31T23:00:00Z,daily,13.7,no2,µg/m³
36300,2023-01-31T23:00:00Z,2023-02-01T23:00:00Z,daily,9.54,no2,µg/m³
36300,2023-02-01T23:00:00Z,2023-02-02T23:00:00Z,daily,6.2,no2,µg/m³
36300,2023-02-13T23:00:00Z,2023-02-14T23:00:00Z,daily,19.3,no2,µg/m³
36300,2023-02-14T23:00:00Z,2023-02-15T23:00:00Z,daily,17.7,no2,µg/m³
36300,2023-02-15T23:00:00Z,2023-02-16T23:00:00Z,daily,25.6,no2,µg/m³
36300,2023-03-18T23:00:00Z,2023-03-19T23:00:00Z,daily,22.2,no2,µg/m³
36300,2023-03-19T23:00:00Z,2023-03-20T23:00:00Z,daily,37.1,no2,µg/m³
36300,2023-03-20T23:00:00Z,2023-03-21T23:00:00Z,daily,23.7,no2,µg/m³
36300,2023-03-21T23:00:00Z,2023-03-22T23:00:00Z,daily,17.2,no2,µg/m³
36300,2023-03-22T23:00:00Z,2023-03-23T23:00:00Z,daily,9.4,no2,µg/m³
36300,2023-03-23T23:00:00Z,2023-03-24T23:00:00Z,daily,14.6,no2,µg/m³
36300,2023-03-24T23:00:00Z,2023-03-26T22:00:00Z,daily,9.79,no2,µg/m³
36300,2023-03-25T23:00:00Z,2023-03-26T22:00:00Z,daily,10.4,no2,µg/m³
36300,2023-03-26T22:00:00Z,2023-03-27T22:00:00Z,daily,17.2,no2,µg/m³
36300,2023-03-27T22:00:00Z,2023-03-28T22:00:00Z,daily,19.4,no2,µg/m³
36300,2023-03-28T22:00:00Z,2023-03-29T22:00:00Z,daily,19.7,no2,µg/m³
36300,2023-03-29T22:00:00Z,2023-03-30T22:00:00Z,daily,16.9,no2,µg/m³
36300,2023-03-30T22:00:00Z,2023-03-31T22:00:00Z,daily,10.2,no2,µg/m³
36300,2023-03-31T22:00:00Z,2023-04-01T22:00:00Z,daily,9.17,no2,µg/m³
36300,2023-04-01T22:00:00Z,2023-04-02T22:00:00Z,daily,6.47,no2,µg/m³
36300,2023-04-02T22:00:00Z,2023-04-03T22:00:00Z,daily,7.53,no2,µg/m³
36300,2023-04-03T22:00:00Z,2023-04-04T22:00:00Z,daily,13.3,no2,µg/m³
36300,2023-04-04T22:00:00Z,2023-04-05T22:00:00Z,daily,38.4,no2,µg/m³
36300,2023-04-05T22:00:00Z,2023-04-06T22:00:00Z,daily,14.9,no2,µg/m³
36300,2023-04-06T22:00:00Z,2023-04-07T22:00:00Z,daily,13.4,no2,µg/m³
36300,2023-04-07T22:00:00Z,2023-04-08T22:00:00Z,daily,7.06,no2,µg/m³
36300,2023-04-08T22:00:00Z,2023-04-09T22:00:00Z,daily,11.5,no2,µg/m³
36300,2023-04-09T22:00:00Z,2023-04-10T22:00:00Z,daily,17.4,no2,µg/m³
36300,2023-04-10T22:00:00Z,2023-04-11T22:00:00Z,daily,17.8,no2,µg/m³
36300,2023-04-11T22:00:00Z,2023-04-12T22:00:00Z,daily,20.2,no2,µg/m³
36300,2023-04-12T22:00:00Z,2023-04-13T22:00:00Z,daily,49.4,no2,µg/m³
36300,2023-04-13T22:00:00Z,2023-04-14T22:00:00Z,daily,8.94,no2,µg/m³
36300,2023-04-14T22:00:00Z,2023-04-15T22:00:00Z,daily,4.89,no2,µg/m³
36300,2023-04-15T22:00:00Z,2023-04-16T22:00:00Z,daily,5.75,no2,µg/m³
36300,2023-04-16T22:00:00Z,2023-04-17T22:00:00Z,daily,8.8,no2,µg/m³
36300,2023-04-17T22:00:00Z,2023-04-18T22:00:00Z,daily,2.4,no2,µg/m³
36300,2023-04-18T22:00:00Z,2023-04-19T22:00:00Z,daily,19.9,no2,µg/m³
36300,2023-04-19T22:00:00Z,2023-04-20T22:00:00Z,daily,17.3,no2,µg/m³
36300,2023-04-20T22:00:00Z,2023-04-21T22:00:00Z,daily,21.5,no2,µg/m³
36300,2023-04-21T22:00:00Z,2023-04-22T22:00:00Z,daily,37.4,no2,µg/m³
36300,2023-04-22T22:00:00Z,2023-04-23T22:00:00Z,daily,15.8,no2,µg/m³
36300,2023-04-23T22:00:00Z,2023-04-24T22:00:00Z,daily,17.5,no2,µg/m³
36300,2023-04-25T22:00:00Z,2023-04-26T22:00:00Z,daily,14.0,no2,µg/m³
36300,2023-04-26T22:00:00Z,2023-04-27T22:00:00Z,daily,21.7,no2,µg/m³
36300,2023-04-27T22:00:00Z,2023-04-28T22:00:00Z,daily,17.8,no2,µg/m³
36300,2023-04-28T22:00:00Z,2023-04-29T22:00:00Z,daily,11.0,no2,µg/m³
36300,2023-04-29T22:00:00Z,2023-04-30T22:00:00Z,daily,6.94,no2,µg/m³
36300,2023-04-30T22:00:00Z,2023-05-01T22:00:00Z,daily,7.48,no2,µg/m³
36300,2023-05-01T22:00:00Z,2023-05-02T22:00:00Z,daily,11.0,no2,µg/m³
36300,2023-05-02T22:00:00Z,2023-05-03T22:00:00Z,daily,5.65,no2,µg/m³
36300,2023-05-03T22:00:00Z,2023-05-04T22:00:00Z,daily,17.2,no2,µg/m³
36300,2023-05-04T22:00:00Z,2023-05-05T22:00:00Z,daily,9.18,no2,µg/m³
36300,2023-05-05T22:00:00Z,2023-05-06T22:00:00Z,daily,8.58,no2,µg/m³
36300,2023-05-06T22:00:00Z,2023-05-07T22:00:00Z,daily,5.86,no2,µg/m³
36300,2023-05-07T22:00:00Z,2023-05-08T22:00:00Z,daily,16.8,no2,µg/m³
36300,2023-05-09T22:00:00Z,2023-05-10T22:00:00Z,daily,17.4,no2,µg/m³
36300,2023-05-10T22:00:00Z,2023-05-11T22:00:00Z,daily,14.3,no2,µg/m³
36300,2023-05-11T22:00:00Z,2023-05-12T22:00:00Z,daily,14.0,no2,µg/m³
36300,2023-05-12T22:00:00Z,2023-05-13T22:00:00Z,daily,19.4,no2,µg/m³
36300,2023-05-13T22:00:00Z,2023-05-14T22:00:00Z,daily,21.5,no2,µg/m³
36300,2023-05-15T22:00:00Z,2023-05-16T22:00:00Z,daily,9.06,no2,µg/m³
36300,2023-05-16T22:00:00Z,2023-05-17T22:00:00Z,daily,37.3,no2,µg/m³
36300,2023-05-17T22:00:00Z,2023-05-18T22:00:00Z,daily,13.6,no2,µg/m³
36300,2023-05-18T22:00:00Z,2023-05-19T22:00:00Z,daily,17.0,no2,µg/m³
36300,2023-05-19T22:00:00Z,2023-05-20T22:00:00Z,daily,10.7,no2,µg/m³
36300,2023-05-20T22:00:00Z,2023-05-21T22:00:00Z,daily,13.6,no2,µg/m³
36300,2023-05-21T22:00:00Z,2023-05-22T22:00:00Z,daily,26.1,no2,µg/m³
36300,2023-05-22T22:00:00Z,2023-05-23T22:00:00Z,daily,58.0,no2,µg/m³
36300,2023-05-23T22:00:00Z,2023-05-24T22:00:00Z,daily,26.2,no2,µg/m³
36300,2023-05-24T22:00:00Z,2023-05-25T22:00:00Z,daily,16.2,no2,µg/m³
36300,2023-05-25T22:00:00Z,2023-05-26T22:00:00Z,daily,8.05,no2,µg/m³
36300,2023-05-27T22:00:00Z,2023-05-28T22:00:00Z,daily,13.8,no2,µg/m³
36300,2023-05-28T22:00:00Z,2023-05-29T22:00:00Z,daily,36.1,no2,µg/m³
36300,2023-05-29T22:00:00Z,2023-05-30T22:00:00Z,daily,11.0,no2,µg/m³
36300,2023-05-30T22:00:00Z,2023-05-31T22:00:00Z,daily,25.0,no2,µg/m³
36300,2023-05-31T22:00:00Z,2023-06-01T22:00:00Z,daily,21.1,no2,µg/m³
36300,2023-06-01T22:00:00Z,2023-06-02T22:00:00Z,daily,10.2,no2,µg/m³
36300,2023-06-02T22:00:00Z,2023-06-03T22:00:00Z,daily,10.7,no2,µg/m³
36300,2023-06-03T22:00:00Z,2023-06-04T22:00:00Z,daily,19.0,no2,µg/m³
36300,2023-06-04T22:00:00Z,2023-06-05T22:00:00Z,daily,20.6,no2,µg/m³
36300,2023-06-05T22:00:00Z,2023-06-06T22:00:00Z,daily,61.7,no2,µg/m³
36300,2023-06-06T22:00:00Z,2023-06-07T22:00:00Z,daily,19.9,no2,µg/m³
36300,2023-06-07T22:00:00Z,2023-06-08T22:00:00Z,daily,8.85,no2,µg/m³
36300,2023-06-08T22:00:00Z,2023-06-09T22:00:00Z,daily,12.1,no2,µg/m³
36300,2023-06-09T22:00:00Z,2023-06-10T22:00:00Z,daily,7.26,no2,µg/m³
36300,2023-06-10T22:00:00Z,2023-06-11T22:00:00Z,daily,7.73,no2,µg/m³
36300,2023-06-11T22:00:00Z,2023-06-12T22:00:00Z,daily,11.6,no2,µg/m³
36300,2023-06-12T22:00:00Z,2023-06-13T22:00:00Z,daily,10.9,no2,µg/m³
36300,2023-06-13T22:00:00Z,2023-06-14T22:00:00Z,daily,15.0,no2,µg/m³
36300,2023-06-14T22:00:00Z,2023-06-15T22:00:00Z,daily,32.0,no2,µg/m³
36300,2023-06-15T22:00:00Z,2023-06-16T22:00:00Z,daily,46.5,no2,µg/m³
36300,2023-06-16T22:00:00Z,2023-06-17T22:00:00Z,daily,11.1,no2,µg/m³
36300,2023-06-17T22:00:00Z,2023-06-18T22:00:00Z,daily,21.0,no2,µg/m³
36300,2023-06-18T22:00:00Z,2023-06-19T22:00:00Z,daily,19.0,no2,µg/m³
36300,2023-06-19T22:00:00Z,2023-06-20T22:00:00Z,daily,17.7,no2,µg/m³
36300,2023-06-20T22:00:00Z,2023-06-21T22:00:00Z,daily,15.9,no2,µg/m³
36300,2023-06-21T22:00:00Z,2023-06-22T22:00:00Z,daily,14.1,no2,µg/m³
36300,2023-06-23T22:00:00Z,2023-06-24T22:00:00Z,daily,11.0,no2,µg/m³
36300,2023-06-24T22:00:00Z,2023-06-25T22:00:00Z,daily,32.5,no2,µg/m³
36300,2023-06-25T22:00:00Z,2023-06-26T22:00:00Z,daily,28.6,no2,µg/m³
36300,2023-06-26T22:00:00Z,2023-06-27T22:00:00Z,daily,17.6,no2,µg/m³
36300,2023-06-27T22:00:00Z,2023-06-28T22:00:00Z,daily,10.2,no2,µg/m³
36300,2023-06-28T22:00:00Z,2023-06-29T22:00:00Z,daily,7.78,no2,µg/m³
36300,2023-06-29T22:00:00Z,2023-06-30T22:00:00Z,daily,13.5,no2,µg/m³
36300,2023-06-30T22:00:00Z,2023-07-01T22:00:00Z,daily,8.94,no2,µg/m³
36300,2023-07-01T22:00:00Z,2023-07-02T22:00:00Z,daily,10.7,no2,µg/m³
36300,2023-07-02T22:00:00Z,2023-07-03T22:00:00Z,daily,13.9,no2,µg/m³
36300,2023-07-03T22:00:00Z,2023-07-04T22:00:00Z,daily,20.0,no2,µg/m³
36300,2023-07-04T22:00:00Z,2023-07-05T22:00:00Z,daily,86.7,no2,µg/m³
36300,2023-07-05T22:00:00Z,2023-07-06T22:00:00Z,daily,17.9,no2,µg/m³
36300,2023-07-06T22:00:00Z,2023-07-07T22:00:00Z,daily,58.7,no2,µg/m³
36300,2023-07-07T22:00:00Z,2023-07-08T22:00:00Z,daily,29.4,no2,µg/m³
36300,2023-07-08T22:00:00Z,2023-07-09T22:00:00Z,daily,11.6,no2,µg/m³
36300,2023-07-09T22:00:00Z,2023-07-10T22:00:00Z,daily,22.4,no2,µg/m³
36300,2023-07-10T22:00:00Z,2023-07-11T22:00:00Z,daily,10.3,no2,µg/m³
36300,2023-07-11T22:00:00Z,2023-07-12T22:00:00Z,daily,13.2,no2,µg/m³
36300,2023-07-12T22:00:00Z,2023-07-13T22:00:00Z,daily,17.1,no2,µg/m³
36300,2023-07-16T22:00:00Z,2023-07-17T22:00:00Z,daily,13.0,no2,µg/m³
36300,2023-07-17T22:00:00Z,2023-07-18T22:00:00Z,daily,14.6,no2,µg/m³
36300,2023-07-18T22:00:00Z,2023-07-19T22:00:00Z,daily,24.1,no2,µg/m³
36300,2023-07-19T22:00:00Z,2023-07-20T22:00:00Z,daily,15.6,no2,µg/m³
36300,2023-07-20T22:00:00Z,2023-07-21T22:00:00Z,daily,21.0,no2,µg/m³
36300,2023-07-21T22:00:00Z,2023-07-22T22:00:00Z,daily,10.7,no2,µg/m³
36300,2023-07-22T22:00:00Z,2023-07-23T22:00:00Z,daily,15.0,no2,µg/m³
36300,2023-07-23T22:00:00Z,2023-07-24T22:00:00Z,daily,13.1,no2,µg/m³
36300,2023-07-24T22:00:00Z,2023-07-25T22:00:00Z,daily,7.4,no2,µg/m³
36300,2023-07-25T22:00:00Z,2023-07-26T22:00:00Z,daily,12.3,no2,µg/m³
36300,2023-07-26T22:00:00Z,2023-07-27T22:00:00Z,daily,15.1,no2,µg/m³
36300,2023-07-27T22:00:00Z,2023-07-28T22:00:00Z,daily,16.4,no2,µg/m³
36300,2023-07-28T22:00:00Z,2023-07-29T22:00:00Z,daily,8.46,no2,µg/m³
36300,2023-07-29T22:00:00Z,2023-07-30T22:00:00Z,daily,8.45,no2,µg/m³
36300,2023-07-30T22:00:00Z,2023-07-31T22:00:00Z,daily,12.7,no2,µg/m³
36300,2023-07-31T22:00:00Z,2023-08-01T22:00:00Z,daily,8.22,no2,µg/m³
36300,2023-08-01T22:00:00Z,2023-08-02T22:00:00Z,daily,8.03,no2,µg/m³
36300,2023-08-02T22:00:00Z,2023-08-03T22:00:00Z,daily,8.78,no2,µg/m³
36300,2023-08-03T22:00:00Z,2023-08-04T22:00:00Z,daily,10.5,no2,µg/m³
36300,2023-08-04T22:00:00Z,2023-08-05T22:00:00Z,daily,17.9,no2,µg/m³
36300,2023-08-05T22:00:00Z,2023-08-06T22:00:00Z,daily,4.11,no2,µg/m³
36300,2023-08-06T22:00:00Z,2023-08-07T22:00:00Z,daily,7.58,no2,µg/m³
36300,2023-08-07T22:00:00Z,2023-08-08T22:00:00Z,daily,6.57,no2,µg/m³
36300,2023-08-08T22:00:00Z,2023-08-09T22:00:00Z,daily,10.8,no2,µg/m³
36300,2023-08-09T22:00:00Z,2023-08-10T22:00:00Z,daily,22.2,no2,µg/m³
36300,2023-08-10T22:00:00Z,2023-08-11T22:00:00Z,daily,26.9,no2,µg/m³
36300,2023-08-11T22:00:00Z,2023-08-12T22:00:00Z,daily,25.5,no2,µg/m³
36300,2023-08-12T22:00:00Z,2023-08-13T22:00:00Z,daily,12.8,no2,µg/m³
36300,2023-08-13T22:00:00Z,2023-08-14T22:00:00Z,daily,29.7,no2,µg/m³
36300,2023-08-14T22:00:00Z,2023-08-15T22:00:00Z,daily,6.1,no2,µg/m³
36300,2023-08-15T22:00:00Z,2023-08-16T22:00:00Z,daily,11.8,no2,µg/m³
36300,2023-08-16T22:00:00Z,2023-08-17T22:00:00Z,daily,15.8,no2,µg/m³
36300,2023-08-17T22:00:00Z,2023-08-18T22:00:00Z,daily,11.6,no2,µg/m³
36300,2023-08-23T22:00:00Z,2023-08-24T22:00:00Z,daily,60.6,no2,µg/m³
36300,2023-08-24T22:00:00Z,2023-08-25T22:00:00Z,daily,29.1,no2,µg/m³
36300,2023-08-25T22:00:00Z,2023-08-26T22:00:00Z,daily,14.7,no2,µg/m³
36300,2023-08-26T22:00:00Z,2023-08-27T22:00:00Z,daily,25.9,no2,µg/m³
36300,2023-08-27T22:00:00Z,2023-08-28T22:00:00Z,daily,18.7,no2,µg/m³
36300,2023-08-28T22:00:00Z,2023-08-29T22:00:00Z,daily,11.5,no2,µg/m³
36300,2023-08-29T22:00:00Z,2023-08-30T22:00:00Z,daily,18.0,no2,µg/m³
36300,2023-08-30T22:00:00Z,2023-08-31T22:00:00Z,daily,10.1,no2,µg/m³
36300,2023-08-31T22:00:00Z,2023-09-01T22:00:00Z,daily,20.1,no2,µg/m³
36300,2023-09-01T22:00:00Z,2023-09-02T22:00:00Z,daily,31.9,no2,µg/m³
36300,2023-09-02T22:00:00Z,2023-09-03T22:00:00Z,daily,23.6,no2,µg/m³
36300,2023-09-03T22:00:00Z,2023-09-04T22:00:00Z,daily,20.5,no2,µg/m³
36300,2023-09-04T22:00:00Z,2023-09-05T22:00:00Z,daily,32.9,no2,µg/m³
36300,2023-09-05T22:00:00Z,2023-09-06T22:00:00Z,daily,35.7,no2,µg/m³
36300,2023-09-06T22:00:00Z,2023-09-07T22:00:00Z,daily,41.1,no2,µg/m³
36300,2023-09-07T22:00:00Z,2023-09-08T22:00:00Z,daily,33.0,no2,µg/m³
36300,2023-09-08T22:00:00Z,2023-09-09T22:00:00Z,daily,44.1,no2,µg/m³
36300,2023-09-09T22:00:00Z,2023-09-10T22:00:00Z,daily,9.08,no2,µg/m³
36300,2023-09-10T22:00:00Z,2023-09-11T22:00:00Z,daily,30.0,no2,µg/m³
36300,2023-09-11T22:00:00Z,2023-09-12T22:00:00Z,daily,39.5,no2,µg/m³
36300,2023-09-12T22:00:00Z,2023-09-13T22:00:00Z,daily,30.5,no2,µg/m³
36300,2023-09-13T22:00:00Z,2023-09-14T22:00:00Z,daily,10.7,no2,µg/m³
36300,2023-09-14T22:00:00Z,2023-09-15T22:00:00Z,daily,12.6,no2,µg/m³
36300,2023-09-15T22:00:00Z,2023-09-16T22:00:00Z,daily,8.44,no2,µg/m³
36300,2023-09-16T22:00:00Z,2023-09-17T22:00:00Z,daily,10.3,no2,µg/m³
36300,2023-09-17T22:00:00Z,2023-09-18T22:00:00Z,daily,13.2,no2,µg/m³
36300,2023-09-18T22:00:00Z,2023-09-19T22:00:00Z,daily,21.5,no2,µg/m³
36300,2023-09-19T22:00:00Z,2023-09-20T22:00:00Z,daily,27.5,no2,µg/m³
36300,2023-09-20T22:00:00Z,2023-09-21T22:00:00Z,daily,29.9,no2,µg/m³
36300,2023-09-21T22:00:00Z,2023-09-22T22:00:00Z,daily,10.9,no2,µg/m³
36300,2023-09-22T22:00:00Z,2023-09-23T22:00:00Z,daily,16.7,no2,µg/m³
36300,2023-09-23T22:00:00Z,2023-09-24T22:00:00Z,daily,19.1,no2,µg/m³
36300,2023-09-24T22:00:00Z,2023-09-25T22:00:00Z,daily,18.5,no2,µg/m³
36300,2023-09-25T22:00:00Z,2023-09-26T22:00:00Z,daily,22.1,no2,µg/m³
36300,2023-09-26T22:00:00Z,2023-09-27T22:00:00Z,daily,18.0,no2,µg/m³
36300,2023-09-27T22:00:00Z,2023-09-28T22:00:00Z,daily,23.4,no2,µg/m³
36300,2023-09-28T22:00:00Z,2023-09-29T22:00:00Z,daily,19.5,no2,µg/m³
36300,2023-09-29T22:00:00Z,2023-09-30T22:00:00Z,daily,19.2,no2,µg/m³
36300,2023-09-30T22:00:00Z,2023-10-01T22:00:00Z,daily,18.1,no2,µg/m³
36300,2023-10-01T22:00:00Z,2023-10-02T22:00:00Z,daily,26.7,no2,µg/m³
36300,2023-10-02T22:00:00Z,2023-10-03T22:00:00Z,daily,12.8,no2,µg/m³
36300,2023-10-03T22:00:00Z,2023-10-04T22:00:00Z,daily,10.9,no2,µg/m³
36300,2023-10-04T22:00:00Z,2023-10-05T22:00:00Z,daily,14.5,no2,µg/m³
36300,2023-10-05T22:00:00Z,2023-10-06T22:00:00Z,daily,15.4,no2,µg/m³
36300,2023-10-06T22:00:00Z,2023-10-07T22:00:00Z,daily,7.22,no2,µg/m³
36300,2023-10-07T22:00:00Z,2023-10-08T22:00:00Z,daily,8.54,no2,µg/m³
36300,2023-10-08T22:00:00Z,2023-10-09T22:00:00Z,daily,36.2,no2,µg/m³
36300,2023-10-09T22:00:00Z,2023-10-10T22:00:00Z,daily,24.8,no2,µg/m³
36300,2023-10-10T22:00:00Z,2023-10-11T22:00:00Z,daily,13.8,no2,µg/m³
36300,2023-10-11T22:00:00Z,2023-10-12T22:00:00Z,daily,21.3,no2,µg/m³
36300,2023-10-12T22:00:00Z,2023-10-13T22:00:00Z,daily,22.3,no2,µg/m³
36300,2023-10-13T22:00:00Z,2023-10-14T22:00:00Z,daily,10.6,no2,µg/m³
36300,2023-10-14T22:00:00Z,2023-10-15T22:00:00Z,daily,8.85,no2,µg/m³
36300,2023-10-15T22:00:00Z,2023-10-16T22:00:00Z,daily,13.6,no2,µg/m³
36300,2023-10-25T22:00:00Z,2023-10-26T22:00:00Z,daily,13.7,no2,µg/m³
36300,2023-10-26T22:00:00Z,2023-10-27T22:00:00Z,daily,16.4,no2,µg/m³
36300,2023-10-27T22:00:00Z,2023-10-28T22:00:00Z,daily,15.2,no2,µg/m³
36300,2023-10-28T22:00:00Z,2023-10-29T23:00:00Z,daily,12.3,no2,µg/m³
36300,2023-10-29T23:00:00Z,2023-10-30T23:00:00Z,daily,18.2,no2,µg/m³
36300,2023-10-30T23:00:00Z,2023-10-31T23:00:00Z,daily,10.4,no2,µg/m³
36300,2023-10-31T23:00:00Z,2023-11-01T23:00:00Z,daily,9.48,no2,µg/m³
36300,2023-11-01T23:00:00Z,2023-11-02T23:00:00Z,daily,13.7,no2,µg/m³
36300,2023-11-02T23:00:00Z,2023-11-03T23:00:00Z,daily,7.85,no2,µg/m³
36300,2023-11-03T23:00:00Z,2023-11-04T23:00:00Z,daily,10.5,no2,µg/m³
36300,2023-11-04T23:00:00Z,2023-11-05T23:00:00Z,daily,13.5,no2,µg/m³
36300,2023-11-05T23:00:00Z,2023-11-06T23:00:00Z,daily,8.62,no2,µg/m³
36300,2023-11-06T23:00:00Z,2023-11-07T23:00:00Z,daily,23.5,no2,µg/m³
36300,2023-11-07T23:00:00Z,2023-11-08T23:00:00Z,daily,25.5,no2,µg/m³
36300,2023-11-08T23:00:00Z,2023-11-09T23:00:00Z,daily,20.7,no2,µg/m³
36300,2023-11-09T23:00:00Z,2023-11-10T23:00:00Z,daily,16.4,no2,µg/m³
36300,2023-11-10T23:00:00Z,2023-11-11T23:00:00Z,daily,20.7,no2,µg/m³
36300,2023-11-11T23:00:00Z,2023-11-12T23:00:00Z,daily,11.1,no2,µg/m³
36300,2023-11-12T23:00:00Z,2023-11-13T23:00:00Z,daily,16.7,no2,µg/m³
36300,2023-11-13T23:00:00Z,2023-11-14T23:00:00Z,daily,15.6,no2,µg/m³
36300,2023-11-14T23:00:00Z,2023-11-15T23:00:00Z,daily,15.5,no2,µg/m³
36300,2023-11-15T23:00:00Z,2023-11-16T23:00:00Z,daily,24.5,no2,µg/m³
36300,2023-11-16T23:00:00Z,2023-11-17T23:00:00Z,daily,14.8,no2,µg/m³
36300,2023-11-17T23:00:00Z,2023-11-18T23:00:00Z,daily,14.3,no2,µg/m³
36300,2023-11-18T23:00:00Z,2023-11-19T23:00:00Z,daily,13.6,no2,µg/m³
36300,2023-11-19T23:00:00Z,2023-11-20T23:00:00Z,daily,15.0,no2,µg/m³
36300,2023-11-20T23:00:00Z,2023-11-21T23:00:00Z,daily,10.6,no2,µg/m³
36300,2023-11-21T23:00:00Z,2023-11-22T23:00:00Z,daily,18.6,no2,µg/m³
36300,2023-11-22T23:00:00Z,2023-11-23T23:00:00Z,daily,14.2,no2,µg/m³
36300,2023-11-23T23:00:00Z,2023-11-24T23:00:00Z,daily,9.2,no2,µg/m³
36300,2023-11-24T23:00:00Z,2023-11-25T23:00:00Z,daily,16.7,no2,µg/m³
36300,2023-11-25T23:00:00Z,2023-11-26T23:00:00Z,daily,5.19,no2,µg/m³
36300,2023-11-26T23:00:00Z,2023-11-27T23:00:00Z,daily,15.1,no2,µg/m³
36300,2023-11-27T23:00:00Z,2023-11-28T23:00:00Z,daily,22.4,no2,µg/m³
36300,2023-11-28T23:00:00Z,2023-11-29T23:00:00Z,daily,17.9,no2,µg/m³
36300,2023-11-29T23:00:00Z,2023-11-30T23:00:00Z,daily,29.3,no2,µg/m³
36300,2023-11-30T23:00:00Z,2023-12-01T23:00:00Z,daily,37.4,no2,µg/m³
36300,2023-12-01T23:00:00Z,2023-12-02T23:00:00Z,daily,31.6,no2,µg/m³
36300,2023-12-02T23:00:00Z,2023-12-03T23:00:00Z,daily,14.1,no2,µg/m³
36300,2023-12-03T23:00:00Z,2023-12-04T23:00:00Z,daily,32.2,no2,µg/m³
36300,2023-12-04T23:00:00Z,2023-12-05T23:00:00Z,daily,31.4,no2,µg/m³
36300,2023-12-05T23:00:00Z,2023-12-06T23:00:00Z,daily,15.4,no2,µg/m³
36300,2023-12-06T23:00:00Z,2023-12-07T23:00:00Z,daily,19.9,no2,µg/m³
36300,2023-12-07T23:00:00Z,2023-12-08T23:00:00Z,daily,13.9,no2,µg/m³
36300,2023-12-08T23:00:00Z,2023-12-09T23:00:00Z,daily,15.8,no2,µg/m³
36300,2023-12-09T23:00:00Z,2023-12-10T23:00:00Z,daily,14.1,no2,µg/m³
36300,2023-12-10T23:00:00Z,2023-12-11T23:00:00Z,daily,18.2,no2,µg/m³
36300,2023-12-11T23:00:00Z,2023-12-12T23:00:00Z,daily,29.6,no2,µg/m³
36300,2023-12-13T23:00:00Z,2023-12-14T23:00:00Z,daily,16.5,no2,µg/m³
36300,2023-12-14T23:00:00Z,2023-12-15T23:00:00Z,daily,15.2,no2,µg/m³
36300,2023-12-15T23:00:00Z,2023-12-16T23:00:00Z,daily,16.6,no2,µg/m³
36300,2023-12-16T23:00:00Z,2023-12-17T23:00:00Z,daily,7.49,no2,µg/m³
36300,2023-12-17T23:00:00Z,2023-12-18T23:00:00Z,daily,9.39,no2,µg/m³
36300,2023-12-18T23:00:00Z,2023-12-19T23:00:00Z,daily,23.7,no2,µg/m³
36300,2023-12-19T23:00:00Z,2023-12-20T23:00:00Z,daily,24.2,no2,µg/m³
36300,2023-12-20T23:00:00Z,2023-12-21T23:00:00Z,daily,15.7,no2,µg/m³
36300,2023-12-21T23:00:00Z,2023-12-22T23:00:00Z,daily,6.02,no2,µg/m³
36300,2023-12-22T23:00:00Z,2023-12-23T23:00:00Z,daily,3.5,no2,µg/m³
36300,2023-12-23T23:00:00Z,2023-12-24T23:00:00Z,daily,5.8,no2,µg/m³
36300,2023-12-24T23:00:00Z,2023-12-25T23:00:00Z,daily,2.53,no2,µg/m³
36300,2023-12-25T23:00:00Z,2023-12-26T23:00:00Z,daily,4.79,no2,µg/m³
36300,2023-12-26T23:00:00Z,2023-12-27T23:00:00Z,daily,16.2,no2,µg/m³
36300,2023-12-27T23:00:00Z,2023-12-28T23:00:00Z,daily,12.0,no2,µg/m³
36300,2023-12-28T23:00:00Z,2023-12-29T23:00:00Z,daily,16.5,no2,µg/m³
386025,2022-12-31T23:00:00Z,2023-01-01T23:00:00Z,daily,40.8,o3,µg/m³
386025,2023-01-01T23:00:00Z,2023-01-02T23:00:00Z,daily,14.3,o3,µg/m³
386025,2023-01-02T23:00:00Z,2023-01-03T23:00:00Z,daily,50.7,o3,µg/m³
386025,2023-01-03T23:00:00Z,2023-01-04T23:00:00Z,daily,28.2,o3,µg/m³
386025,2023-01-04T23:00:00Z,2023-01-05T23:00:00Z,daily,46.7,o3,µg/m³
386025,2023-01-05T23:00:00Z,2023-01-06T23:00:00Z,daily,45.1,o3,µg/m³
386025,2023-01-06T23:00:00Z,2023-01-07T23:00:00Z,daily,17.8,o3,µg/m³
386025,2023-01-07T23:00:00Z,2023-01-08T23:00:00Z,daily,28.0,o3,µg/m³
386025,2023-01-08T23:00:00Z,2023-01-09T23:00:00Z,daily,11.8,o3,µg/m³
386025,2023-01-09T23:00:00Z,2023-01-10T23:00:00Z,daily,16.8,o3,µg/m³
386025,2023-01-10T23:00:00Z,2023-01-11T23:00:00Z,daily,20.9,o3,µg/m³
386025,2023-01-15T23:00:00Z,2023-01-16T23:00:00Z,daily,31.7,o3,µg/m³
386025,2023-01-16T23:00:00Z,2023-01-17T23:00:00Z,daily,17.1,o3,µg/m³
386025,2023-01-17T23:00:00Z,2023-01-18T23:00:00Z,daily,20.3,o3,µg/m³
386025,2023-01-18T23:00:00Z,2023-01-19T23:00:00Z,daily,16.5,o3,µg/m³
386025,2023-01-19T23:00:00Z,2023-01-20T23:00:00Z,daily,32.6,o3,µg/m³
386025,2023-01-20T23:00:00Z,2023-01-21T23:00:00Z,daily,32.5,o3,µg/m³
386025,2023-01-21T23:00:00Z,2023-01-22T23:00:00Z,daily,20.9,o3,µg/m³
386025,2023-01-22T23:00:00Z,2023-01-23T23:00:00Z,daily,11.0,o3,µg/m³
386025,2023-01-23T23:00:00Z,2023-01-24T23:00:00Z,daily,4.91,o3,µg/m³
386025,2023-01-24T23:00:00Z,2023-01-25T23:00:00Z,daily,39.5,o3,µg/m³
386025,2023-01-25T23:00:00Z,2023-01-26T23:00:00Z,daily,19.9,o3,µg/m³
386025,2023-01-26T23:00:00Z,2023-01-27T23:00:00Z,daily,16.1,o3,µg/m³
386025,2023-01-27T23:00:00Z,2023-01-28T23:00:00Z,daily,26.5,o3,µg/m³
386025,2023-01-28T23:00:00Z,2023-01-29T23:00:00Z,daily,45.9,o3,µg/m³
386025,2023-01-29T23:00:00Z,2023-01-30T23:00:00Z,daily,43.0,o3,µg/m³
386025,2023-01-30T23:00:00Z,2023-01-31T23:00:00Z,daily,52.6,o3,µg/m³
386025,2023-01-31T23:00:00Z,2023-02-01T23:00:00Z,daily,56.1,o3,µg/m³
386025,2023-02-01T23:00:00Z,2023-02-02T23:00:00Z,daily,54.1,o3,µg/m³
386025,2023-02-13T23:00:00Z,2023-02-14T23:00:00Z,daily,50.8,o3,µg/m³
386025,2023-02-14T23:00:00Z,2023-02-15T23:00:00Z,daily,37.9,o3,µg/m³
386025,2023-02-15T23:00:00Z,2023-02-16T23:00:00Z,daily,0.719,o3,µg/m³
386025,2023-03-18T23:00:00Z,2023-03-19T23:00:00Z,daily,52.6,o3,µg/m³
386025,2023-03-19T23:00:00Z,2023-03-20T23:00:00Z,daily,37.7,o3,µg/m³
386025,2023-03-20T23:00:00Z,2023-03-21T23:00:00Z,daily,36.7,o3,µg/m³
386025,2023-03-21T23:00:00Z,2023-03-22T23:00:00Z,daily,24.2,o3,µg/m³
386025,2023-03-22T23:00:00Z,2023-03-23T23:00:00Z,daily,27.7,o3,µg/m³
386025,2023-03-23T23:00:00Z,2023-03-24T23:00:00Z,daily,44.3,o3,µg/m³
386025,2023-03-24T23:00:00Z,2023-03-26T22:00:00Z,daily,59.4,o3,µg/m³
386025,2023-03-25T23:00:00Z,2023-03-26T22:00:00Z,daily,60.6,o3,µg/m³
386025,2023-03-26T22:00:00Z,2023-03-27T22:00:00Z,daily,56.0,o3,µg/m³
386025,2023-03-27T22:00:00Z,2023-03-28T22:00:00Z,daily,57.9,o3,µg/m³
386025,2023-03-28T22:00:00Z,2023-03-29T22:00:00Z,daily,62.0,o3,µg/m³
386025,2023-03-29T22:00:00Z,2023-03-30T22:00:00Z,daily,38.0,o3,µg/m³
386025,2023-03-30T22:00:00Z,2023-03-31T22:00:00Z,daily,53.5,o3,µg/m³
386025,2023-03-31T22:00:00Z,2023-04-01T22:00:00Z,daily,52.5,o3,µg/m³
386025,2023-04-01T22:00:00Z,2023-04-02T22:00:00Z,daily,52.1,o3,µg/m³
386025,2023-04-02T22:00:00Z,2023-04-03T22:00:00Z,daily,75.4,o3,µg/m³
386025,2023-04-03T22:00:00Z,2023-04-04T22:00:00Z,daily,66.9,o3,µg/m³
386025,2023-04-04T22:00:00Z,2023-04-05T22:00:00Z,daily,52.8,o3,µg/m³
386025,2023-04-05T22:00:00Z,2023-04-06T22:00:00Z,daily,47.1,o3,µg/m³
386025,2023-04-06T22:00:00Z,2023-04-07T22:00:00Z,daily,34.0,o3,µg/m³
386025,2023-04-07T22:00:00Z,2023-04-08T22:00:00Z,daily,58.9,o3,µg/m³
386025,2023-04-08T22:00:00Z,2023-04-09T22:00:00Z,daily,57.2,o3,µg/m³
386025,2023-04-09T22:00:00Z,2023-04-10T22:00:00Z,daily,52.7,o3,µg/m³
386025,2023-04-10T22:00:00Z,2023-04-11T22:00:00Z,daily,44.3,o3,µg/m³
386025,2023-04-11T22:00:00Z,2023-04-12T22:00:00Z,daily,61.7,o3,µg/m³
386025,2023-04-12T22:00:00Z,2023-04-13T22:00:00Z,daily,10.1,o3,µg/m³
386025,2023-04-13T22:00:00Z,2023-04-14T22:00:00Z,daily,29.0,o3,µg/m³
386025,2023-04-14T22:00:00Z,2023-04-15T22:00:00Z,daily,52.0,o3,µg/m³
386025,2023-04-15T22:00:00Z,2023-04-16T22:00:00Z,daily,51.1,o3,µg/m³
386025,2023-04-16T22:00:00Z,2023-04-17T22:00:00Z,daily,40.1,o3,µg/m³
386025,2023-04-17T22:00:00Z,2023-04-18T22:00:00Z,daily,45.7,o3,µg/m³
386025,2023-04-18T22:00:00Z,2023-04-19T22:00:00Z,daily,52.1,o3,µg/m³
386025,2023-04-19T22:00:00Z,2023-04-20T22:00:00Z,daily,69.1,o3,µg/m³
386025,2023-04-20T22:00:00Z,2023-04-21T22:00:00Z,daily,82.1,o3,µg/m³
386025,2023-04-21T22:00:00Z,2023-04-22T22:00:00Z,daily,53.2,o3,µg/m³
386025,2023-04-22T22:00:00Z,2023-04-23T22:00:00Z,daily,75.9,o3,µg/m³
386025,2023-04-23T22:00:00Z,2023-04-24T22:00:00Z,daily,69.4,o3,µg/m³
386025,2023-04-25T22:00:00Z,2023-04-26T22:00:00Z,daily,66.5,o3,µg/m³
386025,2023-04-26T22:00:00Z,2023-04-27T22:00:00Z,daily,51.5,o3,µg/m³
386025,2023-04-27T22:00:00Z,2023-04-28T22:00:00Z,daily,63.4,o3,µg/m³
386025,2023-04-28T22:00:00Z,2023-04-29T22:00:00Z,daily,78.6,o3,µg/m³
386025,2023-04-29T22:00:00Z,2023-04-30T22:00:00Z,daily,75.3,o3,µg/m³
386025,2023-04-30T22:00:00Z,2023-05-01T22:00:00Z,daily,79.2,o3,µg/m³
386025,2023-05-01T22:00:00Z,2023-05-02T22:00:00Z,daily,76.6,o3,µg/m³
386025,2023-05-02T22:00:00Z,2023-05-03T22:00:00Z,daily,73.3,o3,µg/m³
386025,2023-05-03T22:00:00Z,2023-05-04T22:00:00Z,daily,62.6,o3,µg/m³
386025,2023-05-04T22:00:00Z,2023-05-05T22:00:00Z,daily,66.0,o3,µg/m³
386025,2023-05-05T22:00:00Z,2023-05-06T22:00:00Z,daily,61.5,o3,µg/m³
386025,2023-05-06T22:00:00Z,2023-05-07T22:00:00Z,daily,70.0,o3,µg/m³
386025,2023-05-07T22:00:00Z,2023-05-08T22:00:00Z,daily,12.4,o3,µg/m³
386025,2023-05-09T22:00:00Z,2023-05-10T22:00:00Z,daily,83.5,o3,µg/m³
386025,2023-05-10T22:00:00Z,2023-05-11T22:00:00Z,daily,84.8,o3,µg/m³
386025,2023-05-11T22:00:00Z,2023-05-12T22:00:00Z,daily,78.6,o3,µg/m³
386025,2023-05-12T22:00:00Z,2023-05-13T22:00:00Z,daily,26.6,o3,µg/m³
386025,2023-05-13T22:00:00Z,2023-05-14T22:00:00Z,daily,7.24,o3,µg/m³
386025,2023-05-15T22:00:00Z,2023-05-16T22:00:00Z,daily,63.9,o3,µg/m³
386025,2023-05-16T22:00:00Z,2023-05-17T22:00:00Z,daily,42.4,o3,µg/m³
386025,2023-05-17T22:00:00Z,2023-05-18T22:00:00Z,daily,50.7,o3,µg/m³
386025,2023-05-18T22:00:00Z,2023-05-19T22:00:00Z,daily,29.1,o3,µg/m³
386025,2023-05-19T22:00:00Z,2023-05-20T22:00:00Z,daily,56.6,o3,µg/m³
386025,2023-05-20T22:00:00Z,2023-05-21T22:00:00Z,daily,62.3,o3,µg/m³
386025,2023-05-21T22:00:00Z,2023-05-22T22:00:00Z,daily,41.7,o3,µg/m³
386025,2023-05-22T22:00:00Z,2023-05-23T22:00:00Z,daily,1.04,o3,µg/m³
386025,2023-05-23T22:00:00Z,2023-05-24T22:00:00Z,daily,58.6,o3,µg/m³
386025,2023-05-24T22:00:00Z,2023-05-25T22:00:00Z,daily,60.3,o3,µg/m³
386025,2023-05-25T22:00:00Z,2023-05-26T22:00:00Z,daily,80.8,o3,µg/m³
386025,2023-05-27T22:00:00Z,2023-05-28T22:00:00Z,daily,56.5,o3,µg/m³
386025,2023-05-28T22:00:00Z,2023-05-29T22:00:00Z,daily,20.8,o3,µg/m³
386025,2023-05-29T22:00:00Z,2023-05-30T22:00:00Z,daily,84.2,o3,µg/m³
386025,2023-05-30T22:00:00Z,2023-05-31T22:00:00Z,daily,87.3,o3,µg/m³
386025,2023-05-31T22:00:00Z,2023-06-01T22:00:00Z,daily,86.8,o3,µg/m³
386025,2023-06-01T22:00:00Z,2023-06-02T22:00:00Z,daily,68.0,o3,µg/m³
386025,2023-06-02T22:00:00Z,2023-06-03T22:00:00Z,daily,58.3,o3,µg/m³
386025,2023-06-03T22:00:00Z,2023-06-04T22:00:00Z,daily,58.6,o3,µg/m³
386025,2023-06-04T22:00:00Z,2023-06-05T22:00:00Z,daily,56.5,o3,µg/m³
386025,2023-06-05T22:00:00Z,2023-06-06T22:00:00Z,daily,2.61,o3,µg/m³
386025,2023-06-06T22:00:00Z,2023-06-07T22:00:00Z,daily,66.9,o3,µg/m³
386025,2023-06-07T22:00:00Z,2023-06-08T22:00:00Z,daily,73.5,o3,µg/m³
386025,2023-06-08T22:00:00Z,2023-06-09T22:00:00Z,daily,69.9,o3,µg/m³
386025,2023-06-09T22:00:00Z,2023-06-10T22:00:00Z,daily,80.3,o3,µg/m³
386025,2023-06-10T22:00:00Z,2023-06-11T22:00:00Z,daily,72.3,o3,µg/m³
386025,2023-06-11T22:00:00Z,2023-06-12T22:00:00Z,daily,77.5,o3,µg/m³
386025,2023-06-12T22:00:00Z,2023-06-13T22:00:00Z,daily,36.8,o3,µg/m³
386025,2023-06-13T22:00:00Z,2023-06-14T22:00:00Z,daily,48.8,o3,µg/m³
386025,2023-06-14T22:00:00Z,2023-06-15T22:00:00Z,daily,21.1,o3,µg/m³
386025,2023-06-15T22:00:00Z,2023-06-16T22:00:00Z,daily,2.37,o3,µg/m³
386025,2023-06-16T22:00:00Z,2023-06-17T22:00:00Z,daily,85.2,o3,µg/m³
386025,2023-06-17T22:00:00Z,2023-06-18T22:00:00Z,daily,54.7,o3,µg/m³
386025,2023-06-18T22:00:00Z,2023-06-19T22:00:00Z,daily,74.3,o3,µg/m³
386025,2023-06-19T22:00:00Z,2023-06-20T22:00:00Z,daily,113.0,o3,µg/m³
386025,2023-06-20T22:00:00Z,2023-06-21T22:00:00Z,daily,67.4,o3,µg/m³
386025,2023-06-21T22:00:00Z,2023-06-22T22:00:00Z,daily,67.9,o3,µg/m³
386025,2023-06-23T22:00:00Z,2023-06-24T22:00:00Z,daily,72.9,o3,µg/m³
386025,2023-06-24T22:00:00Z,2023-06-25T22:00:00Z,daily,21.7,o3,µg/m³
386025,2023-06-25T22:00:00Z,2023-06-26T22:00:00Z,daily,73.0,o3,µg/m³
386025,2023-06-26T22:00:00Z,2023-06-27T22:00:00Z,daily,62.2,o3,µg/m³
386025,2023-06-27T22:00:00Z,2023-06-28T22:00:00Z,daily,40.4,o3,µg/m³
386025,2023-06-28T22:00:00Z,2023-06-29T22:00:00Z,daily,86.3,o3,µg/m³
386025,2023-06-29T22:00:00Z,2023-06-30T22:00:00Z,daily,72.9,o3,µg/m³
386025,2023-06-30T22:00:00Z,2023-07-01T22:00:00Z,daily,65.6,o3,µg/m³
386025,2023-07-01T22:00:00Z,2023-07-02T22:00:00Z,daily,71.1,o3,µg/m³
386025,2023-07-02T22:00:00Z,2023-07-03T22:00:00Z,daily,82.1,o3,µg/m³
386025,2023-07-03T22:00:00Z,2023-07-04T22:00:00Z,daily,107.0,o3,µg/m³
386025,2023-07-04T22:00:00Z,2023-07-05T22:00:00Z,daily,69.4,o3,µg/m³
386025,2023-07-05T22:00:00Z,2023-07-06T22:00:00Z,daily,57.4,o3,µg/m³
386025,2023-07-06T22:00:00Z,2023-07-07T22:00:00Z,daily,17.2,o3,µg/m³
386025,2023-07-07T22:00:00Z,2023-07-08T22:00:00Z,daily,80.8,o3,µg/m³
386025,2023-07-08T22:00:00Z,2023-07-09T22:00:00Z,daily,78.8,o3,µg/m³
386025,2023-07-09T22:00:00Z,2023-07-10T22:00:00Z,daily,62.7,o3,µg/m³
386025,2023-07-10T22:00:00Z,2023-07-11T22:00:00Z,daily,76.9,o3,µg/m³
386025,2023-07-11T22:00:00Z,2023-07-12T22:00:00Z,daily,56.0,o3,µg/m³
386025,2023-07-12T22:00:00Z,2023-07-13T22:00:00Z,daily,57.3,o3,µg/m³
386025,2023-07-16T22:00:00Z,2023-07-17T22:00:00Z,daily,77.7,o3,µg/m³
386025,2023-07-17T22:00:00Z,2023-07-18T22:00:00Z,daily,57.7,o3,µg/m³
386025,2023-07-18T22:00:00Z,2023-07-19T22:00:00Z,daily,58.5,o3,µg/m³
386025,2023-07-19T22:00:00Z,2023-07-20T22:00:00Z,daily,53.6,o3,µg/m³
386025,2023-07-20T22:00:00Z,2023-07-21T22:00:00Z,daily,34.6,o3,µg/m³
386025,2023-07-21T22:00:00Z,2023-07-22T22:00:00Z,daily,61.0,o3,µg/m³
386025,2023-07-22T22:00:00Z,2023-07-23T22:00:00Z,daily,62.0,o3,µg/m³
386025,2023-07-23T22:00:00Z,2023-07-24T22:00:00Z,daily,66.0,o3,µg/m³
386025,2023-07-24T22:00:00Z,2023-07-25T22:00:00Z,daily,75.7,o3,µg/m³
386025,2023-07-25T22:00:00Z,2023-07-26T22:00:00Z,daily,48.4,o3,µg/m³
386025,2023-07-26T22:00:00Z,2023-07-27T22:00:00Z,daily,39.4,o3,µg/m³
386025,2023-07-27T22:00:00Z,2023-07-28T22:00:00Z,daily,32.2,o3,µg/m³
386025,2023-07-28T22:00:00Z,2023-07-29T22:00:00Z,daily,22.9,o3,µg/m³
386025,2023-07-30T22:00:00Z,2023-07-31T22:00:00Z,daily,58.3,o3,µg/m³
386025,2023-07-31T22:00:00Z,2023-08-01T22:00:00Z,daily,52.2,o3,µg/m³
386025,2023-08-01T22:00:00Z,2023-08-02T22:00:00Z,daily,55.5,o3,µg/m³
386025,2023-08-02T22:00:00Z,2023-08-03T22:00:00Z,daily,53.4,o3,µg/m³
386025,2023-08-03T22:00:00Z,2023-08-04T22:00:00Z,daily,56.9,o3,µg/m³
386025,2023-08-04T22:00:00Z,2023-08-05T22:00:00Z,daily,31.7,o3,µg/m³
386025,2023-08-05T22:00:00Z,2023-08-06T22:00:00Z,daily,45.7,o3,µg/m³
386025,2023-08-06T22:00:00Z,2023-08-07T22:00:00Z,daily,66.8,o3,µg/m³
386025,2023-08-07T22:00:00Z,2023-08-08T22:00:00Z,daily,58.4,o3,µg/m³
386025,2023-08-08T22:00:00Z,2023-08-09T22:00:00Z,daily,51.7,o3,µg/m³
386025,2023-08-09T22:00:00Z,2023-08-10T22:00:00Z,daily,37.5,o3,µg/m³
386025,2023-08-10T22:00:00Z,2023-08-11T22:00:00Z,daily,52.6,o3,µg/m³
386025,2023-08-11T22:00:00Z,2023-08-12T22:00:00Z,daily,54.3,o3,µg/m³
386025,2023-08-12T22:00:00Z,2023-08-13T22:00:00Z,daily,65.9,o3,µg/m³
386025,2023-08-13T22:00:00Z,2023-08-14T22:00:00Z,daily,46.1,o3,µg/m³
386025,2023-08-14T22:00:00Z,2023-08-15T22:00:00Z,daily,65.8,o3,µg/m³
386025,2023-08-15T22:00:00Z,2023-08-16T22:00:00Z,daily,78.0,o3,µg/m³
386025,2023-08-16T22:00:00Z,2023-08-17T22:00:00Z,daily,67.7,o3,µg/m³
386025,2023-08-17T22:00:00Z,2023-08-18T22:00:00Z,daily,63.6,o3,µg/m³
386025,2023-08-23T22:00:00Z,2023-08-24T22:00:00Z,daily,29.4,o3,µg/m³
386025,2023-08-24T22:00:00Z,2023-08-25T22:00:00Z,daily,24.0,o3,µg/m³
386025,2023-08-25T22:00:00Z,2023-08-26T22:00:00Z,daily,66.9,o3,µg/m³
386025,2023-08-26T22:00:00Z,2023-08-27T22:00:00Z,daily,36.5,o3,µg/m³
386025,2023-08-27T22:00:00Z,2023-08-28T22:00:00Z,daily,38.9,o3,µg/m³
386025,2023-08-28T22:00:00Z,2023-08-29T22:00:00Z,daily,45.2,o3,µg/m³
386025,2023-08-29T22:00:00Z,2023-08-30T22:00:00Z,daily,27.8,o3,µg/m³
386025,2023-08-30T22:00:00Z,2023-08-31T22:00:00Z,daily,44.1,o3,µg/m³
386025,2023-08-31T22:00:00Z,2023-09-01T22:00:00Z,daily,49.1,o3,µg/m³
386025,2023-09-01T22:00:00Z,2023-09-02T22:00:00Z,daily,30.4,o3,µg/m³
386025,2023-09-02T22:00:00Z,2023-09-03T22:00:00Z,daily,49.8,o3,µg/m³
386025,2023-09-03T22:00:00Z,2023-09-04T22:00:00Z,daily,45.8,o3,µg/m³
386025,2023-09-04T22:00:00Z,2023-09-05T22:00:00Z,daily,40.5,o3,µg/m³
386025,2023-09-05T22:00:00Z,2023-09-06T22:00:00Z,daily,42.9,o3,µg/m³
386025,2023-09-06T22:00:00Z,2023-09-07T22:00:00Z,daily,24.3,o3,µg/m³
386025,2023-09-07T22:00:00Z,2023-09-08T22:00:00Z,daily,39.2,o3,µg/m³
386025,2023-09-08T22:00:00Z,2023-09-09T22:00:00Z,daily,42.3,o3,µg/m³
386025,2023-09-09T22:00:00Z,2023-09-10T22:00:00Z,daily,52.1,o3,µg/m³
386025,2023-09-10T22:00:00Z,2023-09-11T22:00:00Z,daily,44.7,o3,µg/m³
386025,2023-09-11T22:00:00Z,2023-09-12T22:00:00Z,daily,43.9,o3,µg/m³
386025,2023-09-12T22:00:00Z,2023-09-13T22:00:00Z,daily,56.9,o3,µg/m³
386025,2023-09-13T22:00:00Z,2023-09-14T22:00:00Z,daily,51.3,o3,µg/m³
386025,2023-09-14T22:00:00Z,2023-09-15T22:00:00Z,daily,39.1,o3,µg/m³
386025,2023-09-15T22:00:00Z,2023-09-16T22:00:00Z,daily,45.3,o3,µg/m³
386025,2023-09-16T22:00:00Z,2023-09-17T22:00:00Z,daily,46.5,o3,µg/m³
386025,2023-09-17T22:00:00Z,2023-09-18T22:00:00Z,daily,33.3,o3,µg/m³
386025,2023-09-18T22:00:00Z,2023-09-19T22:00:00Z,daily,38.1,o3,µg/m³
386025,2023-09-19T22:00:00Z,2023-09-20T22:00:00Z,daily,22.9,o3,µg/m³
386025,2023-09-20T22:00:00Z,2023-09-21T22:00:00Z,daily,31.1,o3,µg/m³
386025,2023-09-21T22:00:00Z,2023-09-22T22:00:00Z,daily,50.0,o3,µg/m³
386025,2023-09-22T22:00:00Z,2023-09-23T22:00:00Z,daily,31.9,o3,µg/m³
386025,2023-09-23T22:00:00Z,2023-09-24T22:00:00Z,daily,35.8,o3,µg/m³
386025,2023-09-24T22:00:00Z,2023-09-25T22:00:00Z,daily,36.9,o3,µg/m³
386025,2023-09-25T22:00:00Z,2023-09-26T22:00:00Z,daily,12.9,o3,µg/m³
386025,2023-09-26T22:00:00Z,2023-09-27T22:00:00Z,daily,24.0,o3,µg/m³
386025,2023-09-27T22:00:00Z,2023-09-28T22:00:00Z,daily,33.5,o3,µg/m³
386025,2023-09-28T22:00:00Z,2023-09-29T22:00:00Z,daily,35.2,o3,µg/m³
386025,2023-09-29T22:00:00Z,2023-09-30T22:00:00Z,daily,46.7,o3,µg/m³
386025,2023-09-30T22:00:00Z,2023-10-01T22:00:00Z,daily,45.2,o3,µg/m³
386025,2023-10-01T22:00:00Z,2023-10-02T22:00:00Z,daily,27.1,o3,µg/m³
386025,2023-10-02T22:00:00Z,2023-10-03T22:00:00Z,daily,41.7,o3,µg/m³
386025,2023-10-03T22:00:00Z,2023-10-04T22:00:00Z,daily,46.2,o3,µg/m³
386025,2023-10-04T22:00:00Z,2023-10-05T22:00:00Z,daily,41.1,o3,µg/m³
386025,2023-10-05T22:00:00Z,2023-10-06T22:00:00Z,daily,36.3,o3,µg/m³
386025,2023-10-06T22:00:00Z,2023-10-07T22:00:00Z,daily,63.6,o3,µg/m³
386025,2023-10-07T22:00:00Z,2023-10-08T22:00:00Z,daily,46.4,o3,µg/m³
386025,2023-10-08T22:00:00Z,2023-10-09T22:00:00Z,daily,16.9,o3,µg/m³
386025,2023-10-09T22:00:00Z,2023-10-10T22:00:00Z,daily,23.9,o3,µg/m³
386025,2023-10-10T22:00:00Z,2023-10-11T22:00:00Z,daily,10.1,o3,µg/m³
386025,2023-10-11T22:00:00Z,2023-10-12T22:00:00Z,daily,41.9,o3,µg/m³
386025,2023-10-12T22:00:00Z,2023-10-13T22:00:00Z,daily,17.4,o3,µg/m³
386025,2023-10-13T22:00:00Z,2023-10-14T22:00:00Z,daily,45.3,o3,µg/m³
386025,2023-10-14T22:00:00Z,2023-10-15T22:00:00Z,daily,41.7,o3,µg/m³
386025,2023-10-15T22:00:00Z,2023-10-16T22:00:00Z,daily,44.1,o3,µg/m³
386025,2023-10-28T22:00:00Z,2023-10-29T23:00:00Z,daily,1.07,o3,µg/m³
386025,2023-11-10T23:00:00Z,2023-11-11T23:00:00Z,daily,17.6,o3,µg/m³
